deck_url,deck_name,placing,card_code,card_name,qty
https://onepiece.limitlesstcg.com/decks/list/6697,Green/Blue Luffyby Gabi313,1,OP16-022,Monkey.D.Luffy,1
https://onepiece.limitlesstcg.com/decks/list/6697,Green/Blue Luffyby Gabi313,1,OP16-034,Monkey.D.Luffy,4
https://onepiece.limitlesstcg.com/decks/list/6697,Green/Blue Luffyby Gabi313,1,OP16-054,Mr.1(Daz.Bonez),4
https://onepiece.limitlesstcg.com/decks/list/6697,Green/Blue Luffyby Gabi313,1,OP16-055,Mr.2.Bon.Kurei(Bentham),4
https://onepiece.limitlesstcg.com/decks/list/6697,Green/Blue Luffyby Gabi313,1,ST30-014,Mr.3(Galdino),3
https://onepiece.limitlesstcg.com/decks/list/6697,Green/Blue Luffyby Gabi313,1,ST12-010,Emporio.Ivankov,2
https://onepiece.limitlesstcg.com/decks/list/6697,Green/Blue Luffyby Gabi313,1,OP16-045,Crocodile,4
https://onepiece.limitlesstcg.com/decks/list/6697,Green/Blue Luffyby Gabi313,1,OP16-056,Mr.3(Galdino),4
https://onepiece.limitlesstcg.com/decks/list/6697,Green/Blue Luffyby Gabi313,1,OP16-026,Emporio.Ivankov,2
https://onepiece.limitlesstcg.com/decks/list/6697,Green/Blue Luffyby Gabi313,1,OP16-048,Buggy,4
https://onepiece.limitlesstcg.com/decks/list/6697,Green/Blue Luffyby Gabi313,1,OP16-042,Prisoner of Impel Down,9
https://onepiece.limitlesstcg.com/decks/list/6697,Green/Blue Luffyby Gabi313,1,OP15-032,Brook,1
https://onepiece.limitlesstcg.com/decks/list/6697,Green/Blue Luffyby Gabi313,1,OP16-032,Boa Hancock,2
https://onepiece.limitlesstcg.com/decks/list/6697,Green/Blue Luffyby Gabi313,1,OP02-068,Gum-Gum Rain,1
https://onepiece.limitlesstcg.com/decks/list/6697,Green/Blue Luffyby Gabi313,1,OP16-038,Let's Go!! To the Navy Headquarters!!,2
https://onepiece.limitlesstcg.com/decks/list/6697,Green/Blue Luffyby Gabi313,1,OP12-037,Demon Aura Nine Sword Style Asura Blades Drawn Dead Man's Game,1
https://onepiece.limitlesstcg.com/decks/list/6697,Green/Blue Luffyby Gabi313,1,OP11-061,Gum-Gum Jet Culverin,1
https://onepiece.limitlesstcg.com/decks/list/6697,Green/Blue Luffyby Gabi313,1,OP06-058,Gravity Blade Raging Tiger,2
https://onepiece.limitlesstcg.com/decks/list/6761,Black/Yellow Blackbeardby Klimczur,2,OP16-080,Marshall.D.Teach,1
https://onepiece.limitlesstcg.com/decks/list/6761,Black/Yellow Blackbeardby Klimczur,2,OP16-109,Doc Q,4
https://onepiece.limitlesstcg.com/decks/list/6761,Black/Yellow Blackbeardby Klimczur,2,OP16-110,Vasco Shot,4
https://onepiece.limitlesstcg.com/decks/list/6761,Black/Yellow Blackbeardby Klimczur,2,OP09-095,Laffitte,1
https://onepiece.limitlesstcg.com/decks/list/6761,Black/Yellow Blackbeardby Klimczur,2,OP16-103,Van Augur,1
https://onepiece.limitlesstcg.com/decks/list/6761,Black/Yellow Blackbeardby Klimczur,2,OP09-086,Jesus Burgess,4
https://onepiece.limitlesstcg.com/decks/list/6761,Black/Yellow Blackbeardby Klimczur,2,OP16-104,Catarina Devon,4
https://onepiece.limitlesstcg.com/decks/list/6761,Black/Yellow Blackbeardby Klimczur,2,OP12-112,Baby 5,3
https://onepiece.limitlesstcg.com/decks/list/6761,Black/Yellow Blackbeardby Klimczur,2,OP16-106,Sanjuan.Wolf,1
https://onepiece.limitlesstcg.com/decks/list/6761,Black/Yellow Blackbeardby Klimczur,2,EB04-058,Borsalino,4
https://onepiece.limitlesstcg.com/decks/list/6761,Black/Yellow Blackbeardby Klimczur,2,OP16-108,Shiryu,4
https://onepiece.limitlesstcg.com/decks/list/6761,Black/Yellow Blackbeardby Klimczur,2,OP16-119,Marshall.D.Teach,4
https://onepiece.limitlesstcg.com/decks/list/6761,Black/Yellow Blackbeardby Klimczur,2,OP09-093,Marshall.D.Teach,3
https://onepiece.limitlesstcg.com/decks/list/6761,Black/Yellow Blackbeardby Klimczur,2,OP09-096,My Era...Begins!!,4
https://onepiece.limitlesstcg.com/decks/list/6761,Black/Yellow Blackbeardby Klimczur,2,EB04-059,Black Rope Dragon Twister,3
https://onepiece.limitlesstcg.com/decks/list/6761,Black/Yellow Blackbeardby Klimczur,2,OP16-116,Zehahahahaha!,2
https://onepiece.limitlesstcg.com/decks/list/6761,Black/Yellow Blackbeardby Klimczur,2,OP09-099,Fullalead,4
https://onepiece.limitlesstcg.com/decks/list/6753,Green/Blue Luffyby ΜΣΦΡ Feno,3,OP16-022,Monkey.D.Luffy,1
https://onepiece.limitlesstcg.com/decks/list/6753,Green/Blue Luffyby ΜΣΦΡ Feno,3,OP16-034,Monkey.D.Luffy,4
https://onepiece.limitlesstcg.com/decks/list/6753,Green/Blue Luffyby ΜΣΦΡ Feno,3,OP16-054,Mr.1(Daz.Bonez),4
https://onepiece.limitlesstcg.com/decks/list/6753,Green/Blue Luffyby ΜΣΦΡ Feno,3,OP16-055,Mr.2.Bon.Kurei(Bentham),4
https://onepiece.limitlesstcg.com/decks/list/6753,Green/Blue Luffyby ΜΣΦΡ Feno,3,ST30-014,Mr.3(Galdino),4
https://onepiece.limitlesstcg.com/decks/list/6753,Green/Blue Luffyby ΜΣΦΡ Feno,3,OP16-037,Mr.3(Galdino),1
https://onepiece.limitlesstcg.com/decks/list/6753,Green/Blue Luffyby ΜΣΦΡ Feno,3,ST12-010,Emporio.Ivankov,2
https://onepiece.limitlesstcg.com/decks/list/6753,Green/Blue Luffyby ΜΣΦΡ Feno,3,OP16-045,Crocodile,4
https://onepiece.limitlesstcg.com/decks/list/6753,Green/Blue Luffyby ΜΣΦΡ Feno,3,OP16-056,Mr.3(Galdino),4
https://onepiece.limitlesstcg.com/decks/list/6753,Green/Blue Luffyby ΜΣΦΡ Feno,3,OP16-026,Emporio.Ivankov,2
https://onepiece.limitlesstcg.com/decks/list/6753,Green/Blue Luffyby ΜΣΦΡ Feno,3,OP16-048,Buggy,4
https://onepiece.limitlesstcg.com/decks/list/6753,Green/Blue Luffyby ΜΣΦΡ Feno,3,OP16-042,Prisoner of Impel Down,8
https://onepiece.limitlesstcg.com/decks/list/6753,Green/Blue Luffyby ΜΣΦΡ Feno,3,OP15-032,Brook,1
https://onepiece.limitlesstcg.com/decks/list/6753,Green/Blue Luffyby ΜΣΦΡ Feno,3,OP16-032,Boa Hancock,2
https://onepiece.limitlesstcg.com/decks/list/6753,Green/Blue Luffyby ΜΣΦΡ Feno,3,OP02-068,Gum-Gum Rain,1
https://onepiece.limitlesstcg.com/decks/list/6753,Green/Blue Luffyby ΜΣΦΡ Feno,3,OP16-038,Let's Go!! To the Navy Headquarters!!,2
https://onepiece.limitlesstcg.com/decks/list/6753,Green/Blue Luffyby ΜΣΦΡ Feno,3,OP11-061,Gum-Gum Jet Culverin,2
https://onepiece.limitlesstcg.com/decks/list/6753,Green/Blue Luffyby ΜΣΦΡ Feno,3,OP06-058,Gravity Blade Raging Tiger,1
https://onepiece.limitlesstcg.com/decks/list/6717,Purple/Yellow Rosinanteby MaGe,4,OP12-061,Donquixote Rosinante,1
https://onepiece.limitlesstcg.com/decks/list/6717,Purple/Yellow Rosinanteby MaGe,4,OP12-108,Donquixote Rosinante,4
https://onepiece.limitlesstcg.com/decks/list/6717,Purple/Yellow Rosinanteby MaGe,4,OP16-064,Koby,4
https://onepiece.limitlesstcg.com/decks/list/6717,Purple/Yellow Rosinanteby MaGe,4,OP16-067,Tsuru,1
https://onepiece.limitlesstcg.com/decks/list/6717,Purple/Yellow Rosinanteby MaGe,4,P-088,Trafalgar Law,4
https://onepiece.limitlesstcg.com/decks/list/6717,Purple/Yellow Rosinanteby MaGe,4,P-093,Trafalgar Law,4
https://onepiece.limitlesstcg.com/decks/list/6717,Purple/Yellow Rosinanteby MaGe,4,ST10-010,Trafalgar Law,3
https://onepiece.limitlesstcg.com/decks/list/6717,Purple/Yellow Rosinanteby MaGe,4,OP16-068,Trafalgar Law,2
https://onepiece.limitlesstcg.com/decks/list/6717,Purple/Yellow Rosinanteby MaGe,4,EB04-058,Borsalino,4
https://onepiece.limitlesstcg.com/decks/list/6717,Purple/Yellow Rosinanteby MaGe,4,EB04-038,Rosinante & Law,4
https://onepiece.limitlesstcg.com/decks/list/6717,Purple/Yellow Rosinanteby MaGe,4,OP16-065,Sakazuki,4
https://onepiece.limitlesstcg.com/decks/list/6717,Purple/Yellow Rosinanteby MaGe,4,OP15-078,Mamaragan,4
https://onepiece.limitlesstcg.com/decks/list/6717,Purple/Yellow Rosinanteby MaGe,4,OP13-076,Divine Departure,2
https://onepiece.limitlesstcg.com/decks/list/6717,Purple/Yellow Rosinanteby MaGe,4,OP12-115,I Love You!!,4
https://onepiece.limitlesstcg.com/decks/list/6717,Purple/Yellow Rosinanteby MaGe,4,OP09-077,Gum-Gum Lightning,2
https://onepiece.limitlesstcg.com/decks/list/6717,Purple/Yellow Rosinanteby MaGe,4,OP16-078,Marineford,4
https://onepiece.limitlesstcg.com/decks/list/6762,Blue/Yellow Namiby JoseVi,5,OP11-041,Nami,1
https://onepiece.limitlesstcg.com/decks/list/6762,Blue/Yellow Namiby JoseVi,5,OP14-102,Kumacy,4
https://onepiece.limitlesstcg.com/decks/list/6762,Blue/Yellow Namiby JoseVi,5,OP11-106,Zeus,3
https://onepiece.limitlesstcg.com/decks/list/6762,Blue/Yellow Namiby JoseVi,5,OP15-047,Sanji,1
https://onepiece.limitlesstcg.com/decks/list/6762,Blue/Yellow Namiby JoseVi,5,OP14-110,Dr. Hogback,4
https://onepiece.limitlesstcg.com/decks/list/6762,Blue/Yellow Namiby JoseVi,5,OP14-111,Perona,4
https://onepiece.limitlesstcg.com/decks/list/6762,Blue/Yellow Namiby JoseVi,5,OP16-056,Mr.3(Galdino),3
https://onepiece.limitlesstcg.com/decks/list/6762,Blue/Yellow Namiby JoseVi,5,OP06-104,Kikunojo,2
https://onepiece.limitlesstcg.com/decks/list/6762,Blue/Yellow Namiby JoseVi,5,OP16-104,Catarina Devon,2
https://onepiece.limitlesstcg.com/decks/list/6762,Blue/Yellow Namiby JoseVi,5,OP15-113,Roronoa Zoro,1
https://onepiece.limitlesstcg.com/decks/list/6762,Blue/Yellow Namiby JoseVi,5,EB03-053,Nami,4
https://onepiece.limitlesstcg.com/decks/list/6762,Blue/Yellow Namiby JoseVi,5,EB04-058,Borsalino,4
https://onepiece.limitlesstcg.com/decks/list/6762,Blue/Yellow Namiby JoseVi,5,OP14-108,Silvers Rayleigh,2
https://onepiece.limitlesstcg.com/decks/list/6762,Blue/Yellow Namiby JoseVi,5,EB03-055,Nico Robin,4
https://onepiece.limitlesstcg.com/decks/list/6762,Blue/Yellow Namiby JoseVi,5,OP14-104,Gecko Moria,4
https://onepiece.limitlesstcg.com/decks/list/6762,Blue/Yellow Namiby JoseVi,5,OP16-119,Marshall.D.Teach,4
https://onepiece.limitlesstcg.com/decks/list/6762,Blue/Yellow Namiby JoseVi,5,OP06-058,Gravity Blade Raging Tiger,2
https://onepiece.limitlesstcg.com/decks/list/6762,Blue/Yellow Namiby JoseVi,5,OP16-116,Zehahahahaha!,2
https://onepiece.limitlesstcg.com/decks/list/6728,Purple Enelby Sandro Kišur,6,OP15-058,Enel,1
https://onepiece.limitlesstcg.com/decks/list/6728,Purple Enelby Sandro Kišur,6,OP12-071,Charlotte Pudding,4
https://onepiece.limitlesstcg.com/decks/list/6728,Purple Enelby Sandro Kišur,6,OP15-061,Ohm,4
https://onepiece.limitlesstcg.com/decks/list/6728,Purple Enelby Sandro Kišur,6,OP15-067,Shura,4
https://onepiece.limitlesstcg.com/decks/list/6728,Purple Enelby Sandro Kišur,6,OP15-066,Satori,2
https://onepiece.limitlesstcg.com/decks/list/6728,Purple Enelby Sandro Kišur,6,OP12-063,Vinsmoke Reiju,4
https://onepiece.limitlesstcg.com/decks/list/6728,Purple Enelby Sandro Kišur,6,OP09-072,Franky,2
https://onepiece.limitlesstcg.com/decks/list/6728,Purple Enelby Sandro Kišur,6,OP10-067,Senor Pink,1
https://onepiece.limitlesstcg.com/decks/list/6728,Purple Enelby Sandro Kišur,6,OP15-118,Enel,4
https://onepiece.limitlesstcg.com/decks/list/6728,Purple Enelby Sandro Kišur,6,OP15-060,Enel,1
https://onepiece.limitlesstcg.com/decks/list/6728,Purple Enelby Sandro Kišur,6,OP15-074,Varie,4
https://onepiece.limitlesstcg.com/decks/list/6728,Purple Enelby Sandro Kišur,6,OP15-075,El Thor,4
https://onepiece.limitlesstcg.com/decks/list/6728,Purple Enelby Sandro Kišur,6,OP15-076,Lightning Beast Kiten,4
https://onepiece.limitlesstcg.com/decks/list/6728,Purple Enelby Sandro Kišur,6,OP15-077,Lightning Dragon,4
https://onepiece.limitlesstcg.com/decks/list/6728,Purple Enelby Sandro Kišur,6,OP15-078,Mamaragan,4
https://onepiece.limitlesstcg.com/decks/list/6728,Purple Enelby Sandro Kišur,6,OP13-076,Divine Departure,1
https://onepiece.limitlesstcg.com/decks/list/6728,Purple Enelby Sandro Kišur,6,OP05-077,Gamma Knife,3
https://onepiece.limitlesstcg.com/decks/list/6763,Blue/Yellow Namiby Ludox2,7,OP11-041,Nami,1
https://onepiece.limitlesstcg.com/decks/list/6763,Blue/Yellow Namiby Ludox2,7,OP14-102,Kumacy,4
https://onepiece.limitlesstcg.com/decks/list/6763,Blue/Yellow Namiby Ludox2,7,OP06-106,Kouzuki Hiyori,3
https://onepiece.limitlesstcg.com/decks/list/6763,Blue/Yellow Namiby Ludox2,7,OP11-106,Zeus,3
https://onepiece.limitlesstcg.com/decks/list/6763,Blue/Yellow Namiby Ludox2,7,P-096,Girl,2
https://onepiece.limitlesstcg.com/decks/list/6763,Blue/Yellow Namiby Ludox2,7,OP14-110,Dr. Hogback,4
https://onepiece.limitlesstcg.com/decks/list/6763,Blue/Yellow Namiby Ludox2,7,OP14-111,Perona,4
https://onepiece.limitlesstcg.com/decks/list/6763,Blue/Yellow Namiby Ludox2,7,OP16-056,Mr.3(Galdino),4
https://onepiece.limitlesstcg.com/decks/list/6763,Blue/Yellow Namiby Ludox2,7,OP06-104,Kikunojo,3
https://onepiece.limitlesstcg.com/decks/list/6763,Blue/Yellow Namiby Ludox2,7,OP15-113,Roronoa Zoro,1
https://onepiece.limitlesstcg.com/decks/list/6763,Blue/Yellow Namiby Ludox2,7,EB03-053,Nami,4
https://onepiece.limitlesstcg.com/decks/list/6763,Blue/Yellow Namiby Ludox2,7,EB04-058,Borsalino,4
https://onepiece.limitlesstcg.com/decks/list/6763,Blue/Yellow Namiby Ludox2,7,EB03-055,Nico Robin,4
https://onepiece.limitlesstcg.com/decks/list/6763,Blue/Yellow Namiby Ludox2,7,OP14-104,Gecko Moria,4
https://onepiece.limitlesstcg.com/decks/list/6763,Blue/Yellow Namiby Ludox2,7,OP13-042,Edward.Newgate,3
https://onepiece.limitlesstcg.com/decks/list/6763,Blue/Yellow Namiby Ludox2,7,OP06-058,Gravity Blade Raging Tiger,3
https://onepiece.limitlesstcg.com/decks/list/6764,Blue/Yellow Namiby Imran Khan Jadoon,8,OP11-041,Nami,1
https://onepiece.limitlesstcg.com/decks/list/6764,Blue/Yellow Namiby Imran Khan Jadoon,8,OP14-102,Kumacy,4
https://onepiece.limitlesstcg.com/decks/list/6764,Blue/Yellow Namiby Imran Khan Jadoon,8,OP11-106,Zeus,3
https://onepiece.limitlesstcg.com/decks/list/6764,Blue/Yellow Namiby Imran Khan Jadoon,8,OP16-052,Monkey.D.Luffy,3
https://onepiece.limitlesstcg.com/decks/list/6764,Blue/Yellow Namiby Imran Khan Jadoon,8,OP06-106,Kouzuki Hiyori,2
https://onepiece.limitlesstcg.com/decks/list/6764,Blue/Yellow Namiby Imran Khan Jadoon,8,OP16-056,Mr.3(Galdino),4
https://onepiece.limitlesstcg.com/decks/list/6764,Blue/Yellow Namiby Imran Khan Jadoon,8,OP06-104,Kikunojo,3
https://onepiece.limitlesstcg.com/decks/list/6764,Blue/Yellow Namiby Imran Khan Jadoon,8,OP14-110,Dr. Hogback,3
https://onepiece.limitlesstcg.com/decks/list/6764,Blue/Yellow Namiby Imran Khan Jadoon,8,OP14-111,Perona,3
https://onepiece.limitlesstcg.com/decks/list/6764,Blue/Yellow Namiby Imran Khan Jadoon,8,PRB02-008,Marco,1
https://onepiece.limitlesstcg.com/decks/list/6764,Blue/Yellow Namiby Imran Khan Jadoon,8,OP16-104,Catarina Devon,1
https://onepiece.limitlesstcg.com/decks/list/6764,Blue/Yellow Namiby Imran Khan Jadoon,8,EB03-053,Nami,4
https://onepiece.limitlesstcg.com/decks/list/6764,Blue/Yellow Namiby Imran Khan Jadoon,8,EB04-058,Borsalino,4
https://onepiece.limitlesstcg.com/decks/list/6764,Blue/Yellow Namiby Imran Khan Jadoon,8,OP14-108,Silvers Rayleigh,2
https://onepiece.limitlesstcg.com/decks/list/6764,Blue/Yellow Namiby Imran Khan Jadoon,8,EB03-055,Nico Robin,4
https://onepiece.limitlesstcg.com/decks/list/6764,Blue/Yellow Namiby Imran Khan Jadoon,8,OP14-104,Gecko Moria,4
https://onepiece.limitlesstcg.com/decks/list/6764,Blue/Yellow Namiby Imran Khan Jadoon,8,OP13-042,Edward.Newgate,3
https://onepiece.limitlesstcg.com/decks/list/6764,Blue/Yellow Namiby Imran Khan Jadoon,8,EB04-061,Monkey.D.Luffy,1
https://onepiece.limitlesstcg.com/decks/list/6764,Blue/Yellow Namiby Imran Khan Jadoon,8,OP15-116,Gum-Gum Golden Rifle,1
https://onepiece.limitlesstcg.com/decks/list/6422,Purple Enelby Juan Méndez Casado,9,OP15-058,Enel,1
https://onepiece.limitlesstcg.com/decks/list/6422,Purple Enelby Juan Méndez Casado,9,OP12-071,Charlotte Pudding,4
https://onepiece.limitlesstcg.com/decks/list/6422,Purple Enelby Juan Méndez Casado,9,OP15-061,Ohm,4
https://onepiece.limitlesstcg.com/decks/list/6422,Purple Enelby Juan Méndez Casado,9,OP15-067,Shura,4
https://onepiece.limitlesstcg.com/decks/list/6422,Purple Enelby Juan Méndez Casado,9,OP15-071,Holly,4
https://onepiece.limitlesstcg.com/decks/list/6422,Purple Enelby Juan Méndez Casado,9,OP09-072,Franky,3
https://onepiece.limitlesstcg.com/decks/list/6422,Purple Enelby Juan Méndez Casado,9,OP12-063,Vinsmoke Reiju,2
https://onepiece.limitlesstcg.com/decks/list/6422,Purple Enelby Juan Méndez Casado,9,OP10-067,Senor Pink,1
https://onepiece.limitlesstcg.com/decks/list/6422,Purple Enelby Juan Méndez Casado,9,OP15-118,Enel,4
https://onepiece.limitlesstcg.com/decks/list/6422,Purple Enelby Juan Méndez Casado,9,OP15-060,Enel,1
https://onepiece.limitlesstcg.com/decks/list/6422,Purple Enelby Juan Méndez Casado,9,OP15-075,El Thor,4
https://onepiece.limitlesstcg.com/decks/list/6422,Purple Enelby Juan Méndez Casado,9,OP15-076,Lightning Beast Kiten,4
https://onepiece.limitlesstcg.com/decks/list/6422,Purple Enelby Juan Méndez Casado,9,OP15-077,Lightning Dragon,4
https://onepiece.limitlesstcg.com/decks/list/6422,Purple Enelby Juan Méndez Casado,9,OP15-078,Mamaragan,4
https://onepiece.limitlesstcg.com/decks/list/6422,Purple Enelby Juan Méndez Casado,9,OP15-074,Varie,3
https://onepiece.limitlesstcg.com/decks/list/6422,Purple Enelby Juan Méndez Casado,9,OP13-076,Divine Departure,1
https://onepiece.limitlesstcg.com/decks/list/6422,Purple Enelby Juan Méndez Casado,9,OP05-077,Gamma Knife,3
https://onepiece.limitlesstcg.com/decks/list/6765,Green/Purple Luffyby Doc. P,10,EB02-010,Monkey.D.Luffy,1
https://onepiece.limitlesstcg.com/decks/list/6765,Green/Purple Luffyby Doc. P,10,EB02-017,Nami,4
https://onepiece.limitlesstcg.com/decks/list/6765,Green/Purple Luffyby Doc. P,10,PRB02-012,Nami,4
https://onepiece.limitlesstcg.com/decks/list/6765,Green/Purple Luffyby Doc. P,10,ST18-001,Uso-Hachi,4
https://onepiece.limitlesstcg.com/decks/list/6765,Green/Purple Luffyby Doc. P,10,ST18-004,Zoro-Juurou,4
https://onepiece.limitlesstcg.com/decks/list/6765,Green/Purple Luffyby Doc. P,10,EB02-019,Roronoa Zoro,2
https://onepiece.limitlesstcg.com/decks/list/6765,Green/Purple Luffyby Doc. P,10,OP14-031,Nami,2
https://onepiece.limitlesstcg.com/decks/list/6765,Green/Purple Luffyby Doc. P,10,ST30-012,Monkey.D.Luffy,1
https://onepiece.limitlesstcg.com/decks/list/6765,Green/Purple Luffyby Doc. P,10,EB02-035,Sanji & Pudding,4
https://onepiece.limitlesstcg.com/decks/list/6765,Green/Purple Luffyby Doc. P,10,OP13-027,Sanji,2
https://onepiece.limitlesstcg.com/decks/list/6765,Green/Purple Luffyby Doc. P,10,OP07-064,Sanji,4
https://onepiece.limitlesstcg.com/decks/list/6765,Green/Purple Luffyby Doc. P,10,EB02-061,Monkey.D.Luffy,1
https://onepiece.limitlesstcg.com/decks/list/6765,Green/Purple Luffyby Doc. P,10,OP15-032,Brook,1
https://onepiece.limitlesstcg.com/decks/list/6765,Green/Purple Luffyby Doc. P,10,OP15-078,Mamaragan,4
https://onepiece.limitlesstcg.com/decks/list/6765,Green/Purple Luffyby Doc. P,10,OP09-078,Gum-Gum Giant,4
https://onepiece.limitlesstcg.com/decks/list/6765,Green/Purple Luffyby Doc. P,10,OP12-037,Demon Aura Nine Sword Style Asura Blades Drawn Dead Man's Game,2
https://onepiece.limitlesstcg.com/decks/list/6765,Green/Purple Luffyby Doc. P,10,OP13-040,I Know You're Strong... So I'll Go All Out from the Very Start!!!,2
https://onepiece.limitlesstcg.com/decks/list/6765,Green/Purple Luffyby Doc. P,10,OP08-036,Electrical Luna,2
https://onepiece.limitlesstcg.com/decks/list/6765,Green/Purple Luffyby Doc. P,10,EB02-041,Merry Go,3
https://onepiece.limitlesstcg.com/decks/list/6766,Purple Enelby Georgios Karapiperis,11,OP15-058,Enel,1
https://onepiece.limitlesstcg.com/decks/list/6766,Purple Enelby Georgios Karapiperis,11,OP12-071,Charlotte Pudding,4
https://onepiece.limitlesstcg.com/decks/list/6766,Purple Enelby Georgios Karapiperis,11,OP15-061,Ohm,4
https://onepiece.limitlesstcg.com/decks/list/6766,Purple Enelby Georgios Karapiperis,11,OP15-066,Satori,4
https://onepiece.limitlesstcg.com/decks/list/6766,Purple Enelby Georgios Karapiperis,11,OP15-067,Shura,4
https://onepiece.limitlesstcg.com/decks/list/6766,Purple Enelby Georgios Karapiperis,11,OP12-063,Vinsmoke Reiju,4
https://onepiece.limitlesstcg.com/decks/list/6766,Purple Enelby Georgios Karapiperis,11,OP15-118,Enel,4
https://onepiece.limitlesstcg.com/decks/list/6766,Purple Enelby Georgios Karapiperis,11,OP15-074,Varie,4
https://onepiece.limitlesstcg.com/decks/list/6766,Purple Enelby Georgios Karapiperis,11,OP15-075,El Thor,4
https://onepiece.limitlesstcg.com/decks/list/6766,Purple Enelby Georgios Karapiperis,11,OP15-076,Lightning Beast Kiten,4
https://onepiece.limitlesstcg.com/decks/list/6766,Purple Enelby Georgios Karapiperis,11,OP15-077,Lightning Dragon,4
https://onepiece.limitlesstcg.com/decks/list/6766,Purple Enelby Georgios Karapiperis,11,OP15-078,Mamaragan,4
https://onepiece.limitlesstcg.com/decks/list/6766,Purple Enelby Georgios Karapiperis,11,OP13-076,Divine Departure,2
https://onepiece.limitlesstcg.com/decks/list/6766,Purple Enelby Georgios Karapiperis,11,OP05-077,Gamma Knife,4
https://onepiece.limitlesstcg.com/decks/list/6767,Green/Blue Luffyby Luca Caré,12,OP16-022,Monkey.D.Luffy,1
https://onepiece.limitlesstcg.com/decks/list/6767,Green/Blue Luffyby Luca Caré,12,OP16-034,Monkey.D.Luffy,4
https://onepiece.limitlesstcg.com/decks/list/6767,Green/Blue Luffyby Luca Caré,12,OP16-054,Mr.1(Daz.Bonez),4
https://onepiece.limitlesstcg.com/decks/list/6767,Green/Blue Luffyby Luca Caré,12,OP16-055,Mr.2.Bon.Kurei(Bentham),4
https://onepiece.limitlesstcg.com/decks/list/6767,Green/Blue Luffyby Luca Caré,12,ST30-014,Mr.3(Galdino),3
https://onepiece.limitlesstcg.com/decks/list/6767,Green/Blue Luffyby Luca Caré,12,ST12-010,Emporio.Ivankov,4
https://onepiece.limitlesstcg.com/decks/list/6767,Green/Blue Luffyby Luca Caré,12,OP16-045,Crocodile,4
https://onepiece.limitlesstcg.com/decks/list/6767,Green/Blue Luffyby Luca Caré,12,OP16-056,Mr.3(Galdino),4
https://onepiece.limitlesstcg.com/decks/list/6767,Green/Blue Luffyby Luca Caré,12,OP16-048,Buggy,4
https://onepiece.limitlesstcg.com/decks/list/6767,Green/Blue Luffyby Luca Caré,12,OP16-042,Prisoner of Impel Down,8
https://onepiece.limitlesstcg.com/decks/list/6767,Green/Blue Luffyby Luca Caré,12,OP15-032,Brook,1
https://onepiece.limitlesstcg.com/decks/list/6767,Green/Blue Luffyby Luca Caré,12,OP16-032,Boa Hancock,3
https://onepiece.limitlesstcg.com/decks/list/6767,Green/Blue Luffyby Luca Caré,12,OP02-068,Gum-Gum Rain,1
https://onepiece.limitlesstcg.com/decks/list/6767,Green/Blue Luffyby Luca Caré,12,OP16-038,Let's Go!! To the Navy Headquarters!!,2
https://onepiece.limitlesstcg.com/decks/list/6767,Green/Blue Luffyby Luca Caré,12,OP12-037,Demon Aura Nine Sword Style Asura Blades Drawn Dead Man's Game,1
https://onepiece.limitlesstcg.com/decks/list/6767,Green/Blue Luffyby Luca Caré,12,OP13-040,I Know You're Strong... So I'll Go All Out from the Very Start!!!,1
https://onepiece.limitlesstcg.com/decks/list/6767,Green/Blue Luffyby Luca Caré,12,OP11-061,Gum-Gum Jet Culverin,1
https://onepiece.limitlesstcg.com/decks/list/6767,Green/Blue Luffyby Luca Caré,12,OP06-058,Gravity Blade Raging Tiger,1
https://onepiece.limitlesstcg.com/decks/list/6349,Purple Enelby Gianluca Noviello,13,OP15-058,Enel,1
https://onepiece.limitlesstcg.com/decks/list/6349,Purple Enelby Gianluca Noviello,13,OP12-071,Charlotte Pudding,4
https://onepiece.limitlesstcg.com/decks/list/6349,Purple Enelby Gianluca Noviello,13,OP15-061,Ohm,4
https://onepiece.limitlesstcg.com/decks/list/6349,Purple Enelby Gianluca Noviello,13,OP15-067,Shura,4
https://onepiece.limitlesstcg.com/decks/list/6349,Purple Enelby Gianluca Noviello,13,OP15-066,Satori,1
https://onepiece.limitlesstcg.com/decks/list/6349,Purple Enelby Gianluca Noviello,13,OP12-063,Vinsmoke Reiju,4
https://onepiece.limitlesstcg.com/decks/list/6349,Purple Enelby Gianluca Noviello,13,OP09-072,Franky,3
https://onepiece.limitlesstcg.com/decks/list/6349,Purple Enelby Gianluca Noviello,13,ST10-010,Trafalgar Law,1
https://onepiece.limitlesstcg.com/decks/list/6349,Purple Enelby Gianluca Noviello,13,OP10-067,Senor Pink,2
https://onepiece.limitlesstcg.com/decks/list/6349,Purple Enelby Gianluca Noviello,13,OP15-118,Enel,4
https://onepiece.limitlesstcg.com/decks/list/6349,Purple Enelby Gianluca Noviello,13,OP15-075,El Thor,4
https://onepiece.limitlesstcg.com/decks/list/6349,Purple Enelby Gianluca Noviello,13,OP15-076,Lightning Beast Kiten,4
https://onepiece.limitlesstcg.com/decks/list/6349,Purple Enelby Gianluca Noviello,13,OP15-077,Lightning Dragon,4
https://onepiece.limitlesstcg.com/decks/list/6349,Purple Enelby Gianluca Noviello,13,OP15-078,Mamaragan,4
https://onepiece.limitlesstcg.com/decks/list/6349,Purple Enelby Gianluca Noviello,13,OP15-074,Varie,3
https://onepiece.limitlesstcg.com/decks/list/6349,Purple Enelby Gianluca Noviello,13,OP13-076,Divine Departure,1
https://onepiece.limitlesstcg.com/decks/list/6349,Purple Enelby Gianluca Noviello,13,OP05-077,Gamma Knife,3
https://onepiece.limitlesstcg.com/decks/list/6768,Purple/Yellow Rosinanteby Daniel Winkler,14,OP12-061,Donquixote Rosinante,1
https://onepiece.limitlesstcg.com/decks/list/6768,Purple/Yellow Rosinanteby Daniel Winkler,14,OP12-108,Donquixote Rosinante,4
https://onepiece.limitlesstcg.com/decks/list/6768,Purple/Yellow Rosinanteby Daniel Winkler,14,OP16-064,Koby,4
https://onepiece.limitlesstcg.com/decks/list/6768,Purple/Yellow Rosinanteby Daniel Winkler,14,P-088,Trafalgar Law,4
https://onepiece.limitlesstcg.com/decks/list/6768,Purple/Yellow Rosinanteby Daniel Winkler,14,P-093,Trafalgar Law,4
https://onepiece.limitlesstcg.com/decks/list/6768,Purple/Yellow Rosinanteby Daniel Winkler,14,ST10-010,Trafalgar Law,3
https://onepiece.limitlesstcg.com/decks/list/6768,Purple/Yellow Rosinanteby Daniel Winkler,14,OP16-068,Trafalgar Law,1
https://onepiece.limitlesstcg.com/decks/list/6768,Purple/Yellow Rosinanteby Daniel Winkler,14,EB04-058,Borsalino,4
https://onepiece.limitlesstcg.com/decks/list/6768,Purple/Yellow Rosinanteby Daniel Winkler,14,OP15-114,Wyper,2
https://onepiece.limitlesstcg.com/decks/list/6768,Purple/Yellow Rosinanteby Daniel Winkler,14,EB04-038,Rosinante & Law,4
https://onepiece.limitlesstcg.com/decks/list/6768,Purple/Yellow Rosinanteby Daniel Winkler,14,OP16-065,Sakazuki,4
https://onepiece.limitlesstcg.com/decks/list/6768,Purple/Yellow Rosinanteby Daniel Winkler,14,OP15-078,Mamaragan,4
https://onepiece.limitlesstcg.com/decks/list/6768,Purple/Yellow Rosinanteby Daniel Winkler,14,OP13-076,Divine Departure,2
https://onepiece.limitlesstcg.com/decks/list/6768,Purple/Yellow Rosinanteby Daniel Winkler,14,OP12-115,I Love You!!,4
https://onepiece.limitlesstcg.com/decks/list/6768,Purple/Yellow Rosinanteby Daniel Winkler,14,OP09-077,Gum-Gum Lightning,2
https://onepiece.limitlesstcg.com/decks/list/6768,Purple/Yellow Rosinanteby Daniel Winkler,14,OP16-078,Marineford,4
https://onepiece.limitlesstcg.com/decks/list/6769,Green/Blue Luffyby Bartosz Kosmacz,15,OP16-022,Monkey.D.Luffy,1
https://onepiece.limitlesstcg.com/decks/list/6769,Green/Blue Luffyby Bartosz Kosmacz,15,OP16-034,Monkey.D.Luffy,4
https://onepiece.limitlesstcg.com/decks/list/6769,Green/Blue Luffyby Bartosz Kosmacz,15,OP16-054,Mr.1(Daz.Bonez),4
https://onepiece.limitlesstcg.com/decks/list/6769,Green/Blue Luffyby Bartosz Kosmacz,15,OP16-055,Mr.2.Bon.Kurei(Bentham),4
https://onepiece.limitlesstcg.com/decks/list/6769,Green/Blue Luffyby Bartosz Kosmacz,15,ST30-014,Mr.3(Galdino),3
https://onepiece.limitlesstcg.com/decks/list/6769,Green/Blue Luffyby Bartosz Kosmacz,15,ST12-010,Emporio.Ivankov,2
https://onepiece.limitlesstcg.com/decks/list/6769,Green/Blue Luffyby Bartosz Kosmacz,15,OP16-045,Crocodile,4
https://onepiece.limitlesstcg.com/decks/list/6769,Green/Blue Luffyby Bartosz Kosmacz,15,OP16-056,Mr.3(Galdino),4
https://onepiece.limitlesstcg.com/decks/list/6769,Green/Blue Luffyby Bartosz Kosmacz,15,OP16-026,Emporio.Ivankov,2
https://onepiece.limitlesstcg.com/decks/list/6769,Green/Blue Luffyby Bartosz Kosmacz,15,OP16-048,Buggy,4
https://onepiece.limitlesstcg.com/decks/list/6769,Green/Blue Luffyby Bartosz Kosmacz,15,OP16-042,Prisoner of Impel Down,9
https://onepiece.limitlesstcg.com/decks/list/6769,Green/Blue Luffyby Bartosz Kosmacz,15,OP15-032,Brook,1
https://onepiece.limitlesstcg.com/decks/list/6769,Green/Blue Luffyby Bartosz Kosmacz,15,OP16-032,Boa Hancock,2
https://onepiece.limitlesstcg.com/decks/list/6769,Green/Blue Luffyby Bartosz Kosmacz,15,OP02-068,Gum-Gum Rain,1
https://onepiece.limitlesstcg.com/decks/list/6769,Green/Blue Luffyby Bartosz Kosmacz,15,OP06-038,The Billion-fold World Trichiliocosm,2
https://onepiece.limitlesstcg.com/decks/list/6769,Green/Blue Luffyby Bartosz Kosmacz,15,OP16-038,Let's Go!! To the Navy Headquarters!!,2
https://onepiece.limitlesstcg.com/decks/list/6769,Green/Blue Luffyby Bartosz Kosmacz,15,OP12-037,Demon Aura Nine Sword Style Asura Blades Drawn Dead Man's Game,1
https://onepiece.limitlesstcg.com/decks/list/6769,Green/Blue Luffyby Bartosz Kosmacz,15,OP11-061,Gum-Gum Jet Culverin,1
https://onepiece.limitlesstcg.com/decks/list/6770,Green/Blue Luffyby Morscinho,16,OP16-022,Monkey.D.Luffy,1
https://onepiece.limitlesstcg.com/decks/list/6770,Green/Blue Luffyby Morscinho,16,OP16-034,Monkey.D.Luffy,4
https://onepiece.limitlesstcg.com/decks/list/6770,Green/Blue Luffyby Morscinho,16,OP16-054,Mr.1(Daz.Bonez),4
https://onepiece.limitlesstcg.com/decks/list/6770,Green/Blue Luffyby Morscinho,16,OP16-055,Mr.2.Bon.Kurei(Bentham),4
https://onepiece.limitlesstcg.com/decks/list/6770,Green/Blue Luffyby Morscinho,16,ST30-014,Mr.3(Galdino),3
https://onepiece.limitlesstcg.com/decks/list/6770,Green/Blue Luffyby Morscinho,16,OP16-045,Crocodile,4
https://onepiece.limitlesstcg.com/decks/list/6770,Green/Blue Luffyby Morscinho,16,OP16-056,Mr.3(Galdino),4
https://onepiece.limitlesstcg.com/decks/list/6770,Green/Blue Luffyby Morscinho,16,OP16-026,Emporio.Ivankov,3
https://onepiece.limitlesstcg.com/decks/list/6770,Green/Blue Luffyby Morscinho,16,OP16-048,Buggy,4
https://onepiece.limitlesstcg.com/decks/list/6770,Green/Blue Luffyby Morscinho,16,OP16-042,Prisoner of Impel Down,9
https://onepiece.limitlesstcg.com/decks/list/6770,Green/Blue Luffyby Morscinho,16,OP15-032,Brook,2
https://onepiece.limitlesstcg.com/decks/list/6770,Green/Blue Luffyby Morscinho,16,OP16-032,Boa Hancock,3
https://onepiece.limitlesstcg.com/decks/list/6770,Green/Blue Luffyby Morscinho,16,OP02-068,Gum-Gum Rain,1
https://onepiece.limitlesstcg.com/decks/list/6770,Green/Blue Luffyby Morscinho,16,OP16-038,Let's Go!! To the Navy Headquarters!!,2
https://onepiece.limitlesstcg.com/decks/list/6770,Green/Blue Luffyby Morscinho,16,OP11-061,Gum-Gum Jet Culverin,1
https://onepiece.limitlesstcg.com/decks/list/6770,Green/Blue Luffyby Morscinho,16,OP06-058,Gravity Blade Raging Tiger,2
https://onepiece.limitlesstcg.com/decks/list/6738,Blue/Yellow Namiby LA/Smile,1,OP11-041,Nami,1
https://onepiece.limitlesstcg.com/decks/list/6738,Blue/Yellow Namiby LA/Smile,1,OP14-102,Kumacy,4
https://onepiece.limitlesstcg.com/decks/list/6738,Blue/Yellow Namiby LA/Smile,1,OP06-106,Kouzuki Hiyori,4
https://onepiece.limitlesstcg.com/decks/list/6738,Blue/Yellow Namiby LA/Smile,1,OP11-106,Zeus,3
https://onepiece.limitlesstcg.com/decks/list/6738,Blue/Yellow Namiby LA/Smile,1,OP14-110,Dr. Hogback,4
https://onepiece.limitlesstcg.com/decks/list/6738,Blue/Yellow Namiby LA/Smile,1,OP14-111,Perona,4
https://onepiece.limitlesstcg.com/decks/list/6738,Blue/Yellow Namiby LA/Smile,1,OP16-056,Mr.3(Galdino),4
https://onepiece.limitlesstcg.com/decks/list/6738,Blue/Yellow Namiby LA/Smile,1,OP06-104,Kikunojo,2
https://onepiece.limitlesstcg.com/decks/list/6738,Blue/Yellow Namiby LA/Smile,1,PRB02-008,Marco,1
https://onepiece.limitlesstcg.com/decks/list/6738,Blue/Yellow Namiby LA/Smile,1,OP15-113,Roronoa Zoro,1
https://onepiece.limitlesstcg.com/decks/list/6738,Blue/Yellow Namiby LA/Smile,1,EB03-053,Nami,4
https://onepiece.limitlesstcg.com/decks/list/6738,Blue/Yellow Namiby LA/Smile,1,EB04-058,Borsalino,4
https://onepiece.limitlesstcg.com/decks/list/6738,Blue/Yellow Namiby LA/Smile,1,OP15-114,Wyper,1
https://onepiece.limitlesstcg.com/decks/list/6738,Blue/Yellow Namiby LA/Smile,1,EB03-055,Nico Robin,4
https://onepiece.limitlesstcg.com/decks/list/6738,Blue/Yellow Namiby LA/Smile,1,OP14-104,Gecko Moria,4
https://onepiece.limitlesstcg.com/decks/list/6738,Blue/Yellow Namiby LA/Smile,1,OP16-119,Marshall.D.Teach,2
https://onepiece.limitlesstcg.com/decks/list/6738,Blue/Yellow Namiby LA/Smile,1,OP13-042,Edward.Newgate,3
https://onepiece.limitlesstcg.com/decks/list/6738,Blue/Yellow Namiby LA/Smile,1,OP06-058,Gravity Blade Raging Tiger,1
https://onepiece.limitlesstcg.com/decks/list/6739,Purple Enelby Jcobs,2,OP15-058,Enel,1
https://onepiece.limitlesstcg.com/decks/list/6739,Purple Enelby Jcobs,2,OP15-061,Ohm,4
https://onepiece.limitlesstcg.com/decks/list/6739,Purple Enelby Jcobs,2,OP15-067,Shura,4
https://onepiece.limitlesstcg.com/decks/list/6739,Purple Enelby Jcobs,2,OP12-071,Charlotte Pudding,3
https://onepiece.limitlesstcg.com/decks/list/6739,Purple Enelby Jcobs,2,OP15-066,Satori,3
https://onepiece.limitlesstcg.com/decks/list/6739,Purple Enelby Jcobs,2,OP12-063,Vinsmoke Reiju,4
https://onepiece.limitlesstcg.com/decks/list/6739,Purple Enelby Jcobs,2,OP09-072,Franky,2
https://onepiece.limitlesstcg.com/decks/list/6739,Purple Enelby Jcobs,2,OP10-067,Senor Pink,2
https://onepiece.limitlesstcg.com/decks/list/6739,Purple Enelby Jcobs,2,OP15-118,Enel,4
https://onepiece.limitlesstcg.com/decks/list/6739,Purple Enelby Jcobs,2,OP15-074,Varie,4
https://onepiece.limitlesstcg.com/decks/list/6739,Purple Enelby Jcobs,2,OP15-075,El Thor,4
https://onepiece.limitlesstcg.com/decks/list/6739,Purple Enelby Jcobs,2,OP15-076,Lightning Beast Kiten,4
https://onepiece.limitlesstcg.com/decks/list/6739,Purple Enelby Jcobs,2,OP15-077,Lightning Dragon,4
https://onepiece.limitlesstcg.com/decks/list/6739,Purple Enelby Jcobs,2,OP15-078,Mamaragan,4
https://onepiece.limitlesstcg.com/decks/list/6739,Purple Enelby Jcobs,2,OP13-076,Divine Departure,1
https://onepiece.limitlesstcg.com/decks/list/6739,Purple Enelby Jcobs,2,OP05-077,Gamma Knife,3
https://onepiece.limitlesstcg.com/decks/list/6732,Blue/Yellow Namiby Peligro,3,OP11-041,Nami,1
https://onepiece.limitlesstcg.com/decks/list/6732,Blue/Yellow Namiby Peligro,3,OP14-102,Kumacy,4
https://onepiece.limitlesstcg.com/decks/list/6732,Blue/Yellow Namiby Peligro,3,OP06-106,Kouzuki Hiyori,3
https://onepiece.limitlesstcg.com/decks/list/6732,Blue/Yellow Namiby Peligro,3,OP11-106,Zeus,3
https://onepiece.limitlesstcg.com/decks/list/6732,Blue/Yellow Namiby Peligro,3,OP14-110,Dr. Hogback,4
https://onepiece.limitlesstcg.com/decks/list/6732,Blue/Yellow Namiby Peligro,3,OP14-111,Perona,4
https://onepiece.limitlesstcg.com/decks/list/6732,Blue/Yellow Namiby Peligro,3,OP16-056,Mr.3(Galdino),3
https://onepiece.limitlesstcg.com/decks/list/6732,Blue/Yellow Namiby Peligro,3,OP06-104,Kikunojo,2
https://onepiece.limitlesstcg.com/decks/list/6732,Blue/Yellow Namiby Peligro,3,OP15-113,Roronoa Zoro,2
https://onepiece.limitlesstcg.com/decks/list/6732,Blue/Yellow Namiby Peligro,3,EB03-053,Nami,4
https://onepiece.limitlesstcg.com/decks/list/6732,Blue/Yellow Namiby Peligro,3,EB04-058,Borsalino,4
https://onepiece.limitlesstcg.com/decks/list/6732,Blue/Yellow Namiby Peligro,3,OP14-108,Silvers Rayleigh,3
https://onepiece.limitlesstcg.com/decks/list/6732,Blue/Yellow Namiby Peligro,3,EB03-055,Nico Robin,4
https://onepiece.limitlesstcg.com/decks/list/6732,Blue/Yellow Namiby Peligro,3,OP14-104,Gecko Moria,4
https://onepiece.limitlesstcg.com/decks/list/6732,Blue/Yellow Namiby Peligro,3,OP16-119,Marshall.D.Teach,3
https://onepiece.limitlesstcg.com/decks/list/6732,Blue/Yellow Namiby Peligro,3,OP13-042,Edward.Newgate,3
https://onepiece.limitlesstcg.com/decks/list/6740,Purple Enelby Celes [WL],4,OP15-058,Enel,1
https://onepiece.limitlesstcg.com/decks/list/6740,Purple Enelby Celes [WL],4,OP15-061,Ohm,4
https://onepiece.limitlesstcg.com/decks/list/6740,Purple Enelby Celes [WL],4,OP15-067,Shura,4
https://onepiece.limitlesstcg.com/decks/list/6740,Purple Enelby Celes [WL],4,OP12-071,Charlotte Pudding,3
https://onepiece.limitlesstcg.com/decks/list/6740,Purple Enelby Celes [WL],4,OP15-066,Satori,3
https://onepiece.limitlesstcg.com/decks/list/6740,Purple Enelby Celes [WL],4,OP09-072,Franky,3
https://onepiece.limitlesstcg.com/decks/list/6740,Purple Enelby Celes [WL],4,OP12-063,Vinsmoke Reiju,3
https://onepiece.limitlesstcg.com/decks/list/6740,Purple Enelby Celes [WL],4,OP10-067,Senor Pink,1
https://onepiece.limitlesstcg.com/decks/list/6740,Purple Enelby Celes [WL],4,OP15-118,Enel,4
https://onepiece.limitlesstcg.com/decks/list/6740,Purple Enelby Celes [WL],4,OP15-060,Enel,1
https://onepiece.limitlesstcg.com/decks/list/6740,Purple Enelby Celes [WL],4,OP15-075,El Thor,4
https://onepiece.limitlesstcg.com/decks/list/6740,Purple Enelby Celes [WL],4,OP15-076,Lightning Beast Kiten,4
https://onepiece.limitlesstcg.com/decks/list/6740,Purple Enelby Celes [WL],4,OP15-077,Lightning Dragon,4
https://onepiece.limitlesstcg.com/decks/list/6740,Purple Enelby Celes [WL],4,OP15-078,Mamaragan,4
https://onepiece.limitlesstcg.com/decks/list/6740,Purple Enelby Celes [WL],4,OP15-074,Varie,3
https://onepiece.limitlesstcg.com/decks/list/6740,Purple Enelby Celes [WL],4,OP13-076,Divine Departure,2
https://onepiece.limitlesstcg.com/decks/list/6740,Purple Enelby Celes [WL],4,OP05-077,Gamma Knife,3
https://onepiece.limitlesstcg.com/decks/list/6741,Blue/Yellow Namiby Jose Luis Alva Cuadros,5,OP11-041,Nami,1
https://onepiece.limitlesstcg.com/decks/list/6741,Blue/Yellow Namiby Jose Luis Alva Cuadros,5,OP14-102,Kumacy,4
https://onepiece.limitlesstcg.com/decks/list/6741,Blue/Yellow Namiby Jose Luis Alva Cuadros,5,OP11-106,Zeus,4
https://onepiece.limitlesstcg.com/decks/list/6741,Blue/Yellow Namiby Jose Luis Alva Cuadros,5,OP08-050,Namule,1
https://onepiece.limitlesstcg.com/decks/list/6741,Blue/Yellow Namiby Jose Luis Alva Cuadros,5,OP14-110,Dr. Hogback,4
https://onepiece.limitlesstcg.com/decks/list/6741,Blue/Yellow Namiby Jose Luis Alva Cuadros,5,OP14-111,Perona,4
https://onepiece.limitlesstcg.com/decks/list/6741,Blue/Yellow Namiby Jose Luis Alva Cuadros,5,OP06-104,Kikunojo,2
https://onepiece.limitlesstcg.com/decks/list/6741,Blue/Yellow Namiby Jose Luis Alva Cuadros,5,OP12-112,Baby 5,2
https://onepiece.limitlesstcg.com/decks/list/6741,Blue/Yellow Namiby Jose Luis Alva Cuadros,5,OP15-113,Roronoa Zoro,2
https://onepiece.limitlesstcg.com/decks/list/6741,Blue/Yellow Namiby Jose Luis Alva Cuadros,5,OP16-056,Mr.3(Galdino),2
https://onepiece.limitlesstcg.com/decks/list/6741,Blue/Yellow Namiby Jose Luis Alva Cuadros,5,PRB02-008,Marco,1
https://onepiece.limitlesstcg.com/decks/list/6741,Blue/Yellow Namiby Jose Luis Alva Cuadros,5,EB03-053,Nami,4
https://onepiece.limitlesstcg.com/decks/list/6741,Blue/Yellow Namiby Jose Luis Alva Cuadros,5,EB04-058,Borsalino,4
https://onepiece.limitlesstcg.com/decks/list/6741,Blue/Yellow Namiby Jose Luis Alva Cuadros,5,OP15-114,Wyper,2
https://onepiece.limitlesstcg.com/decks/list/6741,Blue/Yellow Namiby Jose Luis Alva Cuadros,5,EB03-055,Nico Robin,4
https://onepiece.limitlesstcg.com/decks/list/6741,Blue/Yellow Namiby Jose Luis Alva Cuadros,5,OP14-104,Gecko Moria,4
https://onepiece.limitlesstcg.com/decks/list/6741,Blue/Yellow Namiby Jose Luis Alva Cuadros,5,OP13-042,Edward.Newgate,4
https://onepiece.limitlesstcg.com/decks/list/6741,Blue/Yellow Namiby Jose Luis Alva Cuadros,5,OP15-116,Gum-Gum Golden Rifle,1
https://onepiece.limitlesstcg.com/decks/list/6741,Blue/Yellow Namiby Jose Luis Alva Cuadros,5,OP06-058,Gravity Blade Raging Tiger,1
https://onepiece.limitlesstcg.com/decks/list/6742,Green/Blue Luffyby Zalo,6,OP16-022,Monkey.D.Luffy,1
https://onepiece.limitlesstcg.com/decks/list/6742,Green/Blue Luffyby Zalo,6,OP16-034,Monkey.D.Luffy,4
https://onepiece.limitlesstcg.com/decks/list/6742,Green/Blue Luffyby Zalo,6,OP16-054,Mr.1(Daz.Bonez),4
https://onepiece.limitlesstcg.com/decks/list/6742,Green/Blue Luffyby Zalo,6,OP16-055,Mr.2.Bon.Kurei(Bentham),4
https://onepiece.limitlesstcg.com/decks/list/6742,Green/Blue Luffyby Zalo,6,ST30-014,Mr.3(Galdino),2
https://onepiece.limitlesstcg.com/decks/list/6742,Green/Blue Luffyby Zalo,6,OP16-027,Jinbe,1
https://onepiece.limitlesstcg.com/decks/list/6742,Green/Blue Luffyby Zalo,6,OP16-045,Crocodile,4
https://onepiece.limitlesstcg.com/decks/list/6742,Green/Blue Luffyby Zalo,6,OP16-056,Mr.3(Galdino),4
https://onepiece.limitlesstcg.com/decks/list/6742,Green/Blue Luffyby Zalo,6,OP16-026,Emporio.Ivankov,3
https://onepiece.limitlesstcg.com/decks/list/6742,Green/Blue Luffyby Zalo,6,OP16-048,Buggy,4
https://onepiece.limitlesstcg.com/decks/list/6742,Green/Blue Luffyby Zalo,6,OP16-042,Prisoner of Impel Down,8
https://onepiece.limitlesstcg.com/decks/list/6742,Green/Blue Luffyby Zalo,6,OP15-032,Brook,1
https://onepiece.limitlesstcg.com/decks/list/6742,Green/Blue Luffyby Zalo,6,OP16-032,Boa Hancock,3
https://onepiece.limitlesstcg.com/decks/list/6742,Green/Blue Luffyby Zalo,6,OP02-068,Gum-Gum Rain,1
https://onepiece.limitlesstcg.com/decks/list/6742,Green/Blue Luffyby Zalo,6,OP16-038,Let's Go!! To the Navy Headquarters!!,2
https://onepiece.limitlesstcg.com/decks/list/6742,Green/Blue Luffyby Zalo,6,OP12-037,Demon Aura Nine Sword Style Asura Blades Drawn Dead Man's Game,1
https://onepiece.limitlesstcg.com/decks/list/6742,Green/Blue Luffyby Zalo,6,OP13-040,I Know You're Strong... So I'll Go All Out from the Very Start!!!,1
https://onepiece.limitlesstcg.com/decks/list/6742,Green/Blue Luffyby Zalo,6,OP11-061,Gum-Gum Jet Culverin,1
https://onepiece.limitlesstcg.com/decks/list/6742,Green/Blue Luffyby Zalo,6,OP06-058,Gravity Blade Raging Tiger,2
https://onepiece.limitlesstcg.com/decks/list/6743,Blue/Yellow Namiby CS Kasper,7,OP11-041,Nami,1
https://onepiece.limitlesstcg.com/decks/list/6743,Blue/Yellow Namiby CS Kasper,7,OP14-102,Kumacy,4
https://onepiece.limitlesstcg.com/decks/list/6743,Blue/Yellow Namiby CS Kasper,7,OP11-106,Zeus,4
https://onepiece.limitlesstcg.com/decks/list/6743,Blue/Yellow Namiby CS Kasper,7,OP14-111,Perona,4
https://onepiece.limitlesstcg.com/decks/list/6743,Blue/Yellow Namiby CS Kasper,7,OP06-104,Kikunojo,3
https://onepiece.limitlesstcg.com/decks/list/6743,Blue/Yellow Namiby CS Kasper,7,OP14-110,Dr. Hogback,3
https://onepiece.limitlesstcg.com/decks/list/6743,Blue/Yellow Namiby CS Kasper,7,OP16-056,Mr.3(Galdino),3
https://onepiece.limitlesstcg.com/decks/list/6743,Blue/Yellow Namiby CS Kasper,7,OP12-112,Baby 5,2
https://onepiece.limitlesstcg.com/decks/list/6743,Blue/Yellow Namiby CS Kasper,7,PRB02-008,Marco,2
https://onepiece.limitlesstcg.com/decks/list/6743,Blue/Yellow Namiby CS Kasper,7,OP15-113,Roronoa Zoro,1
https://onepiece.limitlesstcg.com/decks/list/6743,Blue/Yellow Namiby CS Kasper,7,EB03-053,Nami,4
https://onepiece.limitlesstcg.com/decks/list/6743,Blue/Yellow Namiby CS Kasper,7,EB04-058,Borsalino,4
https://onepiece.limitlesstcg.com/decks/list/6743,Blue/Yellow Namiby CS Kasper,7,OP15-114,Wyper,2
https://onepiece.limitlesstcg.com/decks/list/6743,Blue/Yellow Namiby CS Kasper,7,EB03-055,Nico Robin,4
https://onepiece.limitlesstcg.com/decks/list/6743,Blue/Yellow Namiby CS Kasper,7,OP14-104,Gecko Moria,4
https://onepiece.limitlesstcg.com/decks/list/6743,Blue/Yellow Namiby CS Kasper,7,OP16-119,Marshall.D.Teach,2
https://onepiece.limitlesstcg.com/decks/list/6743,Blue/Yellow Namiby CS Kasper,7,OP13-042,Edward.Newgate,4
https://onepiece.limitlesstcg.com/decks/list/6744,Red/Blue Lucyby Crisaac31,8,OP15-002,Lucy,1
https://onepiece.limitlesstcg.com/decks/list/6744,Red/Blue Lucyby Crisaac31,8,OP15-040,Viola,4
https://onepiece.limitlesstcg.com/decks/list/6744,Red/Blue Lucyby Crisaac31,8,OP15-052,Leo,4
https://onepiece.limitlesstcg.com/decks/list/6744,Red/Blue Lucyby Crisaac31,8,OP15-053,Rebecca,4
https://onepiece.limitlesstcg.com/decks/list/6744,Red/Blue Lucyby Crisaac31,8,OP10-045,Cavendish,3
https://onepiece.limitlesstcg.com/decks/list/6744,Red/Blue Lucyby Crisaac31,8,OP15-014,Bartolomeo,3
https://onepiece.limitlesstcg.com/decks/list/6744,Red/Blue Lucyby Crisaac31,8,OP08-047,Jozu,2
https://onepiece.limitlesstcg.com/decks/list/6744,Red/Blue Lucyby Crisaac31,8,OP15-046,Sabo,4
https://onepiece.limitlesstcg.com/decks/list/6744,Red/Blue Lucyby Crisaac31,8,OP09-118,Gol.D.Roger,1
https://onepiece.limitlesstcg.com/decks/list/6744,Red/Blue Lucyby Crisaac31,8,ST10-015,Gum-Gum Giant Sumo Slap,2
https://onepiece.limitlesstcg.com/decks/list/6744,Red/Blue Lucyby Crisaac31,8,OP05-019,Fire Fist,2
https://onepiece.limitlesstcg.com/decks/list/6744,Red/Blue Lucyby Crisaac31,8,OP15-055,"Go Ahead and Use 'Em, Mr. Luffy!!!",3
https://onepiece.limitlesstcg.com/decks/list/6744,Red/Blue Lucyby Crisaac31,8,OP15-054,And No One Else Can Have It! It's Our Memento of Him,4
https://onepiece.limitlesstcg.com/decks/list/6744,Red/Blue Lucyby Crisaac31,8,OP15-021,"Just Watch Me, Ace!!!",3
https://onepiece.limitlesstcg.com/decks/list/6744,Red/Blue Lucyby Crisaac31,8,OP10-060,Barrier-Barrier Pistol,4
https://onepiece.limitlesstcg.com/decks/list/6744,Red/Blue Lucyby Crisaac31,8,OP15-020,Fire Fist,4
https://onepiece.limitlesstcg.com/decks/list/6744,Red/Blue Lucyby Crisaac31,8,OP06-058,Gravity Blade Raging Tiger,1
https://onepiece.limitlesstcg.com/decks/list/6744,Red/Blue Lucyby Crisaac31,8,OP15-057,Dressrosa Kingdom,2
https://onepiece.limitlesstcg.com/decks/list/6727,Purple Enelby Matias Castro,9,OP15-058,Enel,1
https://onepiece.limitlesstcg.com/decks/list/6727,Purple Enelby Matias Castro,9,OP12-071,Charlotte Pudding,4
https://onepiece.limitlesstcg.com/decks/list/6727,Purple Enelby Matias Castro,9,OP15-061,Ohm,4
https://onepiece.limitlesstcg.com/decks/list/6727,Purple Enelby Matias Castro,9,OP15-067,Shura,4
https://onepiece.limitlesstcg.com/decks/list/6727,Purple Enelby Matias Castro,9,OP15-066,Satori,2
https://onepiece.limitlesstcg.com/decks/list/6727,Purple Enelby Matias Castro,9,OP12-063,Vinsmoke Reiju,3
https://onepiece.limitlesstcg.com/decks/list/6727,Purple Enelby Matias Castro,9,OP09-072,Franky,2
https://onepiece.limitlesstcg.com/decks/list/6727,Purple Enelby Matias Castro,9,ST10-010,Trafalgar Law,1
https://onepiece.limitlesstcg.com/decks/list/6727,Purple Enelby Matias Castro,9,OP10-067,Senor Pink,1
https://onepiece.limitlesstcg.com/decks/list/6727,Purple Enelby Matias Castro,9,OP15-118,Enel,4
https://onepiece.limitlesstcg.com/decks/list/6727,Purple Enelby Matias Castro,9,OP15-060,Enel,1
https://onepiece.limitlesstcg.com/decks/list/6727,Purple Enelby Matias Castro,9,OP15-074,Varie,4
https://onepiece.limitlesstcg.com/decks/list/6727,Purple Enelby Matias Castro,9,OP15-075,El Thor,4
https://onepiece.limitlesstcg.com/decks/list/6727,Purple Enelby Matias Castro,9,OP15-076,Lightning Beast Kiten,4
https://onepiece.limitlesstcg.com/decks/list/6727,Purple Enelby Matias Castro,9,OP15-077,Lightning Dragon,4
https://onepiece.limitlesstcg.com/decks/list/6727,Purple Enelby Matias Castro,9,OP15-078,Mamaragan,4
https://onepiece.limitlesstcg.com/decks/list/6727,Purple Enelby Matias Castro,9,OP13-076,Divine Departure,1
https://onepiece.limitlesstcg.com/decks/list/6727,Purple Enelby Matias Castro,9,OP05-077,Gamma Knife,3
https://onepiece.limitlesstcg.com/decks/list/6729,Purple/Yellow Rosinanteby Tlapaleria EL ROTOMARTILLO,10,OP12-061,Donquixote Rosinante,1
https://onepiece.limitlesstcg.com/decks/list/6729,Purple/Yellow Rosinanteby Tlapaleria EL ROTOMARTILLO,10,OP16-064,Koby,4
https://onepiece.limitlesstcg.com/decks/list/6729,Purple/Yellow Rosinanteby Tlapaleria EL ROTOMARTILLO,10,OP12-108,Donquixote Rosinante,3
https://onepiece.limitlesstcg.com/decks/list/6729,Purple/Yellow Rosinanteby Tlapaleria EL ROTOMARTILLO,10,OP16-067,Tsuru,2
https://onepiece.limitlesstcg.com/decks/list/6729,Purple/Yellow Rosinanteby Tlapaleria EL ROTOMARTILLO,10,P-088,Trafalgar Law,4
https://onepiece.limitlesstcg.com/decks/list/6729,Purple/Yellow Rosinanteby Tlapaleria EL ROTOMARTILLO,10,P-093,Trafalgar Law,4
https://onepiece.limitlesstcg.com/decks/list/6729,Purple/Yellow Rosinanteby Tlapaleria EL ROTOMARTILLO,10,ST10-010,Trafalgar Law,3
https://onepiece.limitlesstcg.com/decks/list/6729,Purple/Yellow Rosinanteby Tlapaleria EL ROTOMARTILLO,10,EB04-058,Borsalino,4
https://onepiece.limitlesstcg.com/decks/list/6729,Purple/Yellow Rosinanteby Tlapaleria EL ROTOMARTILLO,10,EB04-038,Rosinante & Law,4
https://onepiece.limitlesstcg.com/decks/list/6729,Purple/Yellow Rosinanteby Tlapaleria EL ROTOMARTILLO,10,OP16-065,Sakazuki,4
https://onepiece.limitlesstcg.com/decks/list/6729,Purple/Yellow Rosinanteby Tlapaleria EL ROTOMARTILLO,10,EB03-062,Trafalgar Law,1
https://onepiece.limitlesstcg.com/decks/list/6729,Purple/Yellow Rosinanteby Tlapaleria EL ROTOMARTILLO,10,OP15-078,Mamaragan,4
https://onepiece.limitlesstcg.com/decks/list/6729,Purple/Yellow Rosinanteby Tlapaleria EL ROTOMARTILLO,10,OP13-076,Divine Departure,2
https://onepiece.limitlesstcg.com/decks/list/6729,Purple/Yellow Rosinanteby Tlapaleria EL ROTOMARTILLO,10,OP12-115,I Love You!!,4
https://onepiece.limitlesstcg.com/decks/list/6729,Purple/Yellow Rosinanteby Tlapaleria EL ROTOMARTILLO,10,OP09-077,Gum-Gum Lightning,2
https://onepiece.limitlesstcg.com/decks/list/6729,Purple/Yellow Rosinanteby Tlapaleria EL ROTOMARTILLO,10,OP07-076,Slow-Slow Beam Sword,1
https://onepiece.limitlesstcg.com/decks/list/6729,Purple/Yellow Rosinanteby Tlapaleria EL ROTOMARTILLO,10,OP16-078,Marineford,4
https://onepiece.limitlesstcg.com/decks/list/6745,Black/Yellow Blackbeardby DANIEL,12,OP16-080,Marshall.D.Teach,1
https://onepiece.limitlesstcg.com/decks/list/6745,Black/Yellow Blackbeardby DANIEL,12,OP16-110,Vasco Shot,4
https://onepiece.limitlesstcg.com/decks/list/6745,Black/Yellow Blackbeardby DANIEL,12,OP16-102,Avalo Pizarro,3
https://onepiece.limitlesstcg.com/decks/list/6745,Black/Yellow Blackbeardby DANIEL,12,OP09-095,Laffitte,2
https://onepiece.limitlesstcg.com/decks/list/6745,Black/Yellow Blackbeardby DANIEL,12,OP16-109,Doc Q,2
https://onepiece.limitlesstcg.com/decks/list/6745,Black/Yellow Blackbeardby DANIEL,12,OP16-104,Catarina Devon,4
https://onepiece.limitlesstcg.com/decks/list/6745,Black/Yellow Blackbeardby DANIEL,12,OP09-086,Jesus Burgess,3
https://onepiece.limitlesstcg.com/decks/list/6745,Black/Yellow Blackbeardby DANIEL,12,OP16-106,Sanjuan.Wolf,3
https://onepiece.limitlesstcg.com/decks/list/6745,Black/Yellow Blackbeardby DANIEL,12,EB04-058,Borsalino,3
https://onepiece.limitlesstcg.com/decks/list/6745,Black/Yellow Blackbeardby DANIEL,12,OP14-108,Silvers Rayleigh,4
https://onepiece.limitlesstcg.com/decks/list/6745,Black/Yellow Blackbeardby DANIEL,12,OP16-108,Shiryu,4
https://onepiece.limitlesstcg.com/decks/list/6745,Black/Yellow Blackbeardby DANIEL,12,OP16-119,Marshall.D.Teach,4
https://onepiece.limitlesstcg.com/decks/list/6745,Black/Yellow Blackbeardby DANIEL,12,OP14-112,Boa Hancock,1
https://onepiece.limitlesstcg.com/decks/list/6745,Black/Yellow Blackbeardby DANIEL,12,OP09-093,Marshall.D.Teach,3
https://onepiece.limitlesstcg.com/decks/list/6745,Black/Yellow Blackbeardby DANIEL,12,OP09-096,My Era...Begins!!,4
https://onepiece.limitlesstcg.com/decks/list/6745,Black/Yellow Blackbeardby DANIEL,12,OP16-116,Zehahahahaha!,2
https://onepiece.limitlesstcg.com/decks/list/6745,Black/Yellow Blackbeardby DANIEL,12,OP09-099,Fullalead,4
https://onepiece.limitlesstcg.com/decks/list/6746,Green/Blue Luffyby [FM] Yoshimitsu,13,OP16-022,Monkey.D.Luffy,1
https://onepiece.limitlesstcg.com/decks/list/6746,Green/Blue Luffyby [FM] Yoshimitsu,13,OP16-034,Monkey.D.Luffy,4
https://onepiece.limitlesstcg.com/decks/list/6746,Green/Blue Luffyby [FM] Yoshimitsu,13,OP16-054,Mr.1(Daz.Bonez),4
https://onepiece.limitlesstcg.com/decks/list/6746,Green/Blue Luffyby [FM] Yoshimitsu,13,OP16-055,Mr.2.Bon.Kurei(Bentham),4
https://onepiece.limitlesstcg.com/decks/list/6746,Green/Blue Luffyby [FM] Yoshimitsu,13,ST30-014,Mr.3(Galdino),3
https://onepiece.limitlesstcg.com/decks/list/6746,Green/Blue Luffyby [FM] Yoshimitsu,13,ST12-010,Emporio.Ivankov,2
https://onepiece.limitlesstcg.com/decks/list/6746,Green/Blue Luffyby [FM] Yoshimitsu,13,OP16-045,Crocodile,4
https://onepiece.limitlesstcg.com/decks/list/6746,Green/Blue Luffyby [FM] Yoshimitsu,13,OP16-056,Mr.3(Galdino),4
https://onepiece.limitlesstcg.com/decks/list/6746,Green/Blue Luffyby [FM] Yoshimitsu,13,OP16-026,Emporio.Ivankov,1
https://onepiece.limitlesstcg.com/decks/list/6746,Green/Blue Luffyby [FM] Yoshimitsu,13,OP16-048,Buggy,4
https://onepiece.limitlesstcg.com/decks/list/6746,Green/Blue Luffyby [FM] Yoshimitsu,13,OP16-042,Prisoner of Impel Down,9
https://onepiece.limitlesstcg.com/decks/list/6746,Green/Blue Luffyby [FM] Yoshimitsu,13,OP15-032,Brook,1
https://onepiece.limitlesstcg.com/decks/list/6746,Green/Blue Luffyby [FM] Yoshimitsu,13,OP16-032,Boa Hancock,3
https://onepiece.limitlesstcg.com/decks/list/6746,Green/Blue Luffyby [FM] Yoshimitsu,13,OP02-068,Gum-Gum Rain,1
https://onepiece.limitlesstcg.com/decks/list/6746,Green/Blue Luffyby [FM] Yoshimitsu,13,OP16-038,Let's Go!! To the Navy Headquarters!!,2
https://onepiece.limitlesstcg.com/decks/list/6746,Green/Blue Luffyby [FM] Yoshimitsu,13,OP12-037,Demon Aura Nine Sword Style Asura Blades Drawn Dead Man's Game,1
https://onepiece.limitlesstcg.com/decks/list/6746,Green/Blue Luffyby [FM] Yoshimitsu,13,OP11-061,Gum-Gum Jet Culverin,1
https://onepiece.limitlesstcg.com/decks/list/6746,Green/Blue Luffyby [FM] Yoshimitsu,13,OP06-058,Gravity Blade Raging Tiger,2
https://onepiece.limitlesstcg.com/decks/list/6747,Green/Blue Luffyby Frankopolus,14,OP16-022,Monkey.D.Luffy,1
https://onepiece.limitlesstcg.com/decks/list/6747,Green/Blue Luffyby Frankopolus,14,OP16-034,Monkey.D.Luffy,4
https://onepiece.limitlesstcg.com/decks/list/6747,Green/Blue Luffyby Frankopolus,14,OP16-054,Mr.1(Daz.Bonez),4
https://onepiece.limitlesstcg.com/decks/list/6747,Green/Blue Luffyby Frankopolus,14,OP16-055,Mr.2.Bon.Kurei(Bentham),4
https://onepiece.limitlesstcg.com/decks/list/6747,Green/Blue Luffyby Frankopolus,14,OP16-027,Jinbe,2
https://onepiece.limitlesstcg.com/decks/list/6747,Green/Blue Luffyby Frankopolus,14,ST30-014,Mr.3(Galdino),2
https://onepiece.limitlesstcg.com/decks/list/6747,Green/Blue Luffyby Frankopolus,14,OP16-056,Mr.3(Galdino),4
https://onepiece.limitlesstcg.com/decks/list/6747,Green/Blue Luffyby Frankopolus,14,OP16-026,Emporio.Ivankov,3
https://onepiece.limitlesstcg.com/decks/list/6747,Green/Blue Luffyby Frankopolus,14,OP16-045,Crocodile,3
https://onepiece.limitlesstcg.com/decks/list/6747,Green/Blue Luffyby Frankopolus,14,OP16-048,Buggy,4
https://onepiece.limitlesstcg.com/decks/list/6747,Green/Blue Luffyby Frankopolus,14,OP16-042,Prisoner of Impel Down,8
https://onepiece.limitlesstcg.com/decks/list/6747,Green/Blue Luffyby Frankopolus,14,OP15-032,Brook,2
https://onepiece.limitlesstcg.com/decks/list/6747,Green/Blue Luffyby Frankopolus,14,OP16-032,Boa Hancock,4
https://onepiece.limitlesstcg.com/decks/list/6747,Green/Blue Luffyby Frankopolus,14,OP02-068,Gum-Gum Rain,1
https://onepiece.limitlesstcg.com/decks/list/6747,Green/Blue Luffyby Frankopolus,14,OP16-038,Let's Go!! To the Navy Headquarters!!,2
https://onepiece.limitlesstcg.com/decks/list/6747,Green/Blue Luffyby Frankopolus,14,OP12-037,Demon Aura Nine Sword Style Asura Blades Drawn Dead Man's Game,1
https://onepiece.limitlesstcg.com/decks/list/6747,Green/Blue Luffyby Frankopolus,14,OP06-058,Gravity Blade Raging Tiger,2
https://onepiece.limitlesstcg.com/decks/list/6728,Purple Enelby CS Donquixote Dochinitos,15,OP15-058,Enel,1
https://onepiece.limitlesstcg.com/decks/list/6728,Purple Enelby CS Donquixote Dochinitos,15,OP12-071,Charlotte Pudding,4
https://onepiece.limitlesstcg.com/decks/list/6728,Purple Enelby CS Donquixote Dochinitos,15,OP15-061,Ohm,4
https://onepiece.limitlesstcg.com/decks/list/6728,Purple Enelby CS Donquixote Dochinitos,15,OP15-067,Shura,4
https://onepiece.limitlesstcg.com/decks/list/6728,Purple Enelby CS Donquixote Dochinitos,15,OP15-066,Satori,2
https://onepiece.limitlesstcg.com/decks/list/6728,Purple Enelby CS Donquixote Dochinitos,15,OP12-063,Vinsmoke Reiju,4
https://onepiece.limitlesstcg.com/decks/list/6728,Purple Enelby CS Donquixote Dochinitos,15,OP09-072,Franky,2
https://onepiece.limitlesstcg.com/decks/list/6728,Purple Enelby CS Donquixote Dochinitos,15,OP10-067,Senor Pink,1
https://onepiece.limitlesstcg.com/decks/list/6728,Purple Enelby CS Donquixote Dochinitos,15,OP15-118,Enel,4
https://onepiece.limitlesstcg.com/decks/list/6728,Purple Enelby CS Donquixote Dochinitos,15,OP15-060,Enel,1
https://onepiece.limitlesstcg.com/decks/list/6728,Purple Enelby CS Donquixote Dochinitos,15,OP15-074,Varie,4
https://onepiece.limitlesstcg.com/decks/list/6728,Purple Enelby CS Donquixote Dochinitos,15,OP15-075,El Thor,4
https://onepiece.limitlesstcg.com/decks/list/6728,Purple Enelby CS Donquixote Dochinitos,15,OP15-076,Lightning Beast Kiten,4
https://onepiece.limitlesstcg.com/decks/list/6728,Purple Enelby CS Donquixote Dochinitos,15,OP15-077,Lightning Dragon,4
https://onepiece.limitlesstcg.com/decks/list/6728,Purple Enelby CS Donquixote Dochinitos,15,OP15-078,Mamaragan,4
https://onepiece.limitlesstcg.com/decks/list/6728,Purple Enelby CS Donquixote Dochinitos,15,OP13-076,Divine Departure,1
https://onepiece.limitlesstcg.com/decks/list/6728,Purple Enelby CS Donquixote Dochinitos,15,OP05-077,Gamma Knife,3
https://onepiece.limitlesstcg.com/decks/list/6748,Blue/Yellow Namiby Alexis Romero Soto,16,OP11-041,Nami,1
https://onepiece.limitlesstcg.com/decks/list/6748,Blue/Yellow Namiby Alexis Romero Soto,16,OP14-102,Kumacy,4
https://onepiece.limitlesstcg.com/decks/list/6748,Blue/Yellow Namiby Alexis Romero Soto,16,OP11-106,Zeus,3
https://onepiece.limitlesstcg.com/decks/list/6748,Blue/Yellow Namiby Alexis Romero Soto,16,OP14-110,Dr. Hogback,4
https://onepiece.limitlesstcg.com/decks/list/6748,Blue/Yellow Namiby Alexis Romero Soto,16,OP14-111,Perona,4
https://onepiece.limitlesstcg.com/decks/list/6748,Blue/Yellow Namiby Alexis Romero Soto,16,OP06-104,Kikunojo,3
https://onepiece.limitlesstcg.com/decks/list/6748,Blue/Yellow Namiby Alexis Romero Soto,16,OP12-112,Baby 5,3
https://onepiece.limitlesstcg.com/decks/list/6748,Blue/Yellow Namiby Alexis Romero Soto,16,OP16-056,Mr.3(Galdino),3
https://onepiece.limitlesstcg.com/decks/list/6748,Blue/Yellow Namiby Alexis Romero Soto,16,OP15-113,Roronoa Zoro,2
https://onepiece.limitlesstcg.com/decks/list/6748,Blue/Yellow Namiby Alexis Romero Soto,16,EB03-053,Nami,4
https://onepiece.limitlesstcg.com/decks/list/6748,Blue/Yellow Namiby Alexis Romero Soto,16,EB04-058,Borsalino,4
https://onepiece.limitlesstcg.com/decks/list/6748,Blue/Yellow Namiby Alexis Romero Soto,16,OP14-108,Silvers Rayleigh,2
https://onepiece.limitlesstcg.com/decks/list/6748,Blue/Yellow Namiby Alexis Romero Soto,16,EB03-055,Nico Robin,4
https://onepiece.limitlesstcg.com/decks/list/6748,Blue/Yellow Namiby Alexis Romero Soto,16,OP14-104,Gecko Moria,4
https://onepiece.limitlesstcg.com/decks/list/6748,Blue/Yellow Namiby Alexis Romero Soto,16,OP16-119,Marshall.D.Teach,3
https://onepiece.limitlesstcg.com/decks/list/6748,Blue/Yellow Namiby Alexis Romero Soto,16,OP13-042,Edward.Newgate,3
https://onepiece.limitlesstcg.com/decks/list/6771,Green/Blue Luffyby [T3] Howie.TOFU,1,OP16-022,Monkey.D.Luffy,1
https://onepiece.limitlesstcg.com/decks/list/6771,Green/Blue Luffyby [T3] Howie.TOFU,1,OP16-034,Monkey.D.Luffy,4
https://onepiece.limitlesstcg.com/decks/list/6771,Green/Blue Luffyby [T3] Howie.TOFU,1,OP16-054,Mr.1(Daz.Bonez),4
https://onepiece.limitlesstcg.com/decks/list/6771,Green/Blue Luffyby [T3] Howie.TOFU,1,OP16-055,Mr.2.Bon.Kurei(Bentham),4
https://onepiece.limitlesstcg.com/decks/list/6771,Green/Blue Luffyby [T3] Howie.TOFU,1,ST30-014,Mr.3(Galdino),3
https://onepiece.limitlesstcg.com/decks/list/6771,Green/Blue Luffyby [T3] Howie.TOFU,1,ST12-010,Emporio.Ivankov,2
https://onepiece.limitlesstcg.com/decks/list/6771,Green/Blue Luffyby [T3] Howie.TOFU,1,OP16-045,Crocodile,4
https://onepiece.limitlesstcg.com/decks/list/6771,Green/Blue Luffyby [T3] Howie.TOFU,1,OP16-056,Mr.3(Galdino),4
https://onepiece.limitlesstcg.com/decks/list/6771,Green/Blue Luffyby [T3] Howie.TOFU,1,OP16-026,Emporio.Ivankov,2
https://onepiece.limitlesstcg.com/decks/list/6771,Green/Blue Luffyby [T3] Howie.TOFU,1,OP16-048,Buggy,4
https://onepiece.limitlesstcg.com/decks/list/6771,Green/Blue Luffyby [T3] Howie.TOFU,1,OP16-042,Prisoner of Impel Down,8
https://onepiece.limitlesstcg.com/decks/list/6771,Green/Blue Luffyby [T3] Howie.TOFU,1,OP15-032,Brook,1
https://onepiece.limitlesstcg.com/decks/list/6771,Green/Blue Luffyby [T3] Howie.TOFU,1,OP16-032,Boa Hancock,2
https://onepiece.limitlesstcg.com/decks/list/6771,Green/Blue Luffyby [T3] Howie.TOFU,1,OP02-068,Gum-Gum Rain,1
https://onepiece.limitlesstcg.com/decks/list/6771,Green/Blue Luffyby [T3] Howie.TOFU,1,OP13-040,I Know You're Strong... So I'll Go All Out from the Very Start!!!,2
https://onepiece.limitlesstcg.com/decks/list/6771,Green/Blue Luffyby [T3] Howie.TOFU,1,OP16-038,Let's Go!! To the Navy Headquarters!!,2
https://onepiece.limitlesstcg.com/decks/list/6771,Green/Blue Luffyby [T3] Howie.TOFU,1,OP12-037,Demon Aura Nine Sword Style Asura Blades Drawn Dead Man's Game,1
https://onepiece.limitlesstcg.com/decks/list/6771,Green/Blue Luffyby [T3] Howie.TOFU,1,OP11-061,Gum-Gum Jet Culverin,1
https://onepiece.limitlesstcg.com/decks/list/6771,Green/Blue Luffyby [T3] Howie.TOFU,1,OP06-058,Gravity Blade Raging Tiger,1
https://onepiece.limitlesstcg.com/decks/list/6772,Purple Enelby Jqcbozz,2,OP15-058,Enel,1
https://onepiece.limitlesstcg.com/decks/list/6772,Purple Enelby Jqcbozz,2,OP12-071,Charlotte Pudding,4
https://onepiece.limitlesstcg.com/decks/list/6772,Purple Enelby Jqcbozz,2,OP15-061,Ohm,4
https://onepiece.limitlesstcg.com/decks/list/6772,Purple Enelby Jqcbozz,2,OP15-067,Shura,4
https://onepiece.limitlesstcg.com/decks/list/6772,Purple Enelby Jqcbozz,2,OP15-066,Satori,2
https://onepiece.limitlesstcg.com/decks/list/6772,Purple Enelby Jqcbozz,2,OP12-063,Vinsmoke Reiju,4
https://onepiece.limitlesstcg.com/decks/list/6772,Purple Enelby Jqcbozz,2,OP09-072,Franky,2
https://onepiece.limitlesstcg.com/decks/list/6772,Purple Enelby Jqcbozz,2,OP10-067,Senor Pink,1
https://onepiece.limitlesstcg.com/decks/list/6772,Purple Enelby Jqcbozz,2,OP15-118,Enel,4
https://onepiece.limitlesstcg.com/decks/list/6772,Purple Enelby Jqcbozz,2,OP15-074,Varie,4
https://onepiece.limitlesstcg.com/decks/list/6772,Purple Enelby Jqcbozz,2,OP15-075,El Thor,4
https://onepiece.limitlesstcg.com/decks/list/6772,Purple Enelby Jqcbozz,2,OP15-076,Lightning Beast Kiten,4
https://onepiece.limitlesstcg.com/decks/list/6772,Purple Enelby Jqcbozz,2,OP15-077,Lightning Dragon,4
https://onepiece.limitlesstcg.com/decks/list/6772,Purple Enelby Jqcbozz,2,OP15-078,Mamaragan,4
https://onepiece.limitlesstcg.com/decks/list/6772,Purple Enelby Jqcbozz,2,OP13-076,Divine Departure,2
https://onepiece.limitlesstcg.com/decks/list/6772,Purple Enelby Jqcbozz,2,OP05-077,Gamma Knife,3
https://onepiece.limitlesstcg.com/decks/list/6510,Green/Blue Luffyby Sammy Wang,3,OP16-022,Monkey.D.Luffy,1
https://onepiece.limitlesstcg.com/decks/list/6510,Green/Blue Luffyby Sammy Wang,3,OP16-034,Monkey.D.Luffy,4
https://onepiece.limitlesstcg.com/decks/list/6510,Green/Blue Luffyby Sammy Wang,3,OP16-054,Mr.1(Daz.Bonez),4
https://onepiece.limitlesstcg.com/decks/list/6510,Green/Blue Luffyby Sammy Wang,3,OP16-055,Mr.2.Bon.Kurei(Bentham),4
https://onepiece.limitlesstcg.com/decks/list/6510,Green/Blue Luffyby Sammy Wang,3,ST30-014,Mr.3(Galdino),2
https://onepiece.limitlesstcg.com/decks/list/6510,Green/Blue Luffyby Sammy Wang,3,OP16-037,Mr.3(Galdino),1
https://onepiece.limitlesstcg.com/decks/list/6510,Green/Blue Luffyby Sammy Wang,3,OP16-045,Crocodile,4
https://onepiece.limitlesstcg.com/decks/list/6510,Green/Blue Luffyby Sammy Wang,3,OP16-056,Mr.3(Galdino),4
https://onepiece.limitlesstcg.com/decks/list/6510,Green/Blue Luffyby Sammy Wang,3,OP16-026,Emporio.Ivankov,3
https://onepiece.limitlesstcg.com/decks/list/6510,Green/Blue Luffyby Sammy Wang,3,OP16-048,Buggy,4
https://onepiece.limitlesstcg.com/decks/list/6510,Green/Blue Luffyby Sammy Wang,3,OP16-042,Prisoner of Impel Down,8
https://onepiece.limitlesstcg.com/decks/list/6510,Green/Blue Luffyby Sammy Wang,3,OP15-032,Brook,1
https://onepiece.limitlesstcg.com/decks/list/6510,Green/Blue Luffyby Sammy Wang,3,OP16-032,Boa Hancock,1
https://onepiece.limitlesstcg.com/decks/list/6510,Green/Blue Luffyby Sammy Wang,3,OP02-068,Gum-Gum Rain,1
https://onepiece.limitlesstcg.com/decks/list/6510,Green/Blue Luffyby Sammy Wang,3,EB01-028,Gum-Gum Champion Rifle,1
https://onepiece.limitlesstcg.com/decks/list/6510,Green/Blue Luffyby Sammy Wang,3,OP12-037,Demon Aura Nine Sword Style Asura Blades Drawn Dead Man's Game,1
https://onepiece.limitlesstcg.com/decks/list/6510,Green/Blue Luffyby Sammy Wang,3,OP12-038,Two-Sword Style Rashomon,1
https://onepiece.limitlesstcg.com/decks/list/6510,Green/Blue Luffyby Sammy Wang,3,OP13-040,I Know You're Strong... So I'll Go All Out from the Very Start!!!,1
https://onepiece.limitlesstcg.com/decks/list/6510,Green/Blue Luffyby Sammy Wang,3,OP16-038,Let's Go!! To the Navy Headquarters!!,1
https://onepiece.limitlesstcg.com/decks/list/6510,Green/Blue Luffyby Sammy Wang,3,OP08-036,Electrical Luna,3
https://onepiece.limitlesstcg.com/decks/list/6510,Green/Blue Luffyby Sammy Wang,3,OP06-058,Gravity Blade Raging Tiger,1
https://onepiece.limitlesstcg.com/decks/list/6773,Green/Blue Luffyby Grimjah189,4,OP16-022,Monkey.D.Luffy,1
https://onepiece.limitlesstcg.com/decks/list/6773,Green/Blue Luffyby Grimjah189,4,OP16-034,Monkey.D.Luffy,4
https://onepiece.limitlesstcg.com/decks/list/6773,Green/Blue Luffyby Grimjah189,4,OP16-054,Mr.1(Daz.Bonez),4
https://onepiece.limitlesstcg.com/decks/list/6773,Green/Blue Luffyby Grimjah189,4,OP16-055,Mr.2.Bon.Kurei(Bentham),4
https://onepiece.limitlesstcg.com/decks/list/6773,Green/Blue Luffyby Grimjah189,4,ST30-014,Mr.3(Galdino),3
https://onepiece.limitlesstcg.com/decks/list/6773,Green/Blue Luffyby Grimjah189,4,ST12-010,Emporio.Ivankov,1
https://onepiece.limitlesstcg.com/decks/list/6773,Green/Blue Luffyby Grimjah189,4,OP16-045,Crocodile,4
https://onepiece.limitlesstcg.com/decks/list/6773,Green/Blue Luffyby Grimjah189,4,OP16-056,Mr.3(Galdino),4
https://onepiece.limitlesstcg.com/decks/list/6773,Green/Blue Luffyby Grimjah189,4,OP16-026,Emporio.Ivankov,2
https://onepiece.limitlesstcg.com/decks/list/6773,Green/Blue Luffyby Grimjah189,4,OP16-048,Buggy,4
https://onepiece.limitlesstcg.com/decks/list/6773,Green/Blue Luffyby Grimjah189,4,OP16-042,Prisoner of Impel Down,9
https://onepiece.limitlesstcg.com/decks/list/6773,Green/Blue Luffyby Grimjah189,4,OP15-032,Brook,1
https://onepiece.limitlesstcg.com/decks/list/6773,Green/Blue Luffyby Grimjah189,4,OP16-032,Boa Hancock,2
https://onepiece.limitlesstcg.com/decks/list/6773,Green/Blue Luffyby Grimjah189,4,OP02-068,Gum-Gum Rain,1
https://onepiece.limitlesstcg.com/decks/list/6773,Green/Blue Luffyby Grimjah189,4,OP16-038,Let's Go!! To the Navy Headquarters!!,3
https://onepiece.limitlesstcg.com/decks/list/6773,Green/Blue Luffyby Grimjah189,4,OP12-037,Demon Aura Nine Sword Style Asura Blades Drawn Dead Man's Game,1
https://onepiece.limitlesstcg.com/decks/list/6773,Green/Blue Luffyby Grimjah189,4,OP11-061,Gum-Gum Jet Culverin,1
https://onepiece.limitlesstcg.com/decks/list/6773,Green/Blue Luffyby Grimjah189,4,OP06-058,Gravity Blade Raging Tiger,2
https://onepiece.limitlesstcg.com/decks/list/6774,Purple Enelby RD Wyzguy,5,OP15-058,Enel,1
https://onepiece.limitlesstcg.com/decks/list/6774,Purple Enelby RD Wyzguy,5,OP15-061,Ohm,4
https://onepiece.limitlesstcg.com/decks/list/6774,Purple Enelby RD Wyzguy,5,OP15-067,Shura,4
https://onepiece.limitlesstcg.com/decks/list/6774,Purple Enelby RD Wyzguy,5,OP12-071,Charlotte Pudding,3
https://onepiece.limitlesstcg.com/decks/list/6774,Purple Enelby RD Wyzguy,5,OP15-066,Satori,3
https://onepiece.limitlesstcg.com/decks/list/6774,Purple Enelby RD Wyzguy,5,OP09-072,Franky,3
https://onepiece.limitlesstcg.com/decks/list/6774,Purple Enelby RD Wyzguy,5,OP12-063,Vinsmoke Reiju,3
https://onepiece.limitlesstcg.com/decks/list/6774,Purple Enelby RD Wyzguy,5,OP10-067,Senor Pink,2
https://onepiece.limitlesstcg.com/decks/list/6774,Purple Enelby RD Wyzguy,5,OP15-118,Enel,4
https://onepiece.limitlesstcg.com/decks/list/6774,Purple Enelby RD Wyzguy,5,OP15-075,El Thor,4
https://onepiece.limitlesstcg.com/decks/list/6774,Purple Enelby RD Wyzguy,5,OP15-076,Lightning Beast Kiten,4
https://onepiece.limitlesstcg.com/decks/list/6774,Purple Enelby RD Wyzguy,5,OP15-077,Lightning Dragon,4
https://onepiece.limitlesstcg.com/decks/list/6774,Purple Enelby RD Wyzguy,5,OP15-078,Mamaragan,4
https://onepiece.limitlesstcg.com/decks/list/6774,Purple Enelby RD Wyzguy,5,OP15-074,Varie,3
https://onepiece.limitlesstcg.com/decks/list/6774,Purple Enelby RD Wyzguy,5,OP13-076,Divine Departure,2
https://onepiece.limitlesstcg.com/decks/list/6774,Purple Enelby RD Wyzguy,5,OP05-077,Gamma Knife,3
https://onepiece.limitlesstcg.com/decks/list/6775,Purple Enelby [T3] Egoist.Tofu,6,OP15-058,Enel,1
https://onepiece.limitlesstcg.com/decks/list/6775,Purple Enelby [T3] Egoist.Tofu,6,OP12-071,Charlotte Pudding,4
https://onepiece.limitlesstcg.com/decks/list/6775,Purple Enelby [T3] Egoist.Tofu,6,OP15-061,Ohm,4
https://onepiece.limitlesstcg.com/decks/list/6775,Purple Enelby [T3] Egoist.Tofu,6,OP15-067,Shura,4
https://onepiece.limitlesstcg.com/decks/list/6775,Purple Enelby [T3] Egoist.Tofu,6,OP15-071,Holly,3
https://onepiece.limitlesstcg.com/decks/list/6775,Purple Enelby [T3] Egoist.Tofu,6,OP12-063,Vinsmoke Reiju,3
https://onepiece.limitlesstcg.com/decks/list/6775,Purple Enelby [T3] Egoist.Tofu,6,OP09-072,Franky,2
https://onepiece.limitlesstcg.com/decks/list/6775,Purple Enelby [T3] Egoist.Tofu,6,ST10-010,Trafalgar Law,1
https://onepiece.limitlesstcg.com/decks/list/6775,Purple Enelby [T3] Egoist.Tofu,6,OP10-067,Senor Pink,1
https://onepiece.limitlesstcg.com/decks/list/6775,Purple Enelby [T3] Egoist.Tofu,6,OP15-118,Enel,4
https://onepiece.limitlesstcg.com/decks/list/6775,Purple Enelby [T3] Egoist.Tofu,6,OP15-075,El Thor,4
https://onepiece.limitlesstcg.com/decks/list/6775,Purple Enelby [T3] Egoist.Tofu,6,OP15-076,Lightning Beast Kiten,4
https://onepiece.limitlesstcg.com/decks/list/6775,Purple Enelby [T3] Egoist.Tofu,6,OP15-077,Lightning Dragon,4
https://onepiece.limitlesstcg.com/decks/list/6775,Purple Enelby [T3] Egoist.Tofu,6,OP15-078,Mamaragan,4
https://onepiece.limitlesstcg.com/decks/list/6775,Purple Enelby [T3] Egoist.Tofu,6,OP15-074,Varie,3
https://onepiece.limitlesstcg.com/decks/list/6775,Purple Enelby [T3] Egoist.Tofu,6,OP13-076,Divine Departure,1
https://onepiece.limitlesstcg.com/decks/list/6775,Purple Enelby [T3] Egoist.Tofu,6,OP05-077,Gamma Knife,3
https://onepiece.limitlesstcg.com/decks/list/6775,Purple Enelby [T3] Egoist.Tofu,6,OP09-077,Gum-Gum Lightning,1
https://onepiece.limitlesstcg.com/decks/list/6776,Red/Blue Lucyby Jovis,7,OP15-002,Lucy,1
https://onepiece.limitlesstcg.com/decks/list/6776,Red/Blue Lucyby Jovis,7,OP15-040,Viola,4
https://onepiece.limitlesstcg.com/decks/list/6776,Red/Blue Lucyby Jovis,7,OP15-052,Leo,4
https://onepiece.limitlesstcg.com/decks/list/6776,Red/Blue Lucyby Jovis,7,OP15-053,Rebecca,4
https://onepiece.limitlesstcg.com/decks/list/6776,Red/Blue Lucyby Jovis,7,OP05-015,Belo Betty,2
https://onepiece.limitlesstcg.com/decks/list/6776,Red/Blue Lucyby Jovis,7,OP10-045,Cavendish,3
https://onepiece.limitlesstcg.com/decks/list/6776,Red/Blue Lucyby Jovis,7,OP15-014,Bartolomeo,3
https://onepiece.limitlesstcg.com/decks/list/6776,Red/Blue Lucyby Jovis,7,OP15-048,Chinjao,1
https://onepiece.limitlesstcg.com/decks/list/6776,Red/Blue Lucyby Jovis,7,OP16-056,Mr.3(Galdino),1
https://onepiece.limitlesstcg.com/decks/list/6776,Red/Blue Lucyby Jovis,7,OP08-047,Jozu,2
https://onepiece.limitlesstcg.com/decks/list/6776,Red/Blue Lucyby Jovis,7,OP15-046,Sabo,4
https://onepiece.limitlesstcg.com/decks/list/6776,Red/Blue Lucyby Jovis,7,OP10-058,Rebecca,1
https://onepiece.limitlesstcg.com/decks/list/6776,Red/Blue Lucyby Jovis,7,OP13-042,Edward.Newgate,1
https://onepiece.limitlesstcg.com/decks/list/6776,Red/Blue Lucyby Jovis,7,OP05-019,Fire Fist,2
https://onepiece.limitlesstcg.com/decks/list/6776,Red/Blue Lucyby Jovis,7,OP15-055,"Go Ahead and Use 'Em, Mr. Luffy!!!",4
https://onepiece.limitlesstcg.com/decks/list/6776,Red/Blue Lucyby Jovis,7,OP15-054,And No One Else Can Have It! It's Our Memento of Him,4
https://onepiece.limitlesstcg.com/decks/list/6776,Red/Blue Lucyby Jovis,7,OP15-021,"Just Watch Me, Ace!!!",3
https://onepiece.limitlesstcg.com/decks/list/6776,Red/Blue Lucyby Jovis,7,OP10-060,Barrier-Barrier Pistol,3
https://onepiece.limitlesstcg.com/decks/list/6776,Red/Blue Lucyby Jovis,7,OP15-020,Fire Fist,3
https://onepiece.limitlesstcg.com/decks/list/6776,Red/Blue Lucyby Jovis,7,OP15-057,Dressrosa Kingdom,1
https://onepiece.limitlesstcg.com/decks/list/6777,Green/Blue Luffyby PhoneWalletKeys,8,OP16-022,Monkey.D.Luffy,1
https://onepiece.limitlesstcg.com/decks/list/6777,Green/Blue Luffyby PhoneWalletKeys,8,OP16-034,Monkey.D.Luffy,4
https://onepiece.limitlesstcg.com/decks/list/6777,Green/Blue Luffyby PhoneWalletKeys,8,OP16-054,Mr.1(Daz.Bonez),4
https://onepiece.limitlesstcg.com/decks/list/6777,Green/Blue Luffyby PhoneWalletKeys,8,OP16-055,Mr.2.Bon.Kurei(Bentham),4
https://onepiece.limitlesstcg.com/decks/list/6777,Green/Blue Luffyby PhoneWalletKeys,8,ST30-014,Mr.3(Galdino),2
https://onepiece.limitlesstcg.com/decks/list/6777,Green/Blue Luffyby PhoneWalletKeys,8,OP16-027,Jinbe,1
https://onepiece.limitlesstcg.com/decks/list/6777,Green/Blue Luffyby PhoneWalletKeys,8,OP16-056,Mr.3(Galdino),4
https://onepiece.limitlesstcg.com/decks/list/6777,Green/Blue Luffyby PhoneWalletKeys,8,OP16-045,Crocodile,3
https://onepiece.limitlesstcg.com/decks/list/6777,Green/Blue Luffyby PhoneWalletKeys,8,OP16-026,Emporio.Ivankov,2
https://onepiece.limitlesstcg.com/decks/list/6777,Green/Blue Luffyby PhoneWalletKeys,8,ST30-012,Monkey.D.Luffy,1
https://onepiece.limitlesstcg.com/decks/list/6777,Green/Blue Luffyby PhoneWalletKeys,8,OP16-048,Buggy,4
https://onepiece.limitlesstcg.com/decks/list/6777,Green/Blue Luffyby PhoneWalletKeys,8,OP16-042,Prisoner of Impel Down,9
https://onepiece.limitlesstcg.com/decks/list/6777,Green/Blue Luffyby PhoneWalletKeys,8,OP15-032,Brook,1
https://onepiece.limitlesstcg.com/decks/list/6777,Green/Blue Luffyby PhoneWalletKeys,8,OP16-032,Boa Hancock,3
https://onepiece.limitlesstcg.com/decks/list/6777,Green/Blue Luffyby PhoneWalletKeys,8,OP02-068,Gum-Gum Rain,1
https://onepiece.limitlesstcg.com/decks/list/6777,Green/Blue Luffyby PhoneWalletKeys,8,OP12-037,Demon Aura Nine Sword Style Asura Blades Drawn Dead Man's Game,1
https://onepiece.limitlesstcg.com/decks/list/6777,Green/Blue Luffyby PhoneWalletKeys,8,OP13-040,I Know You're Strong... So I'll Go All Out from the Very Start!!!,1
https://onepiece.limitlesstcg.com/decks/list/6777,Green/Blue Luffyby PhoneWalletKeys,8,OP16-038,Let's Go!! To the Navy Headquarters!!,1
https://onepiece.limitlesstcg.com/decks/list/6777,Green/Blue Luffyby PhoneWalletKeys,8,OP08-036,Electrical Luna,2
https://onepiece.limitlesstcg.com/decks/list/6777,Green/Blue Luffyby PhoneWalletKeys,8,OP06-058,Gravity Blade Raging Tiger,2
https://onepiece.limitlesstcg.com/decks/list/6778,Red/Green Luffyby Ricmasterflash,9,OP13-001,Monkey.D.Luffy,1
https://onepiece.limitlesstcg.com/decks/list/6778,Red/Green Luffyby Ricmasterflash,9,OP13-016,Monkey.D.Garp,4
https://onepiece.limitlesstcg.com/decks/list/6778,Red/Green Luffyby Ricmasterflash,9,OP15-035,Laboon,4
https://onepiece.limitlesstcg.com/decks/list/6778,Red/Green Luffyby Ricmasterflash,9,EB04-002,Jewelry Bonney,4
https://onepiece.limitlesstcg.com/decks/list/6778,Red/Green Luffyby Ricmasterflash,9,ST21-003,Sanji,2
https://onepiece.limitlesstcg.com/decks/list/6778,Red/Green Luffyby Ricmasterflash,9,OP13-037,Roronoa Zoro,4
https://onepiece.limitlesstcg.com/decks/list/6778,Red/Green Luffyby Ricmasterflash,9,OP14-022,Usopp,4
https://onepiece.limitlesstcg.com/decks/list/6778,Red/Green Luffyby Ricmasterflash,9,OP14-031,Nami,4
https://onepiece.limitlesstcg.com/decks/list/6778,Red/Green Luffyby Ricmasterflash,9,OP13-027,Sanji,4
https://onepiece.limitlesstcg.com/decks/list/6778,Red/Green Luffyby Ricmasterflash,9,OP13-118,Monkey.D.Luffy,4
https://onepiece.limitlesstcg.com/decks/list/6778,Red/Green Luffyby Ricmasterflash,9,OP15-032,Brook,3
https://onepiece.limitlesstcg.com/decks/list/6778,Red/Green Luffyby Ricmasterflash,9,EB04-007,Roronoa Zoro,4
https://onepiece.limitlesstcg.com/decks/list/6778,Red/Green Luffyby Ricmasterflash,9,OP13-028,Shanks,2
https://onepiece.limitlesstcg.com/decks/list/6778,Red/Green Luffyby Ricmasterflash,9,OP05-038,Charlestone,3
https://onepiece.limitlesstcg.com/decks/list/6778,Red/Green Luffyby Ricmasterflash,9,OP08-036,Electrical Luna,4
https://onepiece.limitlesstcg.com/decks/list/6779,Green/Blue Luffyby Tyler T.,10,OP16-022,Monkey.D.Luffy,1
https://onepiece.limitlesstcg.com/decks/list/6779,Green/Blue Luffyby Tyler T.,10,OP16-034,Monkey.D.Luffy,4
https://onepiece.limitlesstcg.com/decks/list/6779,Green/Blue Luffyby Tyler T.,10,OP16-054,Mr.1(Daz.Bonez),4
https://onepiece.limitlesstcg.com/decks/list/6779,Green/Blue Luffyby Tyler T.,10,OP16-055,Mr.2.Bon.Kurei(Bentham),4
https://onepiece.limitlesstcg.com/decks/list/6779,Green/Blue Luffyby Tyler T.,10,ST30-014,Mr.3(Galdino),4
https://onepiece.limitlesstcg.com/decks/list/6779,Green/Blue Luffyby Tyler T.,10,OP16-045,Crocodile,4
https://onepiece.limitlesstcg.com/decks/list/6779,Green/Blue Luffyby Tyler T.,10,OP16-056,Mr.3(Galdino),4
https://onepiece.limitlesstcg.com/decks/list/6779,Green/Blue Luffyby Tyler T.,10,OP16-026,Emporio.Ivankov,3
https://onepiece.limitlesstcg.com/decks/list/6779,Green/Blue Luffyby Tyler T.,10,OP16-048,Buggy,4
https://onepiece.limitlesstcg.com/decks/list/6779,Green/Blue Luffyby Tyler T.,10,OP16-042,Prisoner of Impel Down,8
https://onepiece.limitlesstcg.com/decks/list/6779,Green/Blue Luffyby Tyler T.,10,OP15-032,Brook,2
https://onepiece.limitlesstcg.com/decks/list/6779,Green/Blue Luffyby Tyler T.,10,OP16-032,Boa Hancock,3
https://onepiece.limitlesstcg.com/decks/list/6779,Green/Blue Luffyby Tyler T.,10,OP16-038,Let's Go!! To the Navy Headquarters!!,2
https://onepiece.limitlesstcg.com/decks/list/6779,Green/Blue Luffyby Tyler T.,10,EB01-028,Gum-Gum Champion Rifle,1
https://onepiece.limitlesstcg.com/decks/list/6779,Green/Blue Luffyby Tyler T.,10,OP12-037,Demon Aura Nine Sword Style Asura Blades Drawn Dead Man's Game,1
https://onepiece.limitlesstcg.com/decks/list/6779,Green/Blue Luffyby Tyler T.,10,OP13-040,I Know You're Strong... So I'll Go All Out from the Very Start!!!,1
https://onepiece.limitlesstcg.com/decks/list/6779,Green/Blue Luffyby Tyler T.,10,OP08-036,Electrical Luna,1
https://onepiece.limitlesstcg.com/decks/list/6780,Purple/Yellow Rosinanteby Ryan Hartmann,11,OP12-061,Donquixote Rosinante,1
https://onepiece.limitlesstcg.com/decks/list/6780,Purple/Yellow Rosinanteby Ryan Hartmann,11,OP16-064,Koby,4
https://onepiece.limitlesstcg.com/decks/list/6780,Purple/Yellow Rosinanteby Ryan Hartmann,11,OP12-108,Donquixote Rosinante,2
https://onepiece.limitlesstcg.com/decks/list/6780,Purple/Yellow Rosinanteby Ryan Hartmann,11,OP16-067,Tsuru,2
https://onepiece.limitlesstcg.com/decks/list/6780,Purple/Yellow Rosinanteby Ryan Hartmann,11,P-088,Trafalgar Law,4
https://onepiece.limitlesstcg.com/decks/list/6780,Purple/Yellow Rosinanteby Ryan Hartmann,11,P-093,Trafalgar Law,4
https://onepiece.limitlesstcg.com/decks/list/6780,Purple/Yellow Rosinanteby Ryan Hartmann,11,ST10-010,Trafalgar Law,3
https://onepiece.limitlesstcg.com/decks/list/6780,Purple/Yellow Rosinanteby Ryan Hartmann,11,OP16-068,Trafalgar Law,2
https://onepiece.limitlesstcg.com/decks/list/6780,Purple/Yellow Rosinanteby Ryan Hartmann,11,EB04-058,Borsalino,4
https://onepiece.limitlesstcg.com/decks/list/6780,Purple/Yellow Rosinanteby Ryan Hartmann,11,EB04-038,Rosinante & Law,4
https://onepiece.limitlesstcg.com/decks/list/6780,Purple/Yellow Rosinanteby Ryan Hartmann,11,OP16-065,Sakazuki,4
https://onepiece.limitlesstcg.com/decks/list/6780,Purple/Yellow Rosinanteby Ryan Hartmann,11,OP15-078,Mamaragan,4
https://onepiece.limitlesstcg.com/decks/list/6780,Purple/Yellow Rosinanteby Ryan Hartmann,11,OP13-076,Divine Departure,2
https://onepiece.limitlesstcg.com/decks/list/6780,Purple/Yellow Rosinanteby Ryan Hartmann,11,OP12-115,I Love You!!,4
https://onepiece.limitlesstcg.com/decks/list/6780,Purple/Yellow Rosinanteby Ryan Hartmann,11,OP16-077,"""Buddha"" Sengoku",1
https://onepiece.limitlesstcg.com/decks/list/6780,Purple/Yellow Rosinanteby Ryan Hartmann,11,OP09-077,Gum-Gum Lightning,2
https://onepiece.limitlesstcg.com/decks/list/6780,Purple/Yellow Rosinanteby Ryan Hartmann,11,OP16-078,Marineford,4
https://onepiece.limitlesstcg.com/decks/list/6781,Blue/Yellow Namiby YTJJGaming,12,OP11-041,Nami,1
https://onepiece.limitlesstcg.com/decks/list/6781,Blue/Yellow Namiby YTJJGaming,12,OP14-102,Kumacy,4
https://onepiece.limitlesstcg.com/decks/list/6781,Blue/Yellow Namiby YTJJGaming,12,OP11-106,Zeus,4
https://onepiece.limitlesstcg.com/decks/list/6781,Blue/Yellow Namiby YTJJGaming,12,OP14-110,Dr. Hogback,4
https://onepiece.limitlesstcg.com/decks/list/6781,Blue/Yellow Namiby YTJJGaming,12,OP14-111,Perona,4
https://onepiece.limitlesstcg.com/decks/list/6781,Blue/Yellow Namiby YTJJGaming,12,OP16-056,Mr.3(Galdino),4
https://onepiece.limitlesstcg.com/decks/list/6781,Blue/Yellow Namiby YTJJGaming,12,OP06-104,Kikunojo,2
https://onepiece.limitlesstcg.com/decks/list/6781,Blue/Yellow Namiby YTJJGaming,12,OP12-112,Baby 5,2
https://onepiece.limitlesstcg.com/decks/list/6781,Blue/Yellow Namiby YTJJGaming,12,PRB02-008,Marco,1
https://onepiece.limitlesstcg.com/decks/list/6781,Blue/Yellow Namiby YTJJGaming,12,OP15-113,Roronoa Zoro,1
https://onepiece.limitlesstcg.com/decks/list/6781,Blue/Yellow Namiby YTJJGaming,12,EB03-053,Nami,4
https://onepiece.limitlesstcg.com/decks/list/6781,Blue/Yellow Namiby YTJJGaming,12,EB04-058,Borsalino,4
https://onepiece.limitlesstcg.com/decks/list/6781,Blue/Yellow Namiby YTJJGaming,12,OP15-114,Wyper,2
https://onepiece.limitlesstcg.com/decks/list/6781,Blue/Yellow Namiby YTJJGaming,12,OP15-119,Monkey.D.Luffy,1
https://onepiece.limitlesstcg.com/decks/list/6781,Blue/Yellow Namiby YTJJGaming,12,EB03-055,Nico Robin,4
https://onepiece.limitlesstcg.com/decks/list/6781,Blue/Yellow Namiby YTJJGaming,12,OP14-104,Gecko Moria,4
https://onepiece.limitlesstcg.com/decks/list/6781,Blue/Yellow Namiby YTJJGaming,12,OP16-119,Marshall.D.Teach,1
https://onepiece.limitlesstcg.com/decks/list/6781,Blue/Yellow Namiby YTJJGaming,12,OP13-042,Edward.Newgate,4
https://onepiece.limitlesstcg.com/decks/list/6669,Purple Enelby RADIANT TRADER,13,OP15-058,Enel,1
https://onepiece.limitlesstcg.com/decks/list/6669,Purple Enelby RADIANT TRADER,13,OP12-071,Charlotte Pudding,4
https://onepiece.limitlesstcg.com/decks/list/6669,Purple Enelby RADIANT TRADER,13,OP15-061,Ohm,4
https://onepiece.limitlesstcg.com/decks/list/6669,Purple Enelby RADIANT TRADER,13,OP15-067,Shura,4
https://onepiece.limitlesstcg.com/decks/list/6669,Purple Enelby RADIANT TRADER,13,OP15-066,Satori,2
https://onepiece.limitlesstcg.com/decks/list/6669,Purple Enelby RADIANT TRADER,13,OP09-072,Franky,3
https://onepiece.limitlesstcg.com/decks/list/6669,Purple Enelby RADIANT TRADER,13,OP12-063,Vinsmoke Reiju,3
https://onepiece.limitlesstcg.com/decks/list/6669,Purple Enelby RADIANT TRADER,13,OP10-067,Senor Pink,2
https://onepiece.limitlesstcg.com/decks/list/6669,Purple Enelby RADIANT TRADER,13,OP15-118,Enel,4
https://onepiece.limitlesstcg.com/decks/list/6669,Purple Enelby RADIANT TRADER,13,OP15-075,El Thor,4
https://onepiece.limitlesstcg.com/decks/list/6669,Purple Enelby RADIANT TRADER,13,OP15-076,Lightning Beast Kiten,4
https://onepiece.limitlesstcg.com/decks/list/6669,Purple Enelby RADIANT TRADER,13,OP15-077,Lightning Dragon,4
https://onepiece.limitlesstcg.com/decks/list/6669,Purple Enelby RADIANT TRADER,13,OP15-078,Mamaragan,4
https://onepiece.limitlesstcg.com/decks/list/6669,Purple Enelby RADIANT TRADER,13,OP15-074,Varie,3
https://onepiece.limitlesstcg.com/decks/list/6669,Purple Enelby RADIANT TRADER,13,OP13-076,Divine Departure,2
https://onepiece.limitlesstcg.com/decks/list/6669,Purple Enelby RADIANT TRADER,13,OP05-077,Gamma Knife,3
https://onepiece.limitlesstcg.com/decks/list/6479,Blue/Yellow Namiby Benny,14,OP11-041,Nami,1
https://onepiece.limitlesstcg.com/decks/list/6479,Blue/Yellow Namiby Benny,14,OP14-102,Kumacy,4
https://onepiece.limitlesstcg.com/decks/list/6479,Blue/Yellow Namiby Benny,14,OP11-106,Zeus,4
https://onepiece.limitlesstcg.com/decks/list/6479,Blue/Yellow Namiby Benny,14,OP14-110,Dr. Hogback,4
https://onepiece.limitlesstcg.com/decks/list/6479,Blue/Yellow Namiby Benny,14,OP14-111,Perona,4
https://onepiece.limitlesstcg.com/decks/list/6479,Blue/Yellow Namiby Benny,14,OP16-056,Mr.3(Galdino),4
https://onepiece.limitlesstcg.com/decks/list/6479,Blue/Yellow Namiby Benny,14,OP06-104,Kikunojo,3
https://onepiece.limitlesstcg.com/decks/list/6479,Blue/Yellow Namiby Benny,14,OP12-112,Baby 5,3
https://onepiece.limitlesstcg.com/decks/list/6479,Blue/Yellow Namiby Benny,14,PRB02-008,Marco,2
https://onepiece.limitlesstcg.com/decks/list/6479,Blue/Yellow Namiby Benny,14,OP15-113,Roronoa Zoro,1
https://onepiece.limitlesstcg.com/decks/list/6479,Blue/Yellow Namiby Benny,14,EB03-053,Nami,4
https://onepiece.limitlesstcg.com/decks/list/6479,Blue/Yellow Namiby Benny,14,EB04-058,Borsalino,4
https://onepiece.limitlesstcg.com/decks/list/6479,Blue/Yellow Namiby Benny,14,EB03-055,Nico Robin,4
https://onepiece.limitlesstcg.com/decks/list/6479,Blue/Yellow Namiby Benny,14,OP14-104,Gecko Moria,4
https://onepiece.limitlesstcg.com/decks/list/6479,Blue/Yellow Namiby Benny,14,OP13-042,Edward.Newgate,3
https://onepiece.limitlesstcg.com/decks/list/6479,Blue/Yellow Namiby Benny,14,OP06-058,Gravity Blade Raging Tiger,2
https://onepiece.limitlesstcg.com/decks/list/6782,Black/Yellow Blackbeardby Kuma,15,OP16-080,Marshall.D.Teach,1
https://onepiece.limitlesstcg.com/decks/list/6782,Black/Yellow Blackbeardby Kuma,15,OP16-110,Vasco Shot,4
https://onepiece.limitlesstcg.com/decks/list/6782,Black/Yellow Blackbeardby Kuma,15,OP16-102,Avalo Pizarro,2
https://onepiece.limitlesstcg.com/decks/list/6782,Black/Yellow Blackbeardby Kuma,15,OP16-109,Doc Q,2
https://onepiece.limitlesstcg.com/decks/list/6782,Black/Yellow Blackbeardby Kuma,15,OP16-103,Van Augur,1
https://onepiece.limitlesstcg.com/decks/list/6782,Black/Yellow Blackbeardby Kuma,15,OP12-112,Baby 5,4
https://onepiece.limitlesstcg.com/decks/list/6782,Black/Yellow Blackbeardby Kuma,15,OP16-104,Catarina Devon,4
https://onepiece.limitlesstcg.com/decks/list/6782,Black/Yellow Blackbeardby Kuma,15,OP09-086,Jesus Burgess,3
https://onepiece.limitlesstcg.com/decks/list/6782,Black/Yellow Blackbeardby Kuma,15,OP16-106,Sanjuan.Wolf,1
https://onepiece.limitlesstcg.com/decks/list/6782,Black/Yellow Blackbeardby Kuma,15,EB04-058,Borsalino,4
https://onepiece.limitlesstcg.com/decks/list/6782,Black/Yellow Blackbeardby Kuma,15,OP14-108,Silvers Rayleigh,3
https://onepiece.limitlesstcg.com/decks/list/6782,Black/Yellow Blackbeardby Kuma,15,OP16-108,Shiryu,3
https://onepiece.limitlesstcg.com/decks/list/6782,Black/Yellow Blackbeardby Kuma,15,OP16-119,Marshall.D.Teach,4
https://onepiece.limitlesstcg.com/decks/list/6782,Black/Yellow Blackbeardby Kuma,15,OP09-093,Marshall.D.Teach,4
https://onepiece.limitlesstcg.com/decks/list/6782,Black/Yellow Blackbeardby Kuma,15,OP09-096,My Era...Begins!!,2
https://onepiece.limitlesstcg.com/decks/list/6782,Black/Yellow Blackbeardby Kuma,15,OP16-115,Black Vortex,1
https://onepiece.limitlesstcg.com/decks/list/6782,Black/Yellow Blackbeardby Kuma,15,EB04-059,Black Rope Dragon Twister,3
https://onepiece.limitlesstcg.com/decks/list/6782,Black/Yellow Blackbeardby Kuma,15,OP16-116,Zehahahahaha!,2
https://onepiece.limitlesstcg.com/decks/list/6782,Black/Yellow Blackbeardby Kuma,15,OP09-099,Fullalead,3
https://onepiece.limitlesstcg.com/decks/list/6783,Black/Yellow Blackbeardby Va,16,OP16-080,Marshall.D.Teach,1
https://onepiece.limitlesstcg.com/decks/list/6783,Black/Yellow Blackbeardby Va,16,OP09-095,Laffitte,4
https://onepiece.limitlesstcg.com/decks/list/6783,Black/Yellow Blackbeardby Va,16,OP16-110,Vasco Shot,4
https://onepiece.limitlesstcg.com/decks/list/6783,Black/Yellow Blackbeardby Va,16,OP16-103,Van Augur,3
https://onepiece.limitlesstcg.com/decks/list/6783,Black/Yellow Blackbeardby Va,16,OP16-109,Doc Q,3
https://onepiece.limitlesstcg.com/decks/list/6783,Black/Yellow Blackbeardby Va,16,OP16-104,Catarina Devon,4
https://onepiece.limitlesstcg.com/decks/list/6783,Black/Yellow Blackbeardby Va,16,OP12-112,Baby 5,3
https://onepiece.limitlesstcg.com/decks/list/6783,Black/Yellow Blackbeardby Va,16,OP16-106,Sanjuan.Wolf,3
https://onepiece.limitlesstcg.com/decks/list/6783,Black/Yellow Blackbeardby Va,16,EB04-058,Borsalino,4
https://onepiece.limitlesstcg.com/decks/list/6783,Black/Yellow Blackbeardby Va,16,OP16-108,Shiryu,4
https://onepiece.limitlesstcg.com/decks/list/6783,Black/Yellow Blackbeardby Va,16,OP16-119,Marshall.D.Teach,4
https://onepiece.limitlesstcg.com/decks/list/6783,Black/Yellow Blackbeardby Va,16,OP09-093,Marshall.D.Teach,4
https://onepiece.limitlesstcg.com/decks/list/6783,Black/Yellow Blackbeardby Va,16,OP14-118,You'll Frighten Me... ♡,2
https://onepiece.limitlesstcg.com/decks/list/6783,Black/Yellow Blackbeardby Va,16,OP16-115,Black Vortex,1
https://onepiece.limitlesstcg.com/decks/list/6783,Black/Yellow Blackbeardby Va,16,OP16-116,Zehahahahaha!,3
https://onepiece.limitlesstcg.com/decks/list/6783,Black/Yellow Blackbeardby Va,16,OP09-099,Fullalead,4
https://onepiece.limitlesstcg.com/decks/list/6749,Blue/Yellow Namiby Angelo Truscello,1,OP11-041,Nami,1
https://onepiece.limitlesstcg.com/decks/list/6749,Blue/Yellow Namiby Angelo Truscello,1,OP14-102,Kumacy,4
https://onepiece.limitlesstcg.com/decks/list/6749,Blue/Yellow Namiby Angelo Truscello,1,OP11-106,Zeus,3
https://onepiece.limitlesstcg.com/decks/list/6749,Blue/Yellow Namiby Angelo Truscello,1,P-096,Girl,3
https://onepiece.limitlesstcg.com/decks/list/6749,Blue/Yellow Namiby Angelo Truscello,1,OP14-110,Dr. Hogback,4
https://onepiece.limitlesstcg.com/decks/list/6749,Blue/Yellow Namiby Angelo Truscello,1,OP14-111,Perona,4
https://onepiece.limitlesstcg.com/decks/list/6749,Blue/Yellow Namiby Angelo Truscello,1,OP16-056,Mr.3(Galdino),4
https://onepiece.limitlesstcg.com/decks/list/6749,Blue/Yellow Namiby Angelo Truscello,1,OP12-112,Baby 5,3
https://onepiece.limitlesstcg.com/decks/list/6749,Blue/Yellow Namiby Angelo Truscello,1,OP06-104,Kikunojo,2
https://onepiece.limitlesstcg.com/decks/list/6749,Blue/Yellow Namiby Angelo Truscello,1,PRB02-008,Marco,1
https://onepiece.limitlesstcg.com/decks/list/6749,Blue/Yellow Namiby Angelo Truscello,1,EB03-053,Nami,4
https://onepiece.limitlesstcg.com/decks/list/6749,Blue/Yellow Namiby Angelo Truscello,1,EB04-058,Borsalino,4
https://onepiece.limitlesstcg.com/decks/list/6749,Blue/Yellow Namiby Angelo Truscello,1,EB03-055,Nico Robin,4
https://onepiece.limitlesstcg.com/decks/list/6749,Blue/Yellow Namiby Angelo Truscello,1,OP14-104,Gecko Moria,4
https://onepiece.limitlesstcg.com/decks/list/6749,Blue/Yellow Namiby Angelo Truscello,1,OP13-042,Edward.Newgate,4
https://onepiece.limitlesstcg.com/decks/list/6749,Blue/Yellow Namiby Angelo Truscello,1,OP06-058,Gravity Blade Raging Tiger,2
https://onepiece.limitlesstcg.com/decks/list/6750,Blue/Yellow Namiby Matteo Rimondini,2,OP11-041,Nami,1
https://onepiece.limitlesstcg.com/decks/list/6750,Blue/Yellow Namiby Matteo Rimondini,2,OP14-102,Kumacy,4
https://onepiece.limitlesstcg.com/decks/list/6750,Blue/Yellow Namiby Matteo Rimondini,2,OP11-106,Zeus,4
https://onepiece.limitlesstcg.com/decks/list/6750,Blue/Yellow Namiby Matteo Rimondini,2,P-096,Girl,3
https://onepiece.limitlesstcg.com/decks/list/6750,Blue/Yellow Namiby Matteo Rimondini,2,OP14-111,Perona,4
https://onepiece.limitlesstcg.com/decks/list/6750,Blue/Yellow Namiby Matteo Rimondini,2,OP16-056,Mr.3(Galdino),4
https://onepiece.limitlesstcg.com/decks/list/6750,Blue/Yellow Namiby Matteo Rimondini,2,OP06-104,Kikunojo,3
https://onepiece.limitlesstcg.com/decks/list/6750,Blue/Yellow Namiby Matteo Rimondini,2,OP14-110,Dr. Hogback,3
https://onepiece.limitlesstcg.com/decks/list/6750,Blue/Yellow Namiby Matteo Rimondini,2,OP12-112,Baby 5,2
https://onepiece.limitlesstcg.com/decks/list/6750,Blue/Yellow Namiby Matteo Rimondini,2,PRB02-008,Marco,1
https://onepiece.limitlesstcg.com/decks/list/6750,Blue/Yellow Namiby Matteo Rimondini,2,EB03-053,Nami,4
https://onepiece.limitlesstcg.com/decks/list/6750,Blue/Yellow Namiby Matteo Rimondini,2,EB04-058,Borsalino,4
https://onepiece.limitlesstcg.com/decks/list/6750,Blue/Yellow Namiby Matteo Rimondini,2,EB03-055,Nico Robin,4
https://onepiece.limitlesstcg.com/decks/list/6750,Blue/Yellow Namiby Matteo Rimondini,2,OP14-104,Gecko Moria,4
https://onepiece.limitlesstcg.com/decks/list/6750,Blue/Yellow Namiby Matteo Rimondini,2,EB04-061,Monkey.D.Luffy,2
https://onepiece.limitlesstcg.com/decks/list/6750,Blue/Yellow Namiby Matteo Rimondini,2,OP13-042,Edward.Newgate,1
https://onepiece.limitlesstcg.com/decks/list/6750,Blue/Yellow Namiby Matteo Rimondini,2,OP06-058,Gravity Blade Raging Tiger,3
https://onepiece.limitlesstcg.com/decks/list/6345,Purple Enelby Luka Forjan,3,OP15-058,Enel,1
https://onepiece.limitlesstcg.com/decks/list/6345,Purple Enelby Luka Forjan,3,OP12-071,Charlotte Pudding,4
https://onepiece.limitlesstcg.com/decks/list/6345,Purple Enelby Luka Forjan,3,OP15-061,Ohm,4
https://onepiece.limitlesstcg.com/decks/list/6345,Purple Enelby Luka Forjan,3,OP15-067,Shura,4
https://onepiece.limitlesstcg.com/decks/list/6345,Purple Enelby Luka Forjan,3,OP15-066,Satori,2
https://onepiece.limitlesstcg.com/decks/list/6345,Purple Enelby Luka Forjan,3,OP12-063,Vinsmoke Reiju,4
https://onepiece.limitlesstcg.com/decks/list/6345,Purple Enelby Luka Forjan,3,OP09-072,Franky,3
https://onepiece.limitlesstcg.com/decks/list/6345,Purple Enelby Luka Forjan,3,OP10-067,Senor Pink,2
https://onepiece.limitlesstcg.com/decks/list/6345,Purple Enelby Luka Forjan,3,OP15-118,Enel,4
https://onepiece.limitlesstcg.com/decks/list/6345,Purple Enelby Luka Forjan,3,OP15-075,El Thor,4
https://onepiece.limitlesstcg.com/decks/list/6345,Purple Enelby Luka Forjan,3,OP15-076,Lightning Beast Kiten,4
https://onepiece.limitlesstcg.com/decks/list/6345,Purple Enelby Luka Forjan,3,OP15-077,Lightning Dragon,4
https://onepiece.limitlesstcg.com/decks/list/6345,Purple Enelby Luka Forjan,3,OP15-078,Mamaragan,4
https://onepiece.limitlesstcg.com/decks/list/6345,Purple Enelby Luka Forjan,3,OP15-074,Varie,3
https://onepiece.limitlesstcg.com/decks/list/6345,Purple Enelby Luka Forjan,3,OP13-076,Divine Departure,1
https://onepiece.limitlesstcg.com/decks/list/6345,Purple Enelby Luka Forjan,3,OP05-077,Gamma Knife,3
https://onepiece.limitlesstcg.com/decks/list/6345,Purple Enelby Fabian Godglück,4,OP15-058,Enel,1
https://onepiece.limitlesstcg.com/decks/list/6345,Purple Enelby Fabian Godglück,4,OP12-071,Charlotte Pudding,4
https://onepiece.limitlesstcg.com/decks/list/6345,Purple Enelby Fabian Godglück,4,OP15-061,Ohm,4
https://onepiece.limitlesstcg.com/decks/list/6345,Purple Enelby Fabian Godglück,4,OP15-067,Shura,4
https://onepiece.limitlesstcg.com/decks/list/6345,Purple Enelby Fabian Godglück,4,OP15-066,Satori,2
https://onepiece.limitlesstcg.com/decks/list/6345,Purple Enelby Fabian Godglück,4,OP12-063,Vinsmoke Reiju,4
https://onepiece.limitlesstcg.com/decks/list/6345,Purple Enelby Fabian Godglück,4,OP09-072,Franky,3
https://onepiece.limitlesstcg.com/decks/list/6345,Purple Enelby Fabian Godglück,4,OP10-067,Senor Pink,2
https://onepiece.limitlesstcg.com/decks/list/6345,Purple Enelby Fabian Godglück,4,OP15-118,Enel,4
https://onepiece.limitlesstcg.com/decks/list/6345,Purple Enelby Fabian Godglück,4,OP15-075,El Thor,4
https://onepiece.limitlesstcg.com/decks/list/6345,Purple Enelby Fabian Godglück,4,OP15-076,Lightning Beast Kiten,4
https://onepiece.limitlesstcg.com/decks/list/6345,Purple Enelby Fabian Godglück,4,OP15-077,Lightning Dragon,4
https://onepiece.limitlesstcg.com/decks/list/6345,Purple Enelby Fabian Godglück,4,OP15-078,Mamaragan,4
https://onepiece.limitlesstcg.com/decks/list/6345,Purple Enelby Fabian Godglück,4,OP15-074,Varie,3
https://onepiece.limitlesstcg.com/decks/list/6345,Purple Enelby Fabian Godglück,4,OP13-076,Divine Departure,1
https://onepiece.limitlesstcg.com/decks/list/6345,Purple Enelby Fabian Godglück,4,OP05-077,Gamma Knife,3
https://onepiece.limitlesstcg.com/decks/list/6717,Purple/Yellow Rosinanteby George Skeparnides,5,OP12-061,Donquixote Rosinante,1
https://onepiece.limitlesstcg.com/decks/list/6717,Purple/Yellow Rosinanteby George Skeparnides,5,OP12-108,Donquixote Rosinante,4
https://onepiece.limitlesstcg.com/decks/list/6717,Purple/Yellow Rosinanteby George Skeparnides,5,OP16-064,Koby,4
https://onepiece.limitlesstcg.com/decks/list/6717,Purple/Yellow Rosinanteby George Skeparnides,5,OP16-067,Tsuru,1
https://onepiece.limitlesstcg.com/decks/list/6717,Purple/Yellow Rosinanteby George Skeparnides,5,P-088,Trafalgar Law,4
https://onepiece.limitlesstcg.com/decks/list/6717,Purple/Yellow Rosinanteby George Skeparnides,5,P-093,Trafalgar Law,4
https://onepiece.limitlesstcg.com/decks/list/6717,Purple/Yellow Rosinanteby George Skeparnides,5,ST10-010,Trafalgar Law,3
https://onepiece.limitlesstcg.com/decks/list/6717,Purple/Yellow Rosinanteby George Skeparnides,5,OP16-068,Trafalgar Law,2
https://onepiece.limitlesstcg.com/decks/list/6717,Purple/Yellow Rosinanteby George Skeparnides,5,EB04-058,Borsalino,4
https://onepiece.limitlesstcg.com/decks/list/6717,Purple/Yellow Rosinanteby George Skeparnides,5,EB04-038,Rosinante & Law,4
https://onepiece.limitlesstcg.com/decks/list/6717,Purple/Yellow Rosinanteby George Skeparnides,5,OP16-065,Sakazuki,4
https://onepiece.limitlesstcg.com/decks/list/6717,Purple/Yellow Rosinanteby George Skeparnides,5,OP15-078,Mamaragan,4
https://onepiece.limitlesstcg.com/decks/list/6717,Purple/Yellow Rosinanteby George Skeparnides,5,OP13-076,Divine Departure,2
https://onepiece.limitlesstcg.com/decks/list/6717,Purple/Yellow Rosinanteby George Skeparnides,5,OP12-115,I Love You!!,4
https://onepiece.limitlesstcg.com/decks/list/6717,Purple/Yellow Rosinanteby George Skeparnides,5,OP09-077,Gum-Gum Lightning,2
https://onepiece.limitlesstcg.com/decks/list/6717,Purple/Yellow Rosinanteby George Skeparnides,5,OP16-078,Marineford,4
https://onepiece.limitlesstcg.com/decks/list/6751,Blue/Yellow Namiby Maurizio Intini,6,OP11-041,Nami,1
https://onepiece.limitlesstcg.com/decks/list/6751,Blue/Yellow Namiby Maurizio Intini,6,OP14-102,Kumacy,4
https://onepiece.limitlesstcg.com/decks/list/6751,Blue/Yellow Namiby Maurizio Intini,6,OP11-106,Zeus,4
https://onepiece.limitlesstcg.com/decks/list/6751,Blue/Yellow Namiby Maurizio Intini,6,OP16-052,Monkey.D.Luffy,3
https://onepiece.limitlesstcg.com/decks/list/6751,Blue/Yellow Namiby Maurizio Intini,6,OP06-106,Kouzuki Hiyori,2
https://onepiece.limitlesstcg.com/decks/list/6751,Blue/Yellow Namiby Maurizio Intini,6,OP14-110,Dr. Hogback,4
https://onepiece.limitlesstcg.com/decks/list/6751,Blue/Yellow Namiby Maurizio Intini,6,OP16-056,Mr.3(Galdino),4
https://onepiece.limitlesstcg.com/decks/list/6751,Blue/Yellow Namiby Maurizio Intini,6,OP06-104,Kikunojo,3
https://onepiece.limitlesstcg.com/decks/list/6751,Blue/Yellow Namiby Maurizio Intini,6,OP14-111,Perona,3
https://onepiece.limitlesstcg.com/decks/list/6751,Blue/Yellow Namiby Maurizio Intini,6,PRB02-008,Marco,1
https://onepiece.limitlesstcg.com/decks/list/6751,Blue/Yellow Namiby Maurizio Intini,6,EB03-053,Nami,4
https://onepiece.limitlesstcg.com/decks/list/6751,Blue/Yellow Namiby Maurizio Intini,6,EB04-058,Borsalino,4
https://onepiece.limitlesstcg.com/decks/list/6751,Blue/Yellow Namiby Maurizio Intini,6,EB03-055,Nico Robin,4
https://onepiece.limitlesstcg.com/decks/list/6751,Blue/Yellow Namiby Maurizio Intini,6,OP14-104,Gecko Moria,4
https://onepiece.limitlesstcg.com/decks/list/6751,Blue/Yellow Namiby Maurizio Intini,6,OP13-042,Edward.Newgate,3
https://onepiece.limitlesstcg.com/decks/list/6751,Blue/Yellow Namiby Maurizio Intini,6,EB04-061,Monkey.D.Luffy,1
https://onepiece.limitlesstcg.com/decks/list/6751,Blue/Yellow Namiby Maurizio Intini,6,OP15-116,Gum-Gum Golden Rifle,1
https://onepiece.limitlesstcg.com/decks/list/6751,Blue/Yellow Namiby Maurizio Intini,6,OP06-058,Gravity Blade Raging Tiger,1
https://onepiece.limitlesstcg.com/decks/list/6752,Purple Enelby Jan Birkemeyer,7,OP15-058,Enel,1
https://onepiece.limitlesstcg.com/decks/list/6752,Purple Enelby Jan Birkemeyer,7,OP15-061,Ohm,4
https://onepiece.limitlesstcg.com/decks/list/6752,Purple Enelby Jan Birkemeyer,7,OP15-067,Shura,4
https://onepiece.limitlesstcg.com/decks/list/6752,Purple Enelby Jan Birkemeyer,7,OP12-071,Charlotte Pudding,3
https://onepiece.limitlesstcg.com/decks/list/6752,Purple Enelby Jan Birkemeyer,7,OP15-066,Satori,1
https://onepiece.limitlesstcg.com/decks/list/6752,Purple Enelby Jan Birkemeyer,7,OP15-071,Holly,3
https://onepiece.limitlesstcg.com/decks/list/6752,Purple Enelby Jan Birkemeyer,7,OP12-063,Vinsmoke Reiju,3
https://onepiece.limitlesstcg.com/decks/list/6752,Purple Enelby Jan Birkemeyer,7,ST10-010,Trafalgar Law,1
https://onepiece.limitlesstcg.com/decks/list/6752,Purple Enelby Jan Birkemeyer,7,OP09-072,Franky,1
https://onepiece.limitlesstcg.com/decks/list/6752,Purple Enelby Jan Birkemeyer,7,OP10-067,Senor Pink,2
https://onepiece.limitlesstcg.com/decks/list/6752,Purple Enelby Jan Birkemeyer,7,OP15-118,Enel,4
https://onepiece.limitlesstcg.com/decks/list/6752,Purple Enelby Jan Birkemeyer,7,OP15-075,El Thor,4
https://onepiece.limitlesstcg.com/decks/list/6752,Purple Enelby Jan Birkemeyer,7,OP15-076,Lightning Beast Kiten,4
https://onepiece.limitlesstcg.com/decks/list/6752,Purple Enelby Jan Birkemeyer,7,OP15-077,Lightning Dragon,4
https://onepiece.limitlesstcg.com/decks/list/6752,Purple Enelby Jan Birkemeyer,7,OP15-078,Mamaragan,4
https://onepiece.limitlesstcg.com/decks/list/6752,Purple Enelby Jan Birkemeyer,7,OP15-074,Varie,3
https://onepiece.limitlesstcg.com/decks/list/6752,Purple Enelby Jan Birkemeyer,7,OP13-076,Divine Departure,1
https://onepiece.limitlesstcg.com/decks/list/6752,Purple Enelby Jan Birkemeyer,7,OP05-077,Gamma Knife,3
https://onepiece.limitlesstcg.com/decks/list/6752,Purple Enelby Jan Birkemeyer,7,OP09-077,Gum-Gum Lightning,1
https://onepiece.limitlesstcg.com/decks/list/6753,Green/Blue Luffyby ΜΣΦΡ Feno,8,OP16-022,Monkey.D.Luffy,1
https://onepiece.limitlesstcg.com/decks/list/6753,Green/Blue Luffyby ΜΣΦΡ Feno,8,OP16-034,Monkey.D.Luffy,4
https://onepiece.limitlesstcg.com/decks/list/6753,Green/Blue Luffyby ΜΣΦΡ Feno,8,OP16-054,Mr.1(Daz.Bonez),4
https://onepiece.limitlesstcg.com/decks/list/6753,Green/Blue Luffyby ΜΣΦΡ Feno,8,OP16-055,Mr.2.Bon.Kurei(Bentham),4
https://onepiece.limitlesstcg.com/decks/list/6753,Green/Blue Luffyby ΜΣΦΡ Feno,8,ST30-014,Mr.3(Galdino),4
https://onepiece.limitlesstcg.com/decks/list/6753,Green/Blue Luffyby ΜΣΦΡ Feno,8,OP16-037,Mr.3(Galdino),1
https://onepiece.limitlesstcg.com/decks/list/6753,Green/Blue Luffyby ΜΣΦΡ Feno,8,ST12-010,Emporio.Ivankov,2
https://onepiece.limitlesstcg.com/decks/list/6753,Green/Blue Luffyby ΜΣΦΡ Feno,8,OP16-045,Crocodile,4
https://onepiece.limitlesstcg.com/decks/list/6753,Green/Blue Luffyby ΜΣΦΡ Feno,8,OP16-056,Mr.3(Galdino),4
https://onepiece.limitlesstcg.com/decks/list/6753,Green/Blue Luffyby ΜΣΦΡ Feno,8,OP16-026,Emporio.Ivankov,2
https://onepiece.limitlesstcg.com/decks/list/6753,Green/Blue Luffyby ΜΣΦΡ Feno,8,OP16-048,Buggy,4
https://onepiece.limitlesstcg.com/decks/list/6753,Green/Blue Luffyby ΜΣΦΡ Feno,8,OP16-042,Prisoner of Impel Down,8
https://onepiece.limitlesstcg.com/decks/list/6753,Green/Blue Luffyby ΜΣΦΡ Feno,8,OP15-032,Brook,1
https://onepiece.limitlesstcg.com/decks/list/6753,Green/Blue Luffyby ΜΣΦΡ Feno,8,OP16-032,Boa Hancock,2
https://onepiece.limitlesstcg.com/decks/list/6753,Green/Blue Luffyby ΜΣΦΡ Feno,8,OP02-068,Gum-Gum Rain,1
https://onepiece.limitlesstcg.com/decks/list/6753,Green/Blue Luffyby ΜΣΦΡ Feno,8,OP16-038,Let's Go!! To the Navy Headquarters!!,2
https://onepiece.limitlesstcg.com/decks/list/6753,Green/Blue Luffyby ΜΣΦΡ Feno,8,OP11-061,Gum-Gum Jet Culverin,2
https://onepiece.limitlesstcg.com/decks/list/6753,Green/Blue Luffyby ΜΣΦΡ Feno,8,OP06-058,Gravity Blade Raging Tiger,1
https://onepiece.limitlesstcg.com/decks/list/6754,Red/Blue Aceby Nikolay Baydanov,9,OP13-002,Portgas.D.Ace,1
https://onepiece.limitlesstcg.com/decks/list/6754,Red/Blue Aceby Nikolay Baydanov,9,OP13-016,Monkey.D.Garp,4
https://onepiece.limitlesstcg.com/decks/list/6754,Red/Blue Aceby Nikolay Baydanov,9,OP13-043,Otama,4
https://onepiece.limitlesstcg.com/decks/list/6754,Red/Blue Aceby Nikolay Baydanov,9,ST22-002,Izo,3
https://onepiece.limitlesstcg.com/decks/list/6754,Red/Blue Aceby Nikolay Baydanov,9,PRB02-008,Marco,4
https://onepiece.limitlesstcg.com/decks/list/6754,Red/Blue Aceby Nikolay Baydanov,9,OP16-056,Mr.3(Galdino),4
https://onepiece.limitlesstcg.com/decks/list/6754,Red/Blue Aceby Nikolay Baydanov,9,OP13-054,Yamato,4
https://onepiece.limitlesstcg.com/decks/list/6754,Red/Blue Aceby Nikolay Baydanov,9,OP08-047,Jozu,4
https://onepiece.limitlesstcg.com/decks/list/6754,Red/Blue Aceby Nikolay Baydanov,9,ST23-001,Uta,3
https://onepiece.limitlesstcg.com/decks/list/6754,Red/Blue Aceby Nikolay Baydanov,9,OP07-051,Boa Hancock,2
https://onepiece.limitlesstcg.com/decks/list/6754,Red/Blue Aceby Nikolay Baydanov,9,EB04-007,Roronoa Zoro,3
https://onepiece.limitlesstcg.com/decks/list/6754,Red/Blue Aceby Nikolay Baydanov,9,OP16-004,Curiel,3
https://onepiece.limitlesstcg.com/decks/list/6754,Red/Blue Aceby Nikolay Baydanov,9,OP13-042,Edward.Newgate,4
https://onepiece.limitlesstcg.com/decks/list/6754,Red/Blue Aceby Nikolay Baydanov,9,OP09-118,Gol.D.Roger,1
https://onepiece.limitlesstcg.com/decks/list/6754,Red/Blue Aceby Nikolay Baydanov,9,ST22-015,I Am Whitebeard!!,4
https://onepiece.limitlesstcg.com/decks/list/6754,Red/Blue Aceby Nikolay Baydanov,9,OP16-021,Moby Dick,3
https://onepiece.limitlesstcg.com/decks/list/6755,Purple Enelby SSL AlexDo,10,OP15-058,Enel,1
https://onepiece.limitlesstcg.com/decks/list/6755,Purple Enelby SSL AlexDo,10,OP12-071,Charlotte Pudding,4
https://onepiece.limitlesstcg.com/decks/list/6755,Purple Enelby SSL AlexDo,10,OP15-061,Ohm,4
https://onepiece.limitlesstcg.com/decks/list/6755,Purple Enelby SSL AlexDo,10,OP15-067,Shura,4
https://onepiece.limitlesstcg.com/decks/list/6755,Purple Enelby SSL AlexDo,10,OP15-071,Holly,3
https://onepiece.limitlesstcg.com/decks/list/6755,Purple Enelby SSL AlexDo,10,OP12-063,Vinsmoke Reiju,3
https://onepiece.limitlesstcg.com/decks/list/6755,Purple Enelby SSL AlexDo,10,OP09-072,Franky,2
https://onepiece.limitlesstcg.com/decks/list/6755,Purple Enelby SSL AlexDo,10,ST10-010,Trafalgar Law,1
https://onepiece.limitlesstcg.com/decks/list/6755,Purple Enelby SSL AlexDo,10,OP10-067,Senor Pink,1
https://onepiece.limitlesstcg.com/decks/list/6755,Purple Enelby SSL AlexDo,10,OP15-118,Enel,4
https://onepiece.limitlesstcg.com/decks/list/6755,Purple Enelby SSL AlexDo,10,OP15-074,Varie,4
https://onepiece.limitlesstcg.com/decks/list/6755,Purple Enelby SSL AlexDo,10,OP15-075,El Thor,4
https://onepiece.limitlesstcg.com/decks/list/6755,Purple Enelby SSL AlexDo,10,OP15-076,Lightning Beast Kiten,4
https://onepiece.limitlesstcg.com/decks/list/6755,Purple Enelby SSL AlexDo,10,OP15-077,Lightning Dragon,4
https://onepiece.limitlesstcg.com/decks/list/6755,Purple Enelby SSL AlexDo,10,OP15-078,Mamaragan,4
https://onepiece.limitlesstcg.com/decks/list/6755,Purple Enelby SSL AlexDo,10,OP13-076,Divine Departure,1
https://onepiece.limitlesstcg.com/decks/list/6755,Purple Enelby SSL AlexDo,10,OP05-077,Gamma Knife,3
https://onepiece.limitlesstcg.com/decks/list/6573,Purple Enelby Stathis Vastardis,11,OP15-058,Enel,1
https://onepiece.limitlesstcg.com/decks/list/6573,Purple Enelby Stathis Vastardis,11,OP15-061,Ohm,4
https://onepiece.limitlesstcg.com/decks/list/6573,Purple Enelby Stathis Vastardis,11,OP15-067,Shura,4
https://onepiece.limitlesstcg.com/decks/list/6573,Purple Enelby Stathis Vastardis,11,OP12-071,Charlotte Pudding,3
https://onepiece.limitlesstcg.com/decks/list/6573,Purple Enelby Stathis Vastardis,11,OP15-066,Satori,3
https://onepiece.limitlesstcg.com/decks/list/6573,Purple Enelby Stathis Vastardis,11,OP12-063,Vinsmoke Reiju,4
https://onepiece.limitlesstcg.com/decks/list/6573,Purple Enelby Stathis Vastardis,11,OP09-072,Franky,2
https://onepiece.limitlesstcg.com/decks/list/6573,Purple Enelby Stathis Vastardis,11,OP10-067,Senor Pink,2
https://onepiece.limitlesstcg.com/decks/list/6573,Purple Enelby Stathis Vastardis,11,OP15-118,Enel,4
https://onepiece.limitlesstcg.com/decks/list/6573,Purple Enelby Stathis Vastardis,11,OP15-075,El Thor,4
https://onepiece.limitlesstcg.com/decks/list/6573,Purple Enelby Stathis Vastardis,11,OP15-076,Lightning Beast Kiten,4
https://onepiece.limitlesstcg.com/decks/list/6573,Purple Enelby Stathis Vastardis,11,OP15-077,Lightning Dragon,4
https://onepiece.limitlesstcg.com/decks/list/6573,Purple Enelby Stathis Vastardis,11,OP15-078,Mamaragan,4
https://onepiece.limitlesstcg.com/decks/list/6573,Purple Enelby Stathis Vastardis,11,OP15-074,Varie,3
https://onepiece.limitlesstcg.com/decks/list/6573,Purple Enelby Stathis Vastardis,11,OP13-076,Divine Departure,2
https://onepiece.limitlesstcg.com/decks/list/6573,Purple Enelby Stathis Vastardis,11,OP05-077,Gamma Knife,3
https://onepiece.limitlesstcg.com/decks/list/6756,Purple Enelby Roberto,12,OP15-058,Enel,1
https://onepiece.limitlesstcg.com/decks/list/6756,Purple Enelby Roberto,12,OP12-071,Charlotte Pudding,4
https://onepiece.limitlesstcg.com/decks/list/6756,Purple Enelby Roberto,12,OP15-061,Ohm,4
https://onepiece.limitlesstcg.com/decks/list/6756,Purple Enelby Roberto,12,OP15-067,Shura,4
https://onepiece.limitlesstcg.com/decks/list/6756,Purple Enelby Roberto,12,OP15-066,Satori,2
https://onepiece.limitlesstcg.com/decks/list/6756,Purple Enelby Roberto,12,OP09-072,Franky,3
https://onepiece.limitlesstcg.com/decks/list/6756,Purple Enelby Roberto,12,OP12-063,Vinsmoke Reiju,3
https://onepiece.limitlesstcg.com/decks/list/6756,Purple Enelby Roberto,12,ST10-010,Trafalgar Law,1
https://onepiece.limitlesstcg.com/decks/list/6756,Purple Enelby Roberto,12,OP10-067,Senor Pink,1
https://onepiece.limitlesstcg.com/decks/list/6756,Purple Enelby Roberto,12,OP15-118,Enel,4
https://onepiece.limitlesstcg.com/decks/list/6756,Purple Enelby Roberto,12,OP15-060,Enel,1
https://onepiece.limitlesstcg.com/decks/list/6756,Purple Enelby Roberto,12,OP15-075,El Thor,4
https://onepiece.limitlesstcg.com/decks/list/6756,Purple Enelby Roberto,12,OP15-076,Lightning Beast Kiten,4
https://onepiece.limitlesstcg.com/decks/list/6756,Purple Enelby Roberto,12,OP15-077,Lightning Dragon,4
https://onepiece.limitlesstcg.com/decks/list/6756,Purple Enelby Roberto,12,OP15-078,Mamaragan,4
https://onepiece.limitlesstcg.com/decks/list/6756,Purple Enelby Roberto,12,OP15-074,Varie,3
https://onepiece.limitlesstcg.com/decks/list/6756,Purple Enelby Roberto,12,OP13-076,Divine Departure,1
https://onepiece.limitlesstcg.com/decks/list/6756,Purple Enelby Roberto,12,OP05-077,Gamma Knife,3
https://onepiece.limitlesstcg.com/decks/list/6757,Green/Blue Luffyby Condemor,13,OP16-022,Monkey.D.Luffy,1
https://onepiece.limitlesstcg.com/decks/list/6757,Green/Blue Luffyby Condemor,13,OP16-034,Monkey.D.Luffy,4
https://onepiece.limitlesstcg.com/decks/list/6757,Green/Blue Luffyby Condemor,13,OP16-054,Mr.1(Daz.Bonez),4
https://onepiece.limitlesstcg.com/decks/list/6757,Green/Blue Luffyby Condemor,13,OP16-055,Mr.2.Bon.Kurei(Bentham),4
https://onepiece.limitlesstcg.com/decks/list/6757,Green/Blue Luffyby Condemor,13,ST30-014,Mr.3(Galdino),3
https://onepiece.limitlesstcg.com/decks/list/6757,Green/Blue Luffyby Condemor,13,ST12-010,Emporio.Ivankov,2
https://onepiece.limitlesstcg.com/decks/list/6757,Green/Blue Luffyby Condemor,13,OP16-045,Crocodile,4
https://onepiece.limitlesstcg.com/decks/list/6757,Green/Blue Luffyby Condemor,13,OP16-056,Mr.3(Galdino),4
https://onepiece.limitlesstcg.com/decks/list/6757,Green/Blue Luffyby Condemor,13,OP16-026,Emporio.Ivankov,2
https://onepiece.limitlesstcg.com/decks/list/6757,Green/Blue Luffyby Condemor,13,OP16-048,Buggy,4
https://onepiece.limitlesstcg.com/decks/list/6757,Green/Blue Luffyby Condemor,13,OP16-042,Prisoner of Impel Down,9
https://onepiece.limitlesstcg.com/decks/list/6757,Green/Blue Luffyby Condemor,13,OP15-032,Brook,2
https://onepiece.limitlesstcg.com/decks/list/6757,Green/Blue Luffyby Condemor,13,OP16-032,Boa Hancock,2
https://onepiece.limitlesstcg.com/decks/list/6757,Green/Blue Luffyby Condemor,13,OP02-068,Gum-Gum Rain,1
https://onepiece.limitlesstcg.com/decks/list/6757,Green/Blue Luffyby Condemor,13,OP16-038,Let's Go!! To the Navy Headquarters!!,2
https://onepiece.limitlesstcg.com/decks/list/6757,Green/Blue Luffyby Condemor,13,OP11-061,Gum-Gum Jet Culverin,2
https://onepiece.limitlesstcg.com/decks/list/6757,Green/Blue Luffyby Condemor,13,OP06-058,Gravity Blade Raging Tiger,1
https://onepiece.limitlesstcg.com/decks/list/6758,Black/Yellow Blackbeardby 傳奇Legend,14,OP16-080,Marshall.D.Teach,1
https://onepiece.limitlesstcg.com/decks/list/6758,Black/Yellow Blackbeardby 傳奇Legend,14,OP16-109,Doc Q,4
https://onepiece.limitlesstcg.com/decks/list/6758,Black/Yellow Blackbeardby 傳奇Legend,14,OP16-110,Vasco Shot,4
https://onepiece.limitlesstcg.com/decks/list/6758,Black/Yellow Blackbeardby 傳奇Legend,14,OP09-095,Laffitte,2
https://onepiece.limitlesstcg.com/decks/list/6758,Black/Yellow Blackbeardby 傳奇Legend,14,OP09-086,Jesus Burgess,4
https://onepiece.limitlesstcg.com/decks/list/6758,Black/Yellow Blackbeardby 傳奇Legend,14,OP12-112,Baby 5,4
https://onepiece.limitlesstcg.com/decks/list/6758,Black/Yellow Blackbeardby 傳奇Legend,14,OP16-104,Catarina Devon,4
https://onepiece.limitlesstcg.com/decks/list/6758,Black/Yellow Blackbeardby 傳奇Legend,14,OP16-106,Sanjuan.Wolf,2
https://onepiece.limitlesstcg.com/decks/list/6758,Black/Yellow Blackbeardby 傳奇Legend,14,EB04-058,Borsalino,4
https://onepiece.limitlesstcg.com/decks/list/6758,Black/Yellow Blackbeardby 傳奇Legend,14,OP16-108,Shiryu,4
https://onepiece.limitlesstcg.com/decks/list/6758,Black/Yellow Blackbeardby 傳奇Legend,14,OP14-108,Silvers Rayleigh,3
https://onepiece.limitlesstcg.com/decks/list/6758,Black/Yellow Blackbeardby 傳奇Legend,14,OP16-119,Marshall.D.Teach,4
https://onepiece.limitlesstcg.com/decks/list/6758,Black/Yellow Blackbeardby 傳奇Legend,14,OP09-093,Marshall.D.Teach,3
https://onepiece.limitlesstcg.com/decks/list/6758,Black/Yellow Blackbeardby 傳奇Legend,14,OP09-096,My Era...Begins!!,2
https://onepiece.limitlesstcg.com/decks/list/6758,Black/Yellow Blackbeardby 傳奇Legend,14,OP16-116,Zehahahahaha!,2
https://onepiece.limitlesstcg.com/decks/list/6758,Black/Yellow Blackbeardby 傳奇Legend,14,OP09-099,Fullalead,4
https://onepiece.limitlesstcg.com/decks/list/6759,Purple Enelby Petridis Georgios,15,OP15-058,Enel,1
https://onepiece.limitlesstcg.com/decks/list/6759,Purple Enelby Petridis Georgios,15,OP12-071,Charlotte Pudding,4
https://onepiece.limitlesstcg.com/decks/list/6759,Purple Enelby Petridis Georgios,15,OP15-061,Ohm,4
https://onepiece.limitlesstcg.com/decks/list/6759,Purple Enelby Petridis Georgios,15,OP15-067,Shura,4
https://onepiece.limitlesstcg.com/decks/list/6759,Purple Enelby Petridis Georgios,15,OP15-066,Satori,2
https://onepiece.limitlesstcg.com/decks/list/6759,Purple Enelby Petridis Georgios,15,OP12-063,Vinsmoke Reiju,4
https://onepiece.limitlesstcg.com/decks/list/6759,Purple Enelby Petridis Georgios,15,OP09-072,Franky,2
https://onepiece.limitlesstcg.com/decks/list/6759,Purple Enelby Petridis Georgios,15,OP10-067,Senor Pink,2
https://onepiece.limitlesstcg.com/decks/list/6759,Purple Enelby Petridis Georgios,15,OP15-118,Enel,4
https://onepiece.limitlesstcg.com/decks/list/6759,Purple Enelby Petridis Georgios,15,OP15-075,El Thor,4
https://onepiece.limitlesstcg.com/decks/list/6759,Purple Enelby Petridis Georgios,15,OP15-076,Lightning Beast Kiten,4
https://onepiece.limitlesstcg.com/decks/list/6759,Purple Enelby Petridis Georgios,15,OP15-077,Lightning Dragon,4
https://onepiece.limitlesstcg.com/decks/list/6759,Purple Enelby Petridis Georgios,15,OP15-078,Mamaragan,4
https://onepiece.limitlesstcg.com/decks/list/6759,Purple Enelby Petridis Georgios,15,OP15-074,Varie,3
https://onepiece.limitlesstcg.com/decks/list/6759,Purple Enelby Petridis Georgios,15,OP13-076,Divine Departure,1
https://onepiece.limitlesstcg.com/decks/list/6759,Purple Enelby Petridis Georgios,15,OP05-077,Gamma Knife,3
https://onepiece.limitlesstcg.com/decks/list/6759,Purple Enelby Petridis Georgios,15,OP09-077,Gum-Gum Lightning,1
https://onepiece.limitlesstcg.com/decks/list/6760,Green/Blue Luffyby Kuba,16,OP16-022,Monkey.D.Luffy,1
https://onepiece.limitlesstcg.com/decks/list/6760,Green/Blue Luffyby Kuba,16,OP16-034,Monkey.D.Luffy,4
https://onepiece.limitlesstcg.com/decks/list/6760,Green/Blue Luffyby Kuba,16,OP16-054,Mr.1(Daz.Bonez),4
https://onepiece.limitlesstcg.com/decks/list/6760,Green/Blue Luffyby Kuba,16,OP16-055,Mr.2.Bon.Kurei(Bentham),4
https://onepiece.limitlesstcg.com/decks/list/6760,Green/Blue Luffyby Kuba,16,ST30-014,Mr.3(Galdino),3
https://onepiece.limitlesstcg.com/decks/list/6760,Green/Blue Luffyby Kuba,16,ST12-010,Emporio.Ivankov,2
https://onepiece.limitlesstcg.com/decks/list/6760,Green/Blue Luffyby Kuba,16,OP16-045,Crocodile,4
https://onepiece.limitlesstcg.com/decks/list/6760,Green/Blue Luffyby Kuba,16,OP16-056,Mr.3(Galdino),4
https://onepiece.limitlesstcg.com/decks/list/6760,Green/Blue Luffyby Kuba,16,OP16-026,Emporio.Ivankov,2
https://onepiece.limitlesstcg.com/decks/list/6760,Green/Blue Luffyby Kuba,16,OP16-048,Buggy,4
https://onepiece.limitlesstcg.com/decks/list/6760,Green/Blue Luffyby Kuba,16,OP16-042,Prisoner of Impel Down,8
https://onepiece.limitlesstcg.com/decks/list/6760,Green/Blue Luffyby Kuba,16,OP15-032,Brook,1
https://onepiece.limitlesstcg.com/decks/list/6760,Green/Blue Luffyby Kuba,16,OP16-032,Boa Hancock,2
https://onepiece.limitlesstcg.com/decks/list/6760,Green/Blue Luffyby Kuba,16,OP02-068,Gum-Gum Rain,1
https://onepiece.limitlesstcg.com/decks/list/6760,Green/Blue Luffyby Kuba,16,OP16-038,Let's Go!! To the Navy Headquarters!!,2
https://onepiece.limitlesstcg.com/decks/list/6760,Green/Blue Luffyby Kuba,16,OP12-037,Demon Aura Nine Sword Style Asura Blades Drawn Dead Man's Game,1
https://onepiece.limitlesstcg.com/decks/list/6760,Green/Blue Luffyby Kuba,16,OP11-061,Gum-Gum Jet Culverin,2
https://onepiece.limitlesstcg.com/decks/list/6760,Green/Blue Luffyby Kuba,16,OP06-058,Gravity Blade Raging Tiger,2
https://onepiece.limitlesstcg.com/decks/list/6724,Green/Blue Luffyby Joshua Graham,1,OP16-022,Monkey.D.Luffy,1
https://onepiece.limitlesstcg.com/decks/list/6724,Green/Blue Luffyby Joshua Graham,1,OP16-034,Monkey.D.Luffy,4
https://onepiece.limitlesstcg.com/decks/list/6724,Green/Blue Luffyby Joshua Graham,1,OP16-054,Mr.1(Daz.Bonez),4
https://onepiece.limitlesstcg.com/decks/list/6724,Green/Blue Luffyby Joshua Graham,1,OP16-055,Mr.2.Bon.Kurei(Bentham),4
https://onepiece.limitlesstcg.com/decks/list/6724,Green/Blue Luffyby Joshua Graham,1,ST30-014,Mr.3(Galdino),2
https://onepiece.limitlesstcg.com/decks/list/6724,Green/Blue Luffyby Joshua Graham,1,ST12-010,Emporio.Ivankov,2
https://onepiece.limitlesstcg.com/decks/list/6724,Green/Blue Luffyby Joshua Graham,1,OP16-045,Crocodile,4
https://onepiece.limitlesstcg.com/decks/list/6724,Green/Blue Luffyby Joshua Graham,1,OP16-056,Mr.3(Galdino),4
https://onepiece.limitlesstcg.com/decks/list/6724,Green/Blue Luffyby Joshua Graham,1,OP16-026,Emporio.Ivankov,2
https://onepiece.limitlesstcg.com/decks/list/6724,Green/Blue Luffyby Joshua Graham,1,OP16-048,Buggy,4
https://onepiece.limitlesstcg.com/decks/list/6724,Green/Blue Luffyby Joshua Graham,1,OP16-042,Prisoner of Impel Down,9
https://onepiece.limitlesstcg.com/decks/list/6724,Green/Blue Luffyby Joshua Graham,1,OP15-032,Brook,1
https://onepiece.limitlesstcg.com/decks/list/6724,Green/Blue Luffyby Joshua Graham,1,OP16-032,Boa Hancock,2
https://onepiece.limitlesstcg.com/decks/list/6724,Green/Blue Luffyby Joshua Graham,1,OP02-068,Gum-Gum Rain,1
https://onepiece.limitlesstcg.com/decks/list/6724,Green/Blue Luffyby Joshua Graham,1,OP06-038,The Billion-fold World Trichiliocosm,2
https://onepiece.limitlesstcg.com/decks/list/6724,Green/Blue Luffyby Joshua Graham,1,OP16-038,Let's Go!! To the Navy Headquarters!!,2
https://onepiece.limitlesstcg.com/decks/list/6724,Green/Blue Luffyby Joshua Graham,1,OP12-037,Demon Aura Nine Sword Style Asura Blades Drawn Dead Man's Game,1
https://onepiece.limitlesstcg.com/decks/list/6724,Green/Blue Luffyby Joshua Graham,1,OP06-058,Gravity Blade Raging Tiger,2
https://onepiece.limitlesstcg.com/decks/list/6725,Blue/Yellow Namiby Alejandro Villalobos,2,OP11-041,Nami,1
https://onepiece.limitlesstcg.com/decks/list/6725,Blue/Yellow Namiby Alejandro Villalobos,2,OP14-102,Kumacy,4
https://onepiece.limitlesstcg.com/decks/list/6725,Blue/Yellow Namiby Alejandro Villalobos,2,OP11-106,Zeus,3
https://onepiece.limitlesstcg.com/decks/list/6725,Blue/Yellow Namiby Alejandro Villalobos,2,OP14-110,Dr. Hogback,4
https://onepiece.limitlesstcg.com/decks/list/6725,Blue/Yellow Namiby Alejandro Villalobos,2,OP14-111,Perona,4
https://onepiece.limitlesstcg.com/decks/list/6725,Blue/Yellow Namiby Alejandro Villalobos,2,OP16-056,Mr.3(Galdino),4
https://onepiece.limitlesstcg.com/decks/list/6725,Blue/Yellow Namiby Alejandro Villalobos,2,OP06-104,Kikunojo,3
https://onepiece.limitlesstcg.com/decks/list/6725,Blue/Yellow Namiby Alejandro Villalobos,2,OP12-112,Baby 5,3
https://onepiece.limitlesstcg.com/decks/list/6725,Blue/Yellow Namiby Alejandro Villalobos,2,PRB02-008,Marco,1
https://onepiece.limitlesstcg.com/decks/list/6725,Blue/Yellow Namiby Alejandro Villalobos,2,OP15-113,Roronoa Zoro,1
https://onepiece.limitlesstcg.com/decks/list/6725,Blue/Yellow Namiby Alejandro Villalobos,2,EB03-053,Nami,4
https://onepiece.limitlesstcg.com/decks/list/6725,Blue/Yellow Namiby Alejandro Villalobos,2,EB04-058,Borsalino,4
https://onepiece.limitlesstcg.com/decks/list/6725,Blue/Yellow Namiby Alejandro Villalobos,2,OP15-114,Wyper,1
https://onepiece.limitlesstcg.com/decks/list/6725,Blue/Yellow Namiby Alejandro Villalobos,2,EB03-055,Nico Robin,4
https://onepiece.limitlesstcg.com/decks/list/6725,Blue/Yellow Namiby Alejandro Villalobos,2,OP14-104,Gecko Moria,4
https://onepiece.limitlesstcg.com/decks/list/6725,Blue/Yellow Namiby Alejandro Villalobos,2,OP16-119,Marshall.D.Teach,2
https://onepiece.limitlesstcg.com/decks/list/6725,Blue/Yellow Namiby Alejandro Villalobos,2,OP13-042,Edward.Newgate,3
https://onepiece.limitlesstcg.com/decks/list/6725,Blue/Yellow Namiby Alejandro Villalobos,2,OP06-058,Gravity Blade Raging Tiger,1
https://onepiece.limitlesstcg.com/decks/list/6726,Blue/Yellow Namiby Gilbert,3,OP11-041,Nami,1
https://onepiece.limitlesstcg.com/decks/list/6726,Blue/Yellow Namiby Gilbert,3,OP14-102,Kumacy,4
https://onepiece.limitlesstcg.com/decks/list/6726,Blue/Yellow Namiby Gilbert,3,OP06-106,Kouzuki Hiyori,3
https://onepiece.limitlesstcg.com/decks/list/6726,Blue/Yellow Namiby Gilbert,3,OP11-106,Zeus,3
https://onepiece.limitlesstcg.com/decks/list/6726,Blue/Yellow Namiby Gilbert,3,OP12-112,Baby 5,3
https://onepiece.limitlesstcg.com/decks/list/6726,Blue/Yellow Namiby Gilbert,3,OP14-110,Dr. Hogback,3
https://onepiece.limitlesstcg.com/decks/list/6726,Blue/Yellow Namiby Gilbert,3,OP14-111,Perona,3
https://onepiece.limitlesstcg.com/decks/list/6726,Blue/Yellow Namiby Gilbert,3,OP16-056,Mr.3(Galdino),3
https://onepiece.limitlesstcg.com/decks/list/6726,Blue/Yellow Namiby Gilbert,3,OP06-104,Kikunojo,2
https://onepiece.limitlesstcg.com/decks/list/6726,Blue/Yellow Namiby Gilbert,3,PRB02-008,Marco,2
https://onepiece.limitlesstcg.com/decks/list/6726,Blue/Yellow Namiby Gilbert,3,OP15-113,Roronoa Zoro,2
https://onepiece.limitlesstcg.com/decks/list/6726,Blue/Yellow Namiby Gilbert,3,EB03-053,Nami,4
https://onepiece.limitlesstcg.com/decks/list/6726,Blue/Yellow Namiby Gilbert,3,EB04-058,Borsalino,4
https://onepiece.limitlesstcg.com/decks/list/6726,Blue/Yellow Namiby Gilbert,3,OP15-119,Monkey.D.Luffy,1
https://onepiece.limitlesstcg.com/decks/list/6726,Blue/Yellow Namiby Gilbert,3,EB03-055,Nico Robin,4
https://onepiece.limitlesstcg.com/decks/list/6726,Blue/Yellow Namiby Gilbert,3,OP14-104,Gecko Moria,4
https://onepiece.limitlesstcg.com/decks/list/6726,Blue/Yellow Namiby Gilbert,3,OP13-042,Edward.Newgate,3
https://onepiece.limitlesstcg.com/decks/list/6726,Blue/Yellow Namiby Gilbert,3,OP06-058,Gravity Blade Raging Tiger,2
https://onepiece.limitlesstcg.com/decks/list/6727,Purple Enelby Matias Castro,4,OP15-058,Enel,1
https://onepiece.limitlesstcg.com/decks/list/6727,Purple Enelby Matias Castro,4,OP12-071,Charlotte Pudding,4
https://onepiece.limitlesstcg.com/decks/list/6727,Purple Enelby Matias Castro,4,OP15-061,Ohm,4
https://onepiece.limitlesstcg.com/decks/list/6727,Purple Enelby Matias Castro,4,OP15-067,Shura,4
https://onepiece.limitlesstcg.com/decks/list/6727,Purple Enelby Matias Castro,4,OP15-066,Satori,2
https://onepiece.limitlesstcg.com/decks/list/6727,Purple Enelby Matias Castro,4,OP12-063,Vinsmoke Reiju,3
https://onepiece.limitlesstcg.com/decks/list/6727,Purple Enelby Matias Castro,4,OP09-072,Franky,2
https://onepiece.limitlesstcg.com/decks/list/6727,Purple Enelby Matias Castro,4,ST10-010,Trafalgar Law,1
https://onepiece.limitlesstcg.com/decks/list/6727,Purple Enelby Matias Castro,4,OP10-067,Senor Pink,1
https://onepiece.limitlesstcg.com/decks/list/6727,Purple Enelby Matias Castro,4,OP15-118,Enel,4
https://onepiece.limitlesstcg.com/decks/list/6727,Purple Enelby Matias Castro,4,OP15-060,Enel,1
https://onepiece.limitlesstcg.com/decks/list/6727,Purple Enelby Matias Castro,4,OP15-074,Varie,4
https://onepiece.limitlesstcg.com/decks/list/6727,Purple Enelby Matias Castro,4,OP15-075,El Thor,4
https://onepiece.limitlesstcg.com/decks/list/6727,Purple Enelby Matias Castro,4,OP15-076,Lightning Beast Kiten,4
https://onepiece.limitlesstcg.com/decks/list/6727,Purple Enelby Matias Castro,4,OP15-077,Lightning Dragon,4
https://onepiece.limitlesstcg.com/decks/list/6727,Purple Enelby Matias Castro,4,OP15-078,Mamaragan,4
https://onepiece.limitlesstcg.com/decks/list/6727,Purple Enelby Matias Castro,4,OP13-076,Divine Departure,1
https://onepiece.limitlesstcg.com/decks/list/6727,Purple Enelby Matias Castro,4,OP05-077,Gamma Knife,3
https://onepiece.limitlesstcg.com/decks/list/6728,Purple Enelby Néstor Iván Rivera Espinosa,5,OP15-058,Enel,1
https://onepiece.limitlesstcg.com/decks/list/6728,Purple Enelby Néstor Iván Rivera Espinosa,5,OP12-071,Charlotte Pudding,4
https://onepiece.limitlesstcg.com/decks/list/6728,Purple Enelby Néstor Iván Rivera Espinosa,5,OP15-061,Ohm,4
https://onepiece.limitlesstcg.com/decks/list/6728,Purple Enelby Néstor Iván Rivera Espinosa,5,OP15-067,Shura,4
https://onepiece.limitlesstcg.com/decks/list/6728,Purple Enelby Néstor Iván Rivera Espinosa,5,OP15-066,Satori,2
https://onepiece.limitlesstcg.com/decks/list/6728,Purple Enelby Néstor Iván Rivera Espinosa,5,OP12-063,Vinsmoke Reiju,4
https://onepiece.limitlesstcg.com/decks/list/6728,Purple Enelby Néstor Iván Rivera Espinosa,5,OP09-072,Franky,2
https://onepiece.limitlesstcg.com/decks/list/6728,Purple Enelby Néstor Iván Rivera Espinosa,5,OP10-067,Senor Pink,1
https://onepiece.limitlesstcg.com/decks/list/6728,Purple Enelby Néstor Iván Rivera Espinosa,5,OP15-118,Enel,4
https://onepiece.limitlesstcg.com/decks/list/6728,Purple Enelby Néstor Iván Rivera Espinosa,5,OP15-060,Enel,1
https://onepiece.limitlesstcg.com/decks/list/6728,Purple Enelby Néstor Iván Rivera Espinosa,5,OP15-074,Varie,4
https://onepiece.limitlesstcg.com/decks/list/6728,Purple Enelby Néstor Iván Rivera Espinosa,5,OP15-075,El Thor,4
https://onepiece.limitlesstcg.com/decks/list/6728,Purple Enelby Néstor Iván Rivera Espinosa,5,OP15-076,Lightning Beast Kiten,4
https://onepiece.limitlesstcg.com/decks/list/6728,Purple Enelby Néstor Iván Rivera Espinosa,5,OP15-077,Lightning Dragon,4
https://onepiece.limitlesstcg.com/decks/list/6728,Purple Enelby Néstor Iván Rivera Espinosa,5,OP15-078,Mamaragan,4
https://onepiece.limitlesstcg.com/decks/list/6728,Purple Enelby Néstor Iván Rivera Espinosa,5,OP13-076,Divine Departure,1
https://onepiece.limitlesstcg.com/decks/list/6728,Purple Enelby Néstor Iván Rivera Espinosa,5,OP05-077,Gamma Knife,3
https://onepiece.limitlesstcg.com/decks/list/6638,Purple Enelby Capt_Karoo,6,OP15-058,Enel,1
https://onepiece.limitlesstcg.com/decks/list/6638,Purple Enelby Capt_Karoo,6,OP12-071,Charlotte Pudding,4
https://onepiece.limitlesstcg.com/decks/list/6638,Purple Enelby Capt_Karoo,6,OP15-061,Ohm,4
https://onepiece.limitlesstcg.com/decks/list/6638,Purple Enelby Capt_Karoo,6,OP15-067,Shura,4
https://onepiece.limitlesstcg.com/decks/list/6638,Purple Enelby Capt_Karoo,6,OP15-066,Satori,2
https://onepiece.limitlesstcg.com/decks/list/6638,Purple Enelby Capt_Karoo,6,OP12-063,Vinsmoke Reiju,4
https://onepiece.limitlesstcg.com/decks/list/6638,Purple Enelby Capt_Karoo,6,OP09-072,Franky,2
https://onepiece.limitlesstcg.com/decks/list/6638,Purple Enelby Capt_Karoo,6,OP10-067,Senor Pink,2
https://onepiece.limitlesstcg.com/decks/list/6638,Purple Enelby Capt_Karoo,6,OP15-118,Enel,4
https://onepiece.limitlesstcg.com/decks/list/6638,Purple Enelby Capt_Karoo,6,OP15-074,Varie,4
https://onepiece.limitlesstcg.com/decks/list/6638,Purple Enelby Capt_Karoo,6,OP15-075,El Thor,4
https://onepiece.limitlesstcg.com/decks/list/6638,Purple Enelby Capt_Karoo,6,OP15-076,Lightning Beast Kiten,4
https://onepiece.limitlesstcg.com/decks/list/6638,Purple Enelby Capt_Karoo,6,OP15-077,Lightning Dragon,4
https://onepiece.limitlesstcg.com/decks/list/6638,Purple Enelby Capt_Karoo,6,OP15-078,Mamaragan,4
https://onepiece.limitlesstcg.com/decks/list/6638,Purple Enelby Capt_Karoo,6,OP13-076,Divine Departure,1
https://onepiece.limitlesstcg.com/decks/list/6638,Purple Enelby Capt_Karoo,6,OP05-077,Gamma Knife,3
https://onepiece.limitlesstcg.com/decks/list/6729,Purple/Yellow Rosinanteby Tlapaleria EL ROTOMARTILLO,7,OP12-061,Donquixote Rosinante,1
https://onepiece.limitlesstcg.com/decks/list/6729,Purple/Yellow Rosinanteby Tlapaleria EL ROTOMARTILLO,7,OP16-064,Koby,4
https://onepiece.limitlesstcg.com/decks/list/6729,Purple/Yellow Rosinanteby Tlapaleria EL ROTOMARTILLO,7,OP12-108,Donquixote Rosinante,3
https://onepiece.limitlesstcg.com/decks/list/6729,Purple/Yellow Rosinanteby Tlapaleria EL ROTOMARTILLO,7,OP16-067,Tsuru,2
https://onepiece.limitlesstcg.com/decks/list/6729,Purple/Yellow Rosinanteby Tlapaleria EL ROTOMARTILLO,7,P-088,Trafalgar Law,4
https://onepiece.limitlesstcg.com/decks/list/6729,Purple/Yellow Rosinanteby Tlapaleria EL ROTOMARTILLO,7,P-093,Trafalgar Law,4
https://onepiece.limitlesstcg.com/decks/list/6729,Purple/Yellow Rosinanteby Tlapaleria EL ROTOMARTILLO,7,ST10-010,Trafalgar Law,3
https://onepiece.limitlesstcg.com/decks/list/6729,Purple/Yellow Rosinanteby Tlapaleria EL ROTOMARTILLO,7,EB04-058,Borsalino,4
https://onepiece.limitlesstcg.com/decks/list/6729,Purple/Yellow Rosinanteby Tlapaleria EL ROTOMARTILLO,7,EB04-038,Rosinante & Law,4
https://onepiece.limitlesstcg.com/decks/list/6729,Purple/Yellow Rosinanteby Tlapaleria EL ROTOMARTILLO,7,OP16-065,Sakazuki,4
https://onepiece.limitlesstcg.com/decks/list/6729,Purple/Yellow Rosinanteby Tlapaleria EL ROTOMARTILLO,7,EB03-062,Trafalgar Law,1
https://onepiece.limitlesstcg.com/decks/list/6729,Purple/Yellow Rosinanteby Tlapaleria EL ROTOMARTILLO,7,OP15-078,Mamaragan,4
https://onepiece.limitlesstcg.com/decks/list/6729,Purple/Yellow Rosinanteby Tlapaleria EL ROTOMARTILLO,7,OP13-076,Divine Departure,2
https://onepiece.limitlesstcg.com/decks/list/6729,Purple/Yellow Rosinanteby Tlapaleria EL ROTOMARTILLO,7,OP12-115,I Love You!!,4
https://onepiece.limitlesstcg.com/decks/list/6729,Purple/Yellow Rosinanteby Tlapaleria EL ROTOMARTILLO,7,OP09-077,Gum-Gum Lightning,2
https://onepiece.limitlesstcg.com/decks/list/6729,Purple/Yellow Rosinanteby Tlapaleria EL ROTOMARTILLO,7,OP07-076,Slow-Slow Beam Sword,1
https://onepiece.limitlesstcg.com/decks/list/6729,Purple/Yellow Rosinanteby Tlapaleria EL ROTOMARTILLO,7,OP16-078,Marineford,4
https://onepiece.limitlesstcg.com/decks/list/6730,Purple Enelby GutyXD,8,OP15-058,Enel,1
https://onepiece.limitlesstcg.com/decks/list/6730,Purple Enelby GutyXD,8,OP12-071,Charlotte Pudding,4
https://onepiece.limitlesstcg.com/decks/list/6730,Purple Enelby GutyXD,8,OP15-061,Ohm,4
https://onepiece.limitlesstcg.com/decks/list/6730,Purple Enelby GutyXD,8,OP15-067,Shura,4
https://onepiece.limitlesstcg.com/decks/list/6730,Purple Enelby GutyXD,8,OP15-066,Satori,1
https://onepiece.limitlesstcg.com/decks/list/6730,Purple Enelby GutyXD,8,OP12-063,Vinsmoke Reiju,4
https://onepiece.limitlesstcg.com/decks/list/6730,Purple Enelby GutyXD,8,OP09-072,Franky,3
https://onepiece.limitlesstcg.com/decks/list/6730,Purple Enelby GutyXD,8,OP10-067,Senor Pink,1
https://onepiece.limitlesstcg.com/decks/list/6730,Purple Enelby GutyXD,8,OP15-118,Enel,4
https://onepiece.limitlesstcg.com/decks/list/6730,Purple Enelby GutyXD,8,OP07-064,Sanji,1
https://onepiece.limitlesstcg.com/decks/list/6730,Purple Enelby GutyXD,8,OP15-060,Enel,1
https://onepiece.limitlesstcg.com/decks/list/6730,Purple Enelby GutyXD,8,OP15-075,El Thor,4
https://onepiece.limitlesstcg.com/decks/list/6730,Purple Enelby GutyXD,8,OP15-076,Lightning Beast Kiten,4
https://onepiece.limitlesstcg.com/decks/list/6730,Purple Enelby GutyXD,8,OP15-077,Lightning Dragon,4
https://onepiece.limitlesstcg.com/decks/list/6730,Purple Enelby GutyXD,8,OP15-078,Mamaragan,4
https://onepiece.limitlesstcg.com/decks/list/6730,Purple Enelby GutyXD,8,OP15-074,Varie,3
https://onepiece.limitlesstcg.com/decks/list/6730,Purple Enelby GutyXD,8,OP13-076,Divine Departure,1
https://onepiece.limitlesstcg.com/decks/list/6730,Purple Enelby GutyXD,8,OP05-077,Gamma Knife,3
https://onepiece.limitlesstcg.com/decks/list/6731,Black/Yellow Blackbeardby GABWONG [WL],9,OP16-080,Marshall.D.Teach,1
https://onepiece.limitlesstcg.com/decks/list/6731,Black/Yellow Blackbeardby GABWONG [WL],9,OP16-109,Doc Q,4
https://onepiece.limitlesstcg.com/decks/list/6731,Black/Yellow Blackbeardby GABWONG [WL],9,OP16-110,Vasco Shot,4
https://onepiece.limitlesstcg.com/decks/list/6731,Black/Yellow Blackbeardby GABWONG [WL],9,OP16-103,Van Augur,1
https://onepiece.limitlesstcg.com/decks/list/6731,Black/Yellow Blackbeardby GABWONG [WL],9,OP12-112,Baby 5,4
https://onepiece.limitlesstcg.com/decks/list/6731,Black/Yellow Blackbeardby GABWONG [WL],9,OP16-104,Catarina Devon,4
https://onepiece.limitlesstcg.com/decks/list/6731,Black/Yellow Blackbeardby GABWONG [WL],9,OP09-086,Jesus Burgess,3
https://onepiece.limitlesstcg.com/decks/list/6731,Black/Yellow Blackbeardby GABWONG [WL],9,OP16-106,Sanjuan.Wolf,2
https://onepiece.limitlesstcg.com/decks/list/6731,Black/Yellow Blackbeardby GABWONG [WL],9,EB04-058,Borsalino,3
https://onepiece.limitlesstcg.com/decks/list/6731,Black/Yellow Blackbeardby GABWONG [WL],9,OP15-114,Wyper,2
https://onepiece.limitlesstcg.com/decks/list/6731,Black/Yellow Blackbeardby GABWONG [WL],9,OP16-108,Shiryu,4
https://onepiece.limitlesstcg.com/decks/list/6731,Black/Yellow Blackbeardby GABWONG [WL],9,OP16-119,Marshall.D.Teach,4
https://onepiece.limitlesstcg.com/decks/list/6731,Black/Yellow Blackbeardby GABWONG [WL],9,OP14-112,Boa Hancock,1
https://onepiece.limitlesstcg.com/decks/list/6731,Black/Yellow Blackbeardby GABWONG [WL],9,OP09-093,Marshall.D.Teach,4
https://onepiece.limitlesstcg.com/decks/list/6731,Black/Yellow Blackbeardby GABWONG [WL],9,OP09-096,My Era...Begins!!,3
https://onepiece.limitlesstcg.com/decks/list/6731,Black/Yellow Blackbeardby GABWONG [WL],9,OP16-115,Black Vortex,1
https://onepiece.limitlesstcg.com/decks/list/6731,Black/Yellow Blackbeardby GABWONG [WL],9,OP16-116,Zehahahahaha!,2
https://onepiece.limitlesstcg.com/decks/list/6731,Black/Yellow Blackbeardby GABWONG [WL],9,OP09-099,Fullalead,4
https://onepiece.limitlesstcg.com/decks/list/6732,Blue/Yellow Namiby Alexis Romero Soto,10,OP11-041,Nami,1
https://onepiece.limitlesstcg.com/decks/list/6732,Blue/Yellow Namiby Alexis Romero Soto,10,OP14-102,Kumacy,4
https://onepiece.limitlesstcg.com/decks/list/6732,Blue/Yellow Namiby Alexis Romero Soto,10,OP06-106,Kouzuki Hiyori,3
https://onepiece.limitlesstcg.com/decks/list/6732,Blue/Yellow Namiby Alexis Romero Soto,10,OP11-106,Zeus,3
https://onepiece.limitlesstcg.com/decks/list/6732,Blue/Yellow Namiby Alexis Romero Soto,10,OP14-110,Dr. Hogback,4
https://onepiece.limitlesstcg.com/decks/list/6732,Blue/Yellow Namiby Alexis Romero Soto,10,OP14-111,Perona,4
https://onepiece.limitlesstcg.com/decks/list/6732,Blue/Yellow Namiby Alexis Romero Soto,10,OP16-056,Mr.3(Galdino),3
https://onepiece.limitlesstcg.com/decks/list/6732,Blue/Yellow Namiby Alexis Romero Soto,10,OP06-104,Kikunojo,2
https://onepiece.limitlesstcg.com/decks/list/6732,Blue/Yellow Namiby Alexis Romero Soto,10,OP15-113,Roronoa Zoro,2
https://onepiece.limitlesstcg.com/decks/list/6732,Blue/Yellow Namiby Alexis Romero Soto,10,EB03-053,Nami,4
https://onepiece.limitlesstcg.com/decks/list/6732,Blue/Yellow Namiby Alexis Romero Soto,10,EB04-058,Borsalino,4
https://onepiece.limitlesstcg.com/decks/list/6732,Blue/Yellow Namiby Alexis Romero Soto,10,OP14-108,Silvers Rayleigh,3
https://onepiece.limitlesstcg.com/decks/list/6732,Blue/Yellow Namiby Alexis Romero Soto,10,EB03-055,Nico Robin,4
https://onepiece.limitlesstcg.com/decks/list/6732,Blue/Yellow Namiby Alexis Romero Soto,10,OP14-104,Gecko Moria,4
https://onepiece.limitlesstcg.com/decks/list/6732,Blue/Yellow Namiby Alexis Romero Soto,10,OP16-119,Marshall.D.Teach,3
https://onepiece.limitlesstcg.com/decks/list/6732,Blue/Yellow Namiby Alexis Romero Soto,10,OP13-042,Edward.Newgate,3
https://onepiece.limitlesstcg.com/decks/list/6733,Blue/Yellow Namiby Manuel Alejandro Canul Basto,11,OP11-041,Nami,1
https://onepiece.limitlesstcg.com/decks/list/6733,Blue/Yellow Namiby Manuel Alejandro Canul Basto,11,OP14-102,Kumacy,4
https://onepiece.limitlesstcg.com/decks/list/6733,Blue/Yellow Namiby Manuel Alejandro Canul Basto,11,OP11-106,Zeus,4
https://onepiece.limitlesstcg.com/decks/list/6733,Blue/Yellow Namiby Manuel Alejandro Canul Basto,11,OP14-110,Dr. Hogback,4
https://onepiece.limitlesstcg.com/decks/list/6733,Blue/Yellow Namiby Manuel Alejandro Canul Basto,11,OP14-111,Perona,4
https://onepiece.limitlesstcg.com/decks/list/6733,Blue/Yellow Namiby Manuel Alejandro Canul Basto,11,OP16-056,Mr.3(Galdino),4
https://onepiece.limitlesstcg.com/decks/list/6733,Blue/Yellow Namiby Manuel Alejandro Canul Basto,11,OP06-104,Kikunojo,3
https://onepiece.limitlesstcg.com/decks/list/6733,Blue/Yellow Namiby Manuel Alejandro Canul Basto,11,OP12-112,Baby 5,3
https://onepiece.limitlesstcg.com/decks/list/6733,Blue/Yellow Namiby Manuel Alejandro Canul Basto,11,PRB02-008,Marco,1
https://onepiece.limitlesstcg.com/decks/list/6733,Blue/Yellow Namiby Manuel Alejandro Canul Basto,11,OP15-113,Roronoa Zoro,1
https://onepiece.limitlesstcg.com/decks/list/6733,Blue/Yellow Namiby Manuel Alejandro Canul Basto,11,EB03-053,Nami,4
https://onepiece.limitlesstcg.com/decks/list/6733,Blue/Yellow Namiby Manuel Alejandro Canul Basto,11,EB04-058,Borsalino,4
https://onepiece.limitlesstcg.com/decks/list/6733,Blue/Yellow Namiby Manuel Alejandro Canul Basto,11,OP15-119,Monkey.D.Luffy,1
https://onepiece.limitlesstcg.com/decks/list/6733,Blue/Yellow Namiby Manuel Alejandro Canul Basto,11,EB03-055,Nico Robin,4
https://onepiece.limitlesstcg.com/decks/list/6733,Blue/Yellow Namiby Manuel Alejandro Canul Basto,11,OP14-104,Gecko Moria,4
https://onepiece.limitlesstcg.com/decks/list/6733,Blue/Yellow Namiby Manuel Alejandro Canul Basto,11,OP13-042,Edward.Newgate,3
https://onepiece.limitlesstcg.com/decks/list/6733,Blue/Yellow Namiby Manuel Alejandro Canul Basto,11,OP06-058,Gravity Blade Raging Tiger,2
https://onepiece.limitlesstcg.com/decks/list/6638,Purple Enelby Sam Martinez,12,OP15-058,Enel,1
https://onepiece.limitlesstcg.com/decks/list/6638,Purple Enelby Sam Martinez,12,OP12-071,Charlotte Pudding,4
https://onepiece.limitlesstcg.com/decks/list/6638,Purple Enelby Sam Martinez,12,OP15-061,Ohm,4
https://onepiece.limitlesstcg.com/decks/list/6638,Purple Enelby Sam Martinez,12,OP15-067,Shura,4
https://onepiece.limitlesstcg.com/decks/list/6638,Purple Enelby Sam Martinez,12,OP15-066,Satori,2
https://onepiece.limitlesstcg.com/decks/list/6638,Purple Enelby Sam Martinez,12,OP12-063,Vinsmoke Reiju,4
https://onepiece.limitlesstcg.com/decks/list/6638,Purple Enelby Sam Martinez,12,OP09-072,Franky,2
https://onepiece.limitlesstcg.com/decks/list/6638,Purple Enelby Sam Martinez,12,OP10-067,Senor Pink,2
https://onepiece.limitlesstcg.com/decks/list/6638,Purple Enelby Sam Martinez,12,OP15-118,Enel,4
https://onepiece.limitlesstcg.com/decks/list/6638,Purple Enelby Sam Martinez,12,OP15-074,Varie,4
https://onepiece.limitlesstcg.com/decks/list/6638,Purple Enelby Sam Martinez,12,OP15-075,El Thor,4
https://onepiece.limitlesstcg.com/decks/list/6638,Purple Enelby Sam Martinez,12,OP15-076,Lightning Beast Kiten,4
https://onepiece.limitlesstcg.com/decks/list/6638,Purple Enelby Sam Martinez,12,OP15-077,Lightning Dragon,4
https://onepiece.limitlesstcg.com/decks/list/6638,Purple Enelby Sam Martinez,12,OP15-078,Mamaragan,4
https://onepiece.limitlesstcg.com/decks/list/6638,Purple Enelby Sam Martinez,12,OP13-076,Divine Departure,1
https://onepiece.limitlesstcg.com/decks/list/6638,Purple Enelby Sam Martinez,12,OP05-077,Gamma Knife,3
https://onepiece.limitlesstcg.com/decks/list/6734,Black/Yellow Blackbeardby Chakal,13,OP16-080,Marshall.D.Teach,1
https://onepiece.limitlesstcg.com/decks/list/6734,Black/Yellow Blackbeardby Chakal,13,OP16-110,Vasco Shot,4
https://onepiece.limitlesstcg.com/decks/list/6734,Black/Yellow Blackbeardby Chakal,13,OP16-109,Doc Q,3
https://onepiece.limitlesstcg.com/decks/list/6734,Black/Yellow Blackbeardby Chakal,13,OP09-095,Laffitte,2
https://onepiece.limitlesstcg.com/decks/list/6734,Black/Yellow Blackbeardby Chakal,13,OP16-103,Van Augur,1
https://onepiece.limitlesstcg.com/decks/list/6734,Black/Yellow Blackbeardby Chakal,13,OP12-112,Baby 5,4
https://onepiece.limitlesstcg.com/decks/list/6734,Black/Yellow Blackbeardby Chakal,13,OP16-104,Catarina Devon,4
https://onepiece.limitlesstcg.com/decks/list/6734,Black/Yellow Blackbeardby Chakal,13,OP09-086,Jesus Burgess,3
https://onepiece.limitlesstcg.com/decks/list/6734,Black/Yellow Blackbeardby Chakal,13,OP16-106,Sanjuan.Wolf,2
https://onepiece.limitlesstcg.com/decks/list/6734,Black/Yellow Blackbeardby Chakal,13,EB04-058,Borsalino,4
https://onepiece.limitlesstcg.com/decks/list/6734,Black/Yellow Blackbeardby Chakal,13,OP15-114,Wyper,2
https://onepiece.limitlesstcg.com/decks/list/6734,Black/Yellow Blackbeardby Chakal,13,OP16-108,Shiryu,4
https://onepiece.limitlesstcg.com/decks/list/6734,Black/Yellow Blackbeardby Chakal,13,OP16-119,Marshall.D.Teach,4
https://onepiece.limitlesstcg.com/decks/list/6734,Black/Yellow Blackbeardby Chakal,13,OP09-093,Marshall.D.Teach,4
https://onepiece.limitlesstcg.com/decks/list/6734,Black/Yellow Blackbeardby Chakal,13,OP09-096,My Era...Begins!!,2
https://onepiece.limitlesstcg.com/decks/list/6734,Black/Yellow Blackbeardby Chakal,13,OP16-115,Black Vortex,1
https://onepiece.limitlesstcg.com/decks/list/6734,Black/Yellow Blackbeardby Chakal,13,OP16-116,Zehahahahaha!,2
https://onepiece.limitlesstcg.com/decks/list/6734,Black/Yellow Blackbeardby Chakal,13,OP09-099,Fullalead,4
https://onepiece.limitlesstcg.com/decks/list/6735,Blue/Yellow Namiby Santiago,14,OP11-041,Nami,1
https://onepiece.limitlesstcg.com/decks/list/6735,Blue/Yellow Namiby Santiago,14,OP14-102,Kumacy,4
https://onepiece.limitlesstcg.com/decks/list/6735,Blue/Yellow Namiby Santiago,14,OP11-106,Zeus,3
https://onepiece.limitlesstcg.com/decks/list/6735,Blue/Yellow Namiby Santiago,14,OP12-112,Baby 5,4
https://onepiece.limitlesstcg.com/decks/list/6735,Blue/Yellow Namiby Santiago,14,OP14-110,Dr. Hogback,4
https://onepiece.limitlesstcg.com/decks/list/6735,Blue/Yellow Namiby Santiago,14,OP14-111,Perona,4
https://onepiece.limitlesstcg.com/decks/list/6735,Blue/Yellow Namiby Santiago,14,OP16-056,Mr.3(Galdino),4
https://onepiece.limitlesstcg.com/decks/list/6735,Blue/Yellow Namiby Santiago,14,OP06-104,Kikunojo,3
https://onepiece.limitlesstcg.com/decks/list/6735,Blue/Yellow Namiby Santiago,14,PRB02-008,Marco,2
https://onepiece.limitlesstcg.com/decks/list/6735,Blue/Yellow Namiby Santiago,14,OP15-113,Roronoa Zoro,1
https://onepiece.limitlesstcg.com/decks/list/6735,Blue/Yellow Namiby Santiago,14,EB03-053,Nami,4
https://onepiece.limitlesstcg.com/decks/list/6735,Blue/Yellow Namiby Santiago,14,EB04-058,Borsalino,4
https://onepiece.limitlesstcg.com/decks/list/6735,Blue/Yellow Namiby Santiago,14,EB03-055,Nico Robin,3
https://onepiece.limitlesstcg.com/decks/list/6735,Blue/Yellow Namiby Santiago,14,OP14-104,Gecko Moria,4
https://onepiece.limitlesstcg.com/decks/list/6735,Blue/Yellow Namiby Santiago,14,OP13-042,Edward.Newgate,3
https://onepiece.limitlesstcg.com/decks/list/6735,Blue/Yellow Namiby Santiago,14,OP06-058,Gravity Blade Raging Tiger,3
https://onepiece.limitlesstcg.com/decks/list/6736,Green/Blue Luffyby Aijao 13,15,OP16-022,Monkey.D.Luffy,1
https://onepiece.limitlesstcg.com/decks/list/6736,Green/Blue Luffyby Aijao 13,15,OP16-034,Monkey.D.Luffy,4
https://onepiece.limitlesstcg.com/decks/list/6736,Green/Blue Luffyby Aijao 13,15,OP16-054,Mr.1(Daz.Bonez),4
https://onepiece.limitlesstcg.com/decks/list/6736,Green/Blue Luffyby Aijao 13,15,OP16-055,Mr.2.Bon.Kurei(Bentham),4
https://onepiece.limitlesstcg.com/decks/list/6736,Green/Blue Luffyby Aijao 13,15,ST30-014,Mr.3(Galdino),3
https://onepiece.limitlesstcg.com/decks/list/6736,Green/Blue Luffyby Aijao 13,15,OP16-045,Crocodile,4
https://onepiece.limitlesstcg.com/decks/list/6736,Green/Blue Luffyby Aijao 13,15,OP16-056,Mr.3(Galdino),4
https://onepiece.limitlesstcg.com/decks/list/6736,Green/Blue Luffyby Aijao 13,15,OP16-026,Emporio.Ivankov,3
https://onepiece.limitlesstcg.com/decks/list/6736,Green/Blue Luffyby Aijao 13,15,OP16-048,Buggy,4
https://onepiece.limitlesstcg.com/decks/list/6736,Green/Blue Luffyby Aijao 13,15,OP16-042,Prisoner of Impel Down,8
https://onepiece.limitlesstcg.com/decks/list/6736,Green/Blue Luffyby Aijao 13,15,OP15-032,Brook,1
https://onepiece.limitlesstcg.com/decks/list/6736,Green/Blue Luffyby Aijao 13,15,OP16-032,Boa Hancock,3
https://onepiece.limitlesstcg.com/decks/list/6736,Green/Blue Luffyby Aijao 13,15,OP02-068,Gum-Gum Rain,1
https://onepiece.limitlesstcg.com/decks/list/6736,Green/Blue Luffyby Aijao 13,15,EB01-028,Gum-Gum Champion Rifle,3
https://onepiece.limitlesstcg.com/decks/list/6736,Green/Blue Luffyby Aijao 13,15,OP16-038,Let's Go!! To the Navy Headquarters!!,2
https://onepiece.limitlesstcg.com/decks/list/6736,Green/Blue Luffyby Aijao 13,15,OP06-058,Gravity Blade Raging Tiger,2
https://onepiece.limitlesstcg.com/decks/list/6737,Blue/Yellow Namiby UDT RichL,16,OP11-041,Nami,1
https://onepiece.limitlesstcg.com/decks/list/6737,Blue/Yellow Namiby UDT RichL,16,OP14-102,Kumacy,4
https://onepiece.limitlesstcg.com/decks/list/6737,Blue/Yellow Namiby UDT RichL,16,OP11-106,Zeus,4
https://onepiece.limitlesstcg.com/decks/list/6737,Blue/Yellow Namiby UDT RichL,16,P-096,Girl,4
https://onepiece.limitlesstcg.com/decks/list/6737,Blue/Yellow Namiby UDT RichL,16,OP12-112,Baby 5,4
https://onepiece.limitlesstcg.com/decks/list/6737,Blue/Yellow Namiby UDT RichL,16,OP14-110,Dr. Hogback,4
https://onepiece.limitlesstcg.com/decks/list/6737,Blue/Yellow Namiby UDT RichL,16,OP14-111,Perona,4
https://onepiece.limitlesstcg.com/decks/list/6737,Blue/Yellow Namiby UDT RichL,16,PRB02-008,Marco,2
https://onepiece.limitlesstcg.com/decks/list/6737,Blue/Yellow Namiby UDT RichL,16,OP15-113,Roronoa Zoro,1
https://onepiece.limitlesstcg.com/decks/list/6737,Blue/Yellow Namiby UDT RichL,16,EB03-053,Nami,4
https://onepiece.limitlesstcg.com/decks/list/6737,Blue/Yellow Namiby UDT RichL,16,EB04-058,Borsalino,4
https://onepiece.limitlesstcg.com/decks/list/6737,Blue/Yellow Namiby UDT RichL,16,OP15-119,Monkey.D.Luffy,1
https://onepiece.limitlesstcg.com/decks/list/6737,Blue/Yellow Namiby UDT RichL,16,EB03-055,Nico Robin,4
https://onepiece.limitlesstcg.com/decks/list/6737,Blue/Yellow Namiby UDT RichL,16,OP14-104,Gecko Moria,3
https://onepiece.limitlesstcg.com/decks/list/6737,Blue/Yellow Namiby UDT RichL,16,OP16-119,Marshall.D.Teach,2
https://onepiece.limitlesstcg.com/decks/list/6737,Blue/Yellow Namiby UDT RichL,16,OP13-042,Edward.Newgate,4
https://onepiece.limitlesstcg.com/decks/list/6737,Blue/Yellow Namiby UDT RichL,16,OP06-058,Gravity Blade Raging Tiger,1
https://onepiece.limitlesstcg.com/decks/list/6784,Blue/Yellow Namiby Chris Sok,1,OP11-041,Nami,1
https://onepiece.limitlesstcg.com/decks/list/6784,Blue/Yellow Namiby Chris Sok,1,OP14-102,Kumacy,4
https://onepiece.limitlesstcg.com/decks/list/6784,Blue/Yellow Namiby Chris Sok,1,OP11-106,Zeus,4
https://onepiece.limitlesstcg.com/decks/list/6784,Blue/Yellow Namiby Chris Sok,1,OP12-112,Baby 5,4
https://onepiece.limitlesstcg.com/decks/list/6784,Blue/Yellow Namiby Chris Sok,1,PRB02-008,Marco,4
https://onepiece.limitlesstcg.com/decks/list/6784,Blue/Yellow Namiby Chris Sok,1,OP14-110,Dr. Hogback,4
https://onepiece.limitlesstcg.com/decks/list/6784,Blue/Yellow Namiby Chris Sok,1,OP14-111,Perona,4
https://onepiece.limitlesstcg.com/decks/list/6784,Blue/Yellow Namiby Chris Sok,1,OP16-056,Mr.3(Galdino),4
https://onepiece.limitlesstcg.com/decks/list/6784,Blue/Yellow Namiby Chris Sok,1,EB03-053,Nami,4
https://onepiece.limitlesstcg.com/decks/list/6784,Blue/Yellow Namiby Chris Sok,1,EB04-058,Borsalino,4
https://onepiece.limitlesstcg.com/decks/list/6784,Blue/Yellow Namiby Chris Sok,1,EB03-055,Nico Robin,4
https://onepiece.limitlesstcg.com/decks/list/6784,Blue/Yellow Namiby Chris Sok,1,OP14-104,Gecko Moria,4
https://onepiece.limitlesstcg.com/decks/list/6784,Blue/Yellow Namiby Chris Sok,1,OP16-119,Marshall.D.Teach,2
https://onepiece.limitlesstcg.com/decks/list/6784,Blue/Yellow Namiby Chris Sok,1,OP13-042,Edward.Newgate,4
https://onepiece.limitlesstcg.com/decks/list/6345,Purple Enelby gary h,2,OP15-058,Enel,1
https://onepiece.limitlesstcg.com/decks/list/6345,Purple Enelby gary h,2,OP12-071,Charlotte Pudding,4
https://onepiece.limitlesstcg.com/decks/list/6345,Purple Enelby gary h,2,OP15-061,Ohm,4
https://onepiece.limitlesstcg.com/decks/list/6345,Purple Enelby gary h,2,OP15-067,Shura,4
https://onepiece.limitlesstcg.com/decks/list/6345,Purple Enelby gary h,2,OP15-066,Satori,2
https://onepiece.limitlesstcg.com/decks/list/6345,Purple Enelby gary h,2,OP12-063,Vinsmoke Reiju,4
https://onepiece.limitlesstcg.com/decks/list/6345,Purple Enelby gary h,2,OP09-072,Franky,3
https://onepiece.limitlesstcg.com/decks/list/6345,Purple Enelby gary h,2,OP10-067,Senor Pink,2
https://onepiece.limitlesstcg.com/decks/list/6345,Purple Enelby gary h,2,OP15-118,Enel,4
https://onepiece.limitlesstcg.com/decks/list/6345,Purple Enelby gary h,2,OP15-075,El Thor,4
https://onepiece.limitlesstcg.com/decks/list/6345,Purple Enelby gary h,2,OP15-076,Lightning Beast Kiten,4
https://onepiece.limitlesstcg.com/decks/list/6345,Purple Enelby gary h,2,OP15-077,Lightning Dragon,4
https://onepiece.limitlesstcg.com/decks/list/6345,Purple Enelby gary h,2,OP15-078,Mamaragan,4
https://onepiece.limitlesstcg.com/decks/list/6345,Purple Enelby gary h,2,OP15-074,Varie,3
https://onepiece.limitlesstcg.com/decks/list/6345,Purple Enelby gary h,2,OP13-076,Divine Departure,1
https://onepiece.limitlesstcg.com/decks/list/6345,Purple Enelby gary h,2,OP05-077,Gamma Knife,3
https://onepiece.limitlesstcg.com/decks/list/6785,Green/Blue Luffyby Ritchie Paek,3,OP16-022,Monkey.D.Luffy,1
https://onepiece.limitlesstcg.com/decks/list/6785,Green/Blue Luffyby Ritchie Paek,3,OP16-034,Monkey.D.Luffy,4
https://onepiece.limitlesstcg.com/decks/list/6785,Green/Blue Luffyby Ritchie Paek,3,OP16-054,Mr.1(Daz.Bonez),4
https://onepiece.limitlesstcg.com/decks/list/6785,Green/Blue Luffyby Ritchie Paek,3,OP16-055,Mr.2.Bon.Kurei(Bentham),4
https://onepiece.limitlesstcg.com/decks/list/6785,Green/Blue Luffyby Ritchie Paek,3,ST30-014,Mr.3(Galdino),3
https://onepiece.limitlesstcg.com/decks/list/6785,Green/Blue Luffyby Ritchie Paek,3,OP16-037,Mr.3(Galdino),1
https://onepiece.limitlesstcg.com/decks/list/6785,Green/Blue Luffyby Ritchie Paek,3,ST12-010,Emporio.Ivankov,2
https://onepiece.limitlesstcg.com/decks/list/6785,Green/Blue Luffyby Ritchie Paek,3,OP16-045,Crocodile,4
https://onepiece.limitlesstcg.com/decks/list/6785,Green/Blue Luffyby Ritchie Paek,3,OP16-056,Mr.3(Galdino),4
https://onepiece.limitlesstcg.com/decks/list/6785,Green/Blue Luffyby Ritchie Paek,3,OP16-026,Emporio.Ivankov,1
https://onepiece.limitlesstcg.com/decks/list/6785,Green/Blue Luffyby Ritchie Paek,3,OP16-048,Buggy,4
https://onepiece.limitlesstcg.com/decks/list/6785,Green/Blue Luffyby Ritchie Paek,3,OP16-042,Prisoner of Impel Down,9
https://onepiece.limitlesstcg.com/decks/list/6785,Green/Blue Luffyby Ritchie Paek,3,OP15-032,Brook,1
https://onepiece.limitlesstcg.com/decks/list/6785,Green/Blue Luffyby Ritchie Paek,3,OP16-032,Boa Hancock,2
https://onepiece.limitlesstcg.com/decks/list/6785,Green/Blue Luffyby Ritchie Paek,3,OP02-068,Gum-Gum Rain,1
https://onepiece.limitlesstcg.com/decks/list/6785,Green/Blue Luffyby Ritchie Paek,3,OP16-038,Let's Go!! To the Navy Headquarters!!,2
https://onepiece.limitlesstcg.com/decks/list/6785,Green/Blue Luffyby Ritchie Paek,3,OP06-038,The Billion-fold World Trichiliocosm,1
https://onepiece.limitlesstcg.com/decks/list/6785,Green/Blue Luffyby Ritchie Paek,3,OP12-037,Demon Aura Nine Sword Style Asura Blades Drawn Dead Man's Game,1
https://onepiece.limitlesstcg.com/decks/list/6785,Green/Blue Luffyby Ritchie Paek,3,OP11-061,Gum-Gum Jet Culverin,1
https://onepiece.limitlesstcg.com/decks/list/6785,Green/Blue Luffyby Ritchie Paek,3,OP06-058,Gravity Blade Raging Tiger,1
https://onepiece.limitlesstcg.com/decks/list/6786,Green/Blue Luffyby Alex Blood,4,OP16-022,Monkey.D.Luffy,1
https://onepiece.limitlesstcg.com/decks/list/6786,Green/Blue Luffyby Alex Blood,4,OP16-034,Monkey.D.Luffy,4
https://onepiece.limitlesstcg.com/decks/list/6786,Green/Blue Luffyby Alex Blood,4,OP16-054,Mr.1(Daz.Bonez),4
https://onepiece.limitlesstcg.com/decks/list/6786,Green/Blue Luffyby Alex Blood,4,OP16-055,Mr.2.Bon.Kurei(Bentham),4
https://onepiece.limitlesstcg.com/decks/list/6786,Green/Blue Luffyby Alex Blood,4,ST30-014,Mr.3(Galdino),3
https://onepiece.limitlesstcg.com/decks/list/6786,Green/Blue Luffyby Alex Blood,4,ST12-010,Emporio.Ivankov,3
https://onepiece.limitlesstcg.com/decks/list/6786,Green/Blue Luffyby Alex Blood,4,OP16-045,Crocodile,4
https://onepiece.limitlesstcg.com/decks/list/6786,Green/Blue Luffyby Alex Blood,4,OP16-056,Mr.3(Galdino),4
https://onepiece.limitlesstcg.com/decks/list/6786,Green/Blue Luffyby Alex Blood,4,OP16-026,Emporio.Ivankov,1
https://onepiece.limitlesstcg.com/decks/list/6786,Green/Blue Luffyby Alex Blood,4,OP16-048,Buggy,4
https://onepiece.limitlesstcg.com/decks/list/6786,Green/Blue Luffyby Alex Blood,4,OP16-042,Prisoner of Impel Down,9
https://onepiece.limitlesstcg.com/decks/list/6786,Green/Blue Luffyby Alex Blood,4,OP15-032,Brook,1
https://onepiece.limitlesstcg.com/decks/list/6786,Green/Blue Luffyby Alex Blood,4,OP16-032,Boa Hancock,2
https://onepiece.limitlesstcg.com/decks/list/6786,Green/Blue Luffyby Alex Blood,4,OP02-068,Gum-Gum Rain,1
https://onepiece.limitlesstcg.com/decks/list/6786,Green/Blue Luffyby Alex Blood,4,OP16-038,Let's Go!! To the Navy Headquarters!!,2
https://onepiece.limitlesstcg.com/decks/list/6786,Green/Blue Luffyby Alex Blood,4,OP12-037,Demon Aura Nine Sword Style Asura Blades Drawn Dead Man's Game,1
https://onepiece.limitlesstcg.com/decks/list/6786,Green/Blue Luffyby Alex Blood,4,OP11-061,Gum-Gum Jet Culverin,1
https://onepiece.limitlesstcg.com/decks/list/6786,Green/Blue Luffyby Alex Blood,4,OP06-058,Gravity Blade Raging Tiger,2
https://onepiece.limitlesstcg.com/decks/list/6787,Red/Blue Lucyby Caleb Albert,5,OP15-002,Lucy,1
https://onepiece.limitlesstcg.com/decks/list/6787,Red/Blue Lucyby Caleb Albert,5,OP15-040,Viola,4
https://onepiece.limitlesstcg.com/decks/list/6787,Red/Blue Lucyby Caleb Albert,5,OP15-052,Leo,4
https://onepiece.limitlesstcg.com/decks/list/6787,Red/Blue Lucyby Caleb Albert,5,OP15-053,Rebecca,4
https://onepiece.limitlesstcg.com/decks/list/6787,Red/Blue Lucyby Caleb Albert,5,OP10-045,Cavendish,4
https://onepiece.limitlesstcg.com/decks/list/6787,Red/Blue Lucyby Caleb Albert,5,OP08-047,Jozu,2
https://onepiece.limitlesstcg.com/decks/list/6787,Red/Blue Lucyby Caleb Albert,5,OP15-046,Sabo,4
https://onepiece.limitlesstcg.com/decks/list/6787,Red/Blue Lucyby Caleb Albert,5,OP09-118,Gol.D.Roger,1
https://onepiece.limitlesstcg.com/decks/list/6787,Red/Blue Lucyby Caleb Albert,5,OP10-059,Fo...llow...Me...and...I...Will...Gui...de...You,4
https://onepiece.limitlesstcg.com/decks/list/6787,Red/Blue Lucyby Caleb Albert,5,ST10-015,Gum-Gum Giant Sumo Slap,2
https://onepiece.limitlesstcg.com/decks/list/6787,Red/Blue Lucyby Caleb Albert,5,OP05-019,Fire Fist,2
https://onepiece.limitlesstcg.com/decks/list/6787,Red/Blue Lucyby Caleb Albert,5,OP15-054,And No One Else Can Have It! It's Our Memento of Him,4
https://onepiece.limitlesstcg.com/decks/list/6787,Red/Blue Lucyby Caleb Albert,5,OP15-021,"Just Watch Me, Ace!!!",2
https://onepiece.limitlesstcg.com/decks/list/6787,Red/Blue Lucyby Caleb Albert,5,OP10-060,Barrier-Barrier Pistol,4
https://onepiece.limitlesstcg.com/decks/list/6787,Red/Blue Lucyby Caleb Albert,5,OP15-020,Fire Fist,4
https://onepiece.limitlesstcg.com/decks/list/6787,Red/Blue Lucyby Caleb Albert,5,OP06-058,Gravity Blade Raging Tiger,2
https://onepiece.limitlesstcg.com/decks/list/6787,Red/Blue Lucyby Caleb Albert,5,OP15-056,Would You Let Me Eat the Flame-Flame Fruit?,2
https://onepiece.limitlesstcg.com/decks/list/6787,Red/Blue Lucyby Caleb Albert,5,OP15-057,Dressrosa Kingdom,1
https://onepiece.limitlesstcg.com/decks/list/6788,Black/Yellow Blackbeardby Greyson Shartzer,6,OP16-080,Marshall.D.Teach,1
https://onepiece.limitlesstcg.com/decks/list/6788,Black/Yellow Blackbeardby Greyson Shartzer,6,OP16-109,Doc Q,4
https://onepiece.limitlesstcg.com/decks/list/6788,Black/Yellow Blackbeardby Greyson Shartzer,6,OP16-110,Vasco Shot,4
https://onepiece.limitlesstcg.com/decks/list/6788,Black/Yellow Blackbeardby Greyson Shartzer,6,OP16-103,Van Augur,1
https://onepiece.limitlesstcg.com/decks/list/6788,Black/Yellow Blackbeardby Greyson Shartzer,6,OP09-086,Jesus Burgess,4
https://onepiece.limitlesstcg.com/decks/list/6788,Black/Yellow Blackbeardby Greyson Shartzer,6,OP16-104,Catarina Devon,4
https://onepiece.limitlesstcg.com/decks/list/6788,Black/Yellow Blackbeardby Greyson Shartzer,6,OP16-106,Sanjuan.Wolf,3
https://onepiece.limitlesstcg.com/decks/list/6788,Black/Yellow Blackbeardby Greyson Shartzer,6,OP12-112,Baby 5,2
https://onepiece.limitlesstcg.com/decks/list/6788,Black/Yellow Blackbeardby Greyson Shartzer,6,EB04-058,Borsalino,4
https://onepiece.limitlesstcg.com/decks/list/6788,Black/Yellow Blackbeardby Greyson Shartzer,6,OP14-108,Silvers Rayleigh,4
https://onepiece.limitlesstcg.com/decks/list/6788,Black/Yellow Blackbeardby Greyson Shartzer,6,OP16-108,Shiryu,4
https://onepiece.limitlesstcg.com/decks/list/6788,Black/Yellow Blackbeardby Greyson Shartzer,6,OP16-119,Marshall.D.Teach,4
https://onepiece.limitlesstcg.com/decks/list/6788,Black/Yellow Blackbeardby Greyson Shartzer,6,OP09-093,Marshall.D.Teach,3
https://onepiece.limitlesstcg.com/decks/list/6788,Black/Yellow Blackbeardby Greyson Shartzer,6,OP09-096,My Era...Begins!!,3
https://onepiece.limitlesstcg.com/decks/list/6788,Black/Yellow Blackbeardby Greyson Shartzer,6,OP16-116,Zehahahahaha!,2
https://onepiece.limitlesstcg.com/decks/list/6788,Black/Yellow Blackbeardby Greyson Shartzer,6,OP09-099,Fullalead,4
https://onepiece.limitlesstcg.com/decks/list/6789,Black/Yellow Blackbeardby Kyle Henriksen,7,OP16-080,Marshall.D.Teach,1
https://onepiece.limitlesstcg.com/decks/list/6789,Black/Yellow Blackbeardby Kyle Henriksen,7,OP16-109,Doc Q,4
https://onepiece.limitlesstcg.com/decks/list/6789,Black/Yellow Blackbeardby Kyle Henriksen,7,OP16-110,Vasco Shot,4
https://onepiece.limitlesstcg.com/decks/list/6789,Black/Yellow Blackbeardby Kyle Henriksen,7,OP09-095,Laffitte,2
https://onepiece.limitlesstcg.com/decks/list/6789,Black/Yellow Blackbeardby Kyle Henriksen,7,OP12-112,Baby 5,4
https://onepiece.limitlesstcg.com/decks/list/6789,Black/Yellow Blackbeardby Kyle Henriksen,7,OP16-104,Catarina Devon,4
https://onepiece.limitlesstcg.com/decks/list/6789,Black/Yellow Blackbeardby Kyle Henriksen,7,OP09-086,Jesus Burgess,3
https://onepiece.limitlesstcg.com/decks/list/6789,Black/Yellow Blackbeardby Kyle Henriksen,7,OP16-106,Sanjuan.Wolf,2
https://onepiece.limitlesstcg.com/decks/list/6789,Black/Yellow Blackbeardby Kyle Henriksen,7,EB04-058,Borsalino,4
https://onepiece.limitlesstcg.com/decks/list/6789,Black/Yellow Blackbeardby Kyle Henriksen,7,OP16-108,Shiryu,4
https://onepiece.limitlesstcg.com/decks/list/6789,Black/Yellow Blackbeardby Kyle Henriksen,7,OP14-108,Silvers Rayleigh,2
https://onepiece.limitlesstcg.com/decks/list/6789,Black/Yellow Blackbeardby Kyle Henriksen,7,OP16-119,Marshall.D.Teach,4
https://onepiece.limitlesstcg.com/decks/list/6789,Black/Yellow Blackbeardby Kyle Henriksen,7,OP09-093,Marshall.D.Teach,4
https://onepiece.limitlesstcg.com/decks/list/6789,Black/Yellow Blackbeardby Kyle Henriksen,7,OP09-096,My Era...Begins!!,2
https://onepiece.limitlesstcg.com/decks/list/6789,Black/Yellow Blackbeardby Kyle Henriksen,7,OP16-115,Black Vortex,1
https://onepiece.limitlesstcg.com/decks/list/6789,Black/Yellow Blackbeardby Kyle Henriksen,7,OP16-116,Zehahahahaha!,2
https://onepiece.limitlesstcg.com/decks/list/6789,Black/Yellow Blackbeardby Kyle Henriksen,7,OP09-099,Fullalead,4
https://onepiece.limitlesstcg.com/decks/list/6345,Purple Enelby Cameron Varden,8,OP15-058,Enel,1
https://onepiece.limitlesstcg.com/decks/list/6345,Purple Enelby Cameron Varden,8,OP12-071,Charlotte Pudding,4
https://onepiece.limitlesstcg.com/decks/list/6345,Purple Enelby Cameron Varden,8,OP15-061,Ohm,4
https://onepiece.limitlesstcg.com/decks/list/6345,Purple Enelby Cameron Varden,8,OP15-067,Shura,4
https://onepiece.limitlesstcg.com/decks/list/6345,Purple Enelby Cameron Varden,8,OP15-066,Satori,2
https://onepiece.limitlesstcg.com/decks/list/6345,Purple Enelby Cameron Varden,8,OP12-063,Vinsmoke Reiju,4
https://onepiece.limitlesstcg.com/decks/list/6345,Purple Enelby Cameron Varden,8,OP09-072,Franky,3
https://onepiece.limitlesstcg.com/decks/list/6345,Purple Enelby Cameron Varden,8,OP10-067,Senor Pink,2
https://onepiece.limitlesstcg.com/decks/list/6345,Purple Enelby Cameron Varden,8,OP15-118,Enel,4
https://onepiece.limitlesstcg.com/decks/list/6345,Purple Enelby Cameron Varden,8,OP15-075,El Thor,4
https://onepiece.limitlesstcg.com/decks/list/6345,Purple Enelby Cameron Varden,8,OP15-076,Lightning Beast Kiten,4
https://onepiece.limitlesstcg.com/decks/list/6345,Purple Enelby Cameron Varden,8,OP15-077,Lightning Dragon,4
https://onepiece.limitlesstcg.com/decks/list/6345,Purple Enelby Cameron Varden,8,OP15-078,Mamaragan,4
https://onepiece.limitlesstcg.com/decks/list/6345,Purple Enelby Cameron Varden,8,OP15-074,Varie,3
https://onepiece.limitlesstcg.com/decks/list/6345,Purple Enelby Cameron Varden,8,OP13-076,Divine Departure,1
https://onepiece.limitlesstcg.com/decks/list/6345,Purple Enelby Cameron Varden,8,OP05-077,Gamma Knife,3
https://onepiece.limitlesstcg.com/decks/list/6790,Blue/Yellow Namiby Roboskillz,9,OP11-041,Nami,1
https://onepiece.limitlesstcg.com/decks/list/6790,Blue/Yellow Namiby Roboskillz,9,OP14-102,Kumacy,4
https://onepiece.limitlesstcg.com/decks/list/6790,Blue/Yellow Namiby Roboskillz,9,OP11-106,Zeus,4
https://onepiece.limitlesstcg.com/decks/list/6790,Blue/Yellow Namiby Roboskillz,9,OP16-056,Mr.3(Galdino),4
https://onepiece.limitlesstcg.com/decks/list/6790,Blue/Yellow Namiby Roboskillz,9,OP12-112,Baby 5,3
https://onepiece.limitlesstcg.com/decks/list/6790,Blue/Yellow Namiby Roboskillz,9,OP14-111,Perona,3
https://onepiece.limitlesstcg.com/decks/list/6790,Blue/Yellow Namiby Roboskillz,9,OP06-104,Kikunojo,2
https://onepiece.limitlesstcg.com/decks/list/6790,Blue/Yellow Namiby Roboskillz,9,OP14-110,Dr. Hogback,2
https://onepiece.limitlesstcg.com/decks/list/6790,Blue/Yellow Namiby Roboskillz,9,OP15-113,Roronoa Zoro,2
https://onepiece.limitlesstcg.com/decks/list/6790,Blue/Yellow Namiby Roboskillz,9,PRB02-008,Marco,1
https://onepiece.limitlesstcg.com/decks/list/6790,Blue/Yellow Namiby Roboskillz,9,EB03-053,Nami,4
https://onepiece.limitlesstcg.com/decks/list/6790,Blue/Yellow Namiby Roboskillz,9,EB04-058,Borsalino,4
https://onepiece.limitlesstcg.com/decks/list/6790,Blue/Yellow Namiby Roboskillz,9,OP15-114,Wyper,2
https://onepiece.limitlesstcg.com/decks/list/6790,Blue/Yellow Namiby Roboskillz,9,OP15-119,Monkey.D.Luffy,1
https://onepiece.limitlesstcg.com/decks/list/6790,Blue/Yellow Namiby Roboskillz,9,OP14-108,Silvers Rayleigh,1
https://onepiece.limitlesstcg.com/decks/list/6790,Blue/Yellow Namiby Roboskillz,9,EB03-055,Nico Robin,3
https://onepiece.limitlesstcg.com/decks/list/6790,Blue/Yellow Namiby Roboskillz,9,OP14-104,Gecko Moria,4
https://onepiece.limitlesstcg.com/decks/list/6790,Blue/Yellow Namiby Roboskillz,9,OP16-119,Marshall.D.Teach,2
https://onepiece.limitlesstcg.com/decks/list/6790,Blue/Yellow Namiby Roboskillz,9,OP13-042,Edward.Newgate,3
https://onepiece.limitlesstcg.com/decks/list/6790,Blue/Yellow Namiby Roboskillz,9,OP06-058,Gravity Blade Raging Tiger,1
https://onepiece.limitlesstcg.com/decks/list/6791,Blue/Yellow Namiby Sam Hsieh,10,OP11-041,Nami,1
https://onepiece.limitlesstcg.com/decks/list/6791,Blue/Yellow Namiby Sam Hsieh,10,OP14-102,Kumacy,4
https://onepiece.limitlesstcg.com/decks/list/6791,Blue/Yellow Namiby Sam Hsieh,10,OP11-106,Zeus,4
https://onepiece.limitlesstcg.com/decks/list/6791,Blue/Yellow Namiby Sam Hsieh,10,OP06-106,Kouzuki Hiyori,3
https://onepiece.limitlesstcg.com/decks/list/6791,Blue/Yellow Namiby Sam Hsieh,10,OP15-047,Sanji,1
https://onepiece.limitlesstcg.com/decks/list/6791,Blue/Yellow Namiby Sam Hsieh,10,OP14-110,Dr. Hogback,4
https://onepiece.limitlesstcg.com/decks/list/6791,Blue/Yellow Namiby Sam Hsieh,10,OP14-111,Perona,4
https://onepiece.limitlesstcg.com/decks/list/6791,Blue/Yellow Namiby Sam Hsieh,10,OP16-056,Mr.3(Galdino),4
https://onepiece.limitlesstcg.com/decks/list/6791,Blue/Yellow Namiby Sam Hsieh,10,OP06-104,Kikunojo,3
https://onepiece.limitlesstcg.com/decks/list/6791,Blue/Yellow Namiby Sam Hsieh,10,PRB02-008,Marco,3
https://onepiece.limitlesstcg.com/decks/list/6791,Blue/Yellow Namiby Sam Hsieh,10,EB03-053,Nami,4
https://onepiece.limitlesstcg.com/decks/list/6791,Blue/Yellow Namiby Sam Hsieh,10,EB04-058,Borsalino,4
https://onepiece.limitlesstcg.com/decks/list/6791,Blue/Yellow Namiby Sam Hsieh,10,EB03-055,Nico Robin,4
https://onepiece.limitlesstcg.com/decks/list/6791,Blue/Yellow Namiby Sam Hsieh,10,OP14-104,Gecko Moria,4
https://onepiece.limitlesstcg.com/decks/list/6791,Blue/Yellow Namiby Sam Hsieh,10,OP13-042,Edward.Newgate,3
https://onepiece.limitlesstcg.com/decks/list/6791,Blue/Yellow Namiby Sam Hsieh,10,OP06-058,Gravity Blade Raging Tiger,1
https://onepiece.limitlesstcg.com/decks/list/6792,Green/Blue Luffyby Joshua Cao,11,OP16-022,Monkey.D.Luffy,1
https://onepiece.limitlesstcg.com/decks/list/6792,Green/Blue Luffyby Joshua Cao,11,OP16-034,Monkey.D.Luffy,4
https://onepiece.limitlesstcg.com/decks/list/6792,Green/Blue Luffyby Joshua Cao,11,OP16-054,Mr.1(Daz.Bonez),4
https://onepiece.limitlesstcg.com/decks/list/6792,Green/Blue Luffyby Joshua Cao,11,OP16-055,Mr.2.Bon.Kurei(Bentham),4
https://onepiece.limitlesstcg.com/decks/list/6792,Green/Blue Luffyby Joshua Cao,11,ST30-014,Mr.3(Galdino),2
https://onepiece.limitlesstcg.com/decks/list/6792,Green/Blue Luffyby Joshua Cao,11,OP16-027,Jinbe,1
https://onepiece.limitlesstcg.com/decks/list/6792,Green/Blue Luffyby Joshua Cao,11,ST12-010,Emporio.Ivankov,2
https://onepiece.limitlesstcg.com/decks/list/6792,Green/Blue Luffyby Joshua Cao,11,OP16-045,Crocodile,4
https://onepiece.limitlesstcg.com/decks/list/6792,Green/Blue Luffyby Joshua Cao,11,OP16-056,Mr.3(Galdino),4
https://onepiece.limitlesstcg.com/decks/list/6792,Green/Blue Luffyby Joshua Cao,11,OP16-026,Emporio.Ivankov,2
https://onepiece.limitlesstcg.com/decks/list/6792,Green/Blue Luffyby Joshua Cao,11,OP16-048,Buggy,4
https://onepiece.limitlesstcg.com/decks/list/6792,Green/Blue Luffyby Joshua Cao,11,OP16-042,Prisoner of Impel Down,9
https://onepiece.limitlesstcg.com/decks/list/6792,Green/Blue Luffyby Joshua Cao,11,OP15-032,Brook,1
https://onepiece.limitlesstcg.com/decks/list/6792,Green/Blue Luffyby Joshua Cao,11,OP16-032,Boa Hancock,2
https://onepiece.limitlesstcg.com/decks/list/6792,Green/Blue Luffyby Joshua Cao,11,OP02-068,Gum-Gum Rain,1
https://onepiece.limitlesstcg.com/decks/list/6792,Green/Blue Luffyby Joshua Cao,11,OP16-038,Let's Go!! To the Navy Headquarters!!,2
https://onepiece.limitlesstcg.com/decks/list/6792,Green/Blue Luffyby Joshua Cao,11,OP06-038,The Billion-fold World Trichiliocosm,1
https://onepiece.limitlesstcg.com/decks/list/6792,Green/Blue Luffyby Joshua Cao,11,OP12-037,Demon Aura Nine Sword Style Asura Blades Drawn Dead Man's Game,1
https://onepiece.limitlesstcg.com/decks/list/6792,Green/Blue Luffyby Joshua Cao,11,OP11-061,Gum-Gum Jet Culverin,1
https://onepiece.limitlesstcg.com/decks/list/6792,Green/Blue Luffyby Joshua Cao,11,OP06-058,Gravity Blade Raging Tiger,1
https://onepiece.limitlesstcg.com/decks/list/6793,Black/Yellow Blackbeardby Alexandro Montiel,12,OP16-080,Marshall.D.Teach,1
https://onepiece.limitlesstcg.com/decks/list/6793,Black/Yellow Blackbeardby Alexandro Montiel,12,OP16-103,Van Augur,3
https://onepiece.limitlesstcg.com/decks/list/6793,Black/Yellow Blackbeardby Alexandro Montiel,12,OP16-110,Vasco Shot,3
https://onepiece.limitlesstcg.com/decks/list/6793,Black/Yellow Blackbeardby Alexandro Montiel,12,OP16-102,Avalo Pizarro,2
https://onepiece.limitlesstcg.com/decks/list/6793,Black/Yellow Blackbeardby Alexandro Montiel,12,OP16-114,Laffitte,2
https://onepiece.limitlesstcg.com/decks/list/6793,Black/Yellow Blackbeardby Alexandro Montiel,12,OP09-086,Jesus Burgess,4
https://onepiece.limitlesstcg.com/decks/list/6793,Black/Yellow Blackbeardby Alexandro Montiel,12,OP12-112,Baby 5,4
https://onepiece.limitlesstcg.com/decks/list/6793,Black/Yellow Blackbeardby Alexandro Montiel,12,OP16-104,Catarina Devon,4
https://onepiece.limitlesstcg.com/decks/list/6793,Black/Yellow Blackbeardby Alexandro Montiel,12,OP16-106,Sanjuan.Wolf,1
https://onepiece.limitlesstcg.com/decks/list/6793,Black/Yellow Blackbeardby Alexandro Montiel,12,EB04-058,Borsalino,4
https://onepiece.limitlesstcg.com/decks/list/6793,Black/Yellow Blackbeardby Alexandro Montiel,12,OP16-108,Shiryu,4
https://onepiece.limitlesstcg.com/decks/list/6793,Black/Yellow Blackbeardby Alexandro Montiel,12,OP14-108,Silvers Rayleigh,2
https://onepiece.limitlesstcg.com/decks/list/6793,Black/Yellow Blackbeardby Alexandro Montiel,12,OP16-119,Marshall.D.Teach,4
https://onepiece.limitlesstcg.com/decks/list/6793,Black/Yellow Blackbeardby Alexandro Montiel,12,OP09-093,Marshall.D.Teach,3
https://onepiece.limitlesstcg.com/decks/list/6793,Black/Yellow Blackbeardby Alexandro Montiel,12,OP09-096,My Era...Begins!!,3
https://onepiece.limitlesstcg.com/decks/list/6793,Black/Yellow Blackbeardby Alexandro Montiel,12,OP16-115,Black Vortex,1
https://onepiece.limitlesstcg.com/decks/list/6793,Black/Yellow Blackbeardby Alexandro Montiel,12,OP16-116,Zehahahahaha!,2
https://onepiece.limitlesstcg.com/decks/list/6793,Black/Yellow Blackbeardby Alexandro Montiel,12,OP09-099,Fullalead,4
https://onepiece.limitlesstcg.com/decks/list/6794,Black Yamatoby K,13,OP16-079,Yamato,1
https://onepiece.limitlesstcg.com/decks/list/6794,Black Yamatoby K,13,OP16-091,Nami,4
https://onepiece.limitlesstcg.com/decks/list/6794,Black Yamatoby K,13,OP16-092,Nico Robin,4
https://onepiece.limitlesstcg.com/decks/list/6794,Black Yamatoby K,13,OP16-087,Shinobu,4
https://onepiece.limitlesstcg.com/decks/list/6794,Black Yamatoby K,13,OP16-081,Otama,3
https://onepiece.limitlesstcg.com/decks/list/6794,Black Yamatoby K,13,OP16-088,Shimotsuki Ushimaru,3
https://onepiece.limitlesstcg.com/decks/list/6794,Black Yamatoby K,13,OP16-082,Kin'emon,4
https://onepiece.limitlesstcg.com/decks/list/6794,Black Yamatoby K,13,OP16-084,Kouzuki Momonosuke,4
https://onepiece.limitlesstcg.com/decks/list/6794,Black Yamatoby K,13,OP16-098,Yamato,4
https://onepiece.limitlesstcg.com/decks/list/6794,Black Yamatoby K,13,OP16-096,Yamato,4
https://onepiece.limitlesstcg.com/decks/list/6794,Black Yamatoby K,13,OP16-097,Yamato,4
https://onepiece.limitlesstcg.com/decks/list/6794,Black Yamatoby K,13,OP16-085,Kouzuki Momonosuke,4
https://onepiece.limitlesstcg.com/decks/list/6794,Black Yamatoby K,13,OP16-099,I've Come Here... To Cut Those Chains!!!,4
https://onepiece.limitlesstcg.com/decks/list/6794,Black Yamatoby K,13,OP11-097,After All These Years I'm Losing My Edge!!!,2
https://onepiece.limitlesstcg.com/decks/list/6794,Black Yamatoby K,13,OP14-096,Ground Death,2
https://onepiece.limitlesstcg.com/decks/list/6795,Blue/Yellow Namiby 2 Lao'd,14,OP11-041,Nami,1
https://onepiece.limitlesstcg.com/decks/list/6795,Blue/Yellow Namiby 2 Lao'd,14,OP14-102,Kumacy,4
https://onepiece.limitlesstcg.com/decks/list/6795,Blue/Yellow Namiby 2 Lao'd,14,OP11-106,Zeus,4
https://onepiece.limitlesstcg.com/decks/list/6795,Blue/Yellow Namiby 2 Lao'd,14,OP06-104,Kikunojo,4
https://onepiece.limitlesstcg.com/decks/list/6795,Blue/Yellow Namiby 2 Lao'd,14,OP12-112,Baby 5,4
https://onepiece.limitlesstcg.com/decks/list/6795,Blue/Yellow Namiby 2 Lao'd,14,OP16-056,Mr.3(Galdino),4
https://onepiece.limitlesstcg.com/decks/list/6795,Blue/Yellow Namiby 2 Lao'd,14,OP14-110,Dr. Hogback,3
https://onepiece.limitlesstcg.com/decks/list/6795,Blue/Yellow Namiby 2 Lao'd,14,OP14-111,Perona,3
https://onepiece.limitlesstcg.com/decks/list/6795,Blue/Yellow Namiby 2 Lao'd,14,PRB02-008,Marco,2
https://onepiece.limitlesstcg.com/decks/list/6795,Blue/Yellow Namiby 2 Lao'd,14,OP15-113,Roronoa Zoro,1
https://onepiece.limitlesstcg.com/decks/list/6795,Blue/Yellow Namiby 2 Lao'd,14,EB03-053,Nami,4
https://onepiece.limitlesstcg.com/decks/list/6795,Blue/Yellow Namiby 2 Lao'd,14,EB04-058,Borsalino,4
https://onepiece.limitlesstcg.com/decks/list/6795,Blue/Yellow Namiby 2 Lao'd,14,EB03-055,Nico Robin,4
https://onepiece.limitlesstcg.com/decks/list/6795,Blue/Yellow Namiby 2 Lao'd,14,OP14-104,Gecko Moria,4
https://onepiece.limitlesstcg.com/decks/list/6795,Blue/Yellow Namiby 2 Lao'd,14,OP16-119,Marshall.D.Teach,2
https://onepiece.limitlesstcg.com/decks/list/6795,Blue/Yellow Namiby 2 Lao'd,14,OP13-042,Edward.Newgate,3
https://onepiece.limitlesstcg.com/decks/list/6796,Black/Yellow Blackbeardby [WG]Noobwin,15,OP16-080,Marshall.D.Teach,1
https://onepiece.limitlesstcg.com/decks/list/6796,Black/Yellow Blackbeardby [WG]Noobwin,15,OP16-110,Vasco Shot,4
https://onepiece.limitlesstcg.com/decks/list/6796,Black/Yellow Blackbeardby [WG]Noobwin,15,OP16-109,Doc Q,3
https://onepiece.limitlesstcg.com/decks/list/6796,Black/Yellow Blackbeardby [WG]Noobwin,15,OP09-095,Laffitte,2
https://onepiece.limitlesstcg.com/decks/list/6796,Black/Yellow Blackbeardby [WG]Noobwin,15,OP09-086,Jesus Burgess,4
https://onepiece.limitlesstcg.com/decks/list/6796,Black/Yellow Blackbeardby [WG]Noobwin,15,OP12-112,Baby 5,4
https://onepiece.limitlesstcg.com/decks/list/6796,Black/Yellow Blackbeardby [WG]Noobwin,15,OP16-104,Catarina Devon,4
https://onepiece.limitlesstcg.com/decks/list/6796,Black/Yellow Blackbeardby [WG]Noobwin,15,OP16-106,Sanjuan.Wolf,2
https://onepiece.limitlesstcg.com/decks/list/6796,Black/Yellow Blackbeardby [WG]Noobwin,15,EB04-058,Borsalino,4
https://onepiece.limitlesstcg.com/decks/list/6796,Black/Yellow Blackbeardby [WG]Noobwin,15,OP16-108,Shiryu,4
https://onepiece.limitlesstcg.com/decks/list/6796,Black/Yellow Blackbeardby [WG]Noobwin,15,OP14-108,Silvers Rayleigh,2
https://onepiece.limitlesstcg.com/decks/list/6796,Black/Yellow Blackbeardby [WG]Noobwin,15,OP16-119,Marshall.D.Teach,4
https://onepiece.limitlesstcg.com/decks/list/6796,Black/Yellow Blackbeardby [WG]Noobwin,15,OP09-093,Marshall.D.Teach,4
https://onepiece.limitlesstcg.com/decks/list/6796,Black/Yellow Blackbeardby [WG]Noobwin,15,OP09-096,My Era...Begins!!,2
https://onepiece.limitlesstcg.com/decks/list/6796,Black/Yellow Blackbeardby [WG]Noobwin,15,OP16-115,Black Vortex,1
https://onepiece.limitlesstcg.com/decks/list/6796,Black/Yellow Blackbeardby [WG]Noobwin,15,OP16-116,Zehahahahaha!,2
https://onepiece.limitlesstcg.com/decks/list/6796,Black/Yellow Blackbeardby [WG]Noobwin,15,OP09-099,Fullalead,4
https://onepiece.limitlesstcg.com/decks/list/6797,Purple/Yellow Rosinanteby Richard Zhou,16,OP12-061,Donquixote Rosinante,1
https://onepiece.limitlesstcg.com/decks/list/6797,Purple/Yellow Rosinanteby Richard Zhou,16,OP16-064,Koby,4
https://onepiece.limitlesstcg.com/decks/list/6797,Purple/Yellow Rosinanteby Richard Zhou,16,OP12-108,Donquixote Rosinante,2
https://onepiece.limitlesstcg.com/decks/list/6797,Purple/Yellow Rosinanteby Richard Zhou,16,OP10-114,X.Drake,3
https://onepiece.limitlesstcg.com/decks/list/6797,Purple/Yellow Rosinanteby Richard Zhou,16,P-088,Trafalgar Law,4
https://onepiece.limitlesstcg.com/decks/list/6797,Purple/Yellow Rosinanteby Richard Zhou,16,P-093,Trafalgar Law,4
https://onepiece.limitlesstcg.com/decks/list/6797,Purple/Yellow Rosinanteby Richard Zhou,16,ST10-010,Trafalgar Law,2
https://onepiece.limitlesstcg.com/decks/list/6797,Purple/Yellow Rosinanteby Richard Zhou,16,OP16-068,Trafalgar Law,2
https://onepiece.limitlesstcg.com/decks/list/6797,Purple/Yellow Rosinanteby Richard Zhou,16,EB04-058,Borsalino,4
https://onepiece.limitlesstcg.com/decks/list/6797,Purple/Yellow Rosinanteby Richard Zhou,16,EB04-038,Rosinante & Law,4
https://onepiece.limitlesstcg.com/decks/list/6797,Purple/Yellow Rosinanteby Richard Zhou,16,OP16-065,Sakazuki,4
https://onepiece.limitlesstcg.com/decks/list/6797,Purple/Yellow Rosinanteby Richard Zhou,16,EB03-062,Trafalgar Law,1
https://onepiece.limitlesstcg.com/decks/list/6797,Purple/Yellow Rosinanteby Richard Zhou,16,OP15-078,Mamaragan,4
https://onepiece.limitlesstcg.com/decks/list/6797,Purple/Yellow Rosinanteby Richard Zhou,16,OP13-076,Divine Departure,1
https://onepiece.limitlesstcg.com/decks/list/6797,Purple/Yellow Rosinanteby Richard Zhou,16,OP12-115,I Love You!!,4
https://onepiece.limitlesstcg.com/decks/list/6797,Purple/Yellow Rosinanteby Richard Zhou,16,OP09-077,Gum-Gum Lightning,2
https://onepiece.limitlesstcg.com/decks/list/6797,Purple/Yellow Rosinanteby Richard Zhou,16,OP07-076,Slow-Slow Beam Sword,1
https://onepiece.limitlesstcg.com/decks/list/6797,Purple/Yellow Rosinanteby Richard Zhou,16,OP16-078,Marineford,4
https://onepiece.limitlesstcg.com/decks/list/6820,Green/Blue Luffyby Hrvoje Hedžet,1,OP16-022,Monkey.D.Luffy,1
https://onepiece.limitlesstcg.com/decks/list/6820,Green/Blue Luffyby Hrvoje Hedžet,1,OP16-034,Monkey.D.Luffy,4
https://onepiece.limitlesstcg.com/decks/list/6820,Green/Blue Luffyby Hrvoje Hedžet,1,OP16-054,Mr.1(Daz.Bonez),4
https://onepiece.limitlesstcg.com/decks/list/6820,Green/Blue Luffyby Hrvoje Hedžet,1,OP16-055,Mr.2.Bon.Kurei(Bentham),4
https://onepiece.limitlesstcg.com/decks/list/6820,Green/Blue Luffyby Hrvoje Hedžet,1,ST30-014,Mr.3(Galdino),3
https://onepiece.limitlesstcg.com/decks/list/6820,Green/Blue Luffyby Hrvoje Hedžet,1,ST12-010,Emporio.Ivankov,2
https://onepiece.limitlesstcg.com/decks/list/6820,Green/Blue Luffyby Hrvoje Hedžet,1,OP16-045,Crocodile,4
https://onepiece.limitlesstcg.com/decks/list/6820,Green/Blue Luffyby Hrvoje Hedžet,1,OP16-056,Mr.3(Galdino),4
https://onepiece.limitlesstcg.com/decks/list/6820,Green/Blue Luffyby Hrvoje Hedžet,1,OP16-026,Emporio.Ivankov,3
https://onepiece.limitlesstcg.com/decks/list/6820,Green/Blue Luffyby Hrvoje Hedžet,1,OP16-048,Buggy,4
https://onepiece.limitlesstcg.com/decks/list/6820,Green/Blue Luffyby Hrvoje Hedžet,1,OP16-042,Prisoner of Impel Down,9
https://onepiece.limitlesstcg.com/decks/list/6820,Green/Blue Luffyby Hrvoje Hedžet,1,OP15-032,Brook,1
https://onepiece.limitlesstcg.com/decks/list/6820,Green/Blue Luffyby Hrvoje Hedžet,1,OP16-032,Boa Hancock,2
https://onepiece.limitlesstcg.com/decks/list/6820,Green/Blue Luffyby Hrvoje Hedžet,1,OP02-068,Gum-Gum Rain,1
https://onepiece.limitlesstcg.com/decks/list/6820,Green/Blue Luffyby Hrvoje Hedžet,1,OP16-038,Let's Go!! To the Navy Headquarters!!,2
https://onepiece.limitlesstcg.com/decks/list/6820,Green/Blue Luffyby Hrvoje Hedžet,1,OP06-038,The Billion-fold World Trichiliocosm,1
https://onepiece.limitlesstcg.com/decks/list/6820,Green/Blue Luffyby Hrvoje Hedžet,1,OP12-037,Demon Aura Nine Sword Style Asura Blades Drawn Dead Man's Game,1
https://onepiece.limitlesstcg.com/decks/list/6820,Green/Blue Luffyby Hrvoje Hedžet,1,OP11-061,Gum-Gum Jet Culverin,1
https://onepiece.limitlesstcg.com/decks/list/6784,Blue/Yellow Namiby Chris Sok,2,OP11-041,Nami,1
https://onepiece.limitlesstcg.com/decks/list/6784,Blue/Yellow Namiby Chris Sok,2,OP14-102,Kumacy,4
https://onepiece.limitlesstcg.com/decks/list/6784,Blue/Yellow Namiby Chris Sok,2,OP11-106,Zeus,4
https://onepiece.limitlesstcg.com/decks/list/6784,Blue/Yellow Namiby Chris Sok,2,OP12-112,Baby 5,4
https://onepiece.limitlesstcg.com/decks/list/6784,Blue/Yellow Namiby Chris Sok,2,PRB02-008,Marco,4
https://onepiece.limitlesstcg.com/decks/list/6784,Blue/Yellow Namiby Chris Sok,2,OP14-110,Dr. Hogback,4
https://onepiece.limitlesstcg.com/decks/list/6784,Blue/Yellow Namiby Chris Sok,2,OP14-111,Perona,4
https://onepiece.limitlesstcg.com/decks/list/6784,Blue/Yellow Namiby Chris Sok,2,OP16-056,Mr.3(Galdino),4
https://onepiece.limitlesstcg.com/decks/list/6784,Blue/Yellow Namiby Chris Sok,2,EB03-053,Nami,4
https://onepiece.limitlesstcg.com/decks/list/6784,Blue/Yellow Namiby Chris Sok,2,EB04-058,Borsalino,4
https://onepiece.limitlesstcg.com/decks/list/6784,Blue/Yellow Namiby Chris Sok,2,EB03-055,Nico Robin,4
https://onepiece.limitlesstcg.com/decks/list/6784,Blue/Yellow Namiby Chris Sok,2,OP14-104,Gecko Moria,4
https://onepiece.limitlesstcg.com/decks/list/6784,Blue/Yellow Namiby Chris Sok,2,OP16-119,Marshall.D.Teach,2
https://onepiece.limitlesstcg.com/decks/list/6784,Blue/Yellow Namiby Chris Sok,2,OP13-042,Edward.Newgate,4
https://onepiece.limitlesstcg.com/decks/list/6697,Green/Blue Luffyby Brendan,3,OP16-022,Monkey.D.Luffy,1
https://onepiece.limitlesstcg.com/decks/list/6697,Green/Blue Luffyby Brendan,3,OP16-034,Monkey.D.Luffy,4
https://onepiece.limitlesstcg.com/decks/list/6697,Green/Blue Luffyby Brendan,3,OP16-054,Mr.1(Daz.Bonez),4
https://onepiece.limitlesstcg.com/decks/list/6697,Green/Blue Luffyby Brendan,3,OP16-055,Mr.2.Bon.Kurei(Bentham),4
https://onepiece.limitlesstcg.com/decks/list/6697,Green/Blue Luffyby Brendan,3,ST30-014,Mr.3(Galdino),3
https://onepiece.limitlesstcg.com/decks/list/6697,Green/Blue Luffyby Brendan,3,ST12-010,Emporio.Ivankov,2
https://onepiece.limitlesstcg.com/decks/list/6697,Green/Blue Luffyby Brendan,3,OP16-045,Crocodile,4
https://onepiece.limitlesstcg.com/decks/list/6697,Green/Blue Luffyby Brendan,3,OP16-056,Mr.3(Galdino),4
https://onepiece.limitlesstcg.com/decks/list/6697,Green/Blue Luffyby Brendan,3,OP16-026,Emporio.Ivankov,2
https://onepiece.limitlesstcg.com/decks/list/6697,Green/Blue Luffyby Brendan,3,OP16-048,Buggy,4
https://onepiece.limitlesstcg.com/decks/list/6697,Green/Blue Luffyby Brendan,3,OP16-042,Prisoner of Impel Down,9
https://onepiece.limitlesstcg.com/decks/list/6697,Green/Blue Luffyby Brendan,3,OP15-032,Brook,1
https://onepiece.limitlesstcg.com/decks/list/6697,Green/Blue Luffyby Brendan,3,OP16-032,Boa Hancock,2
https://onepiece.limitlesstcg.com/decks/list/6697,Green/Blue Luffyby Brendan,3,OP02-068,Gum-Gum Rain,1
https://onepiece.limitlesstcg.com/decks/list/6697,Green/Blue Luffyby Brendan,3,OP16-038,Let's Go!! To the Navy Headquarters!!,2
https://onepiece.limitlesstcg.com/decks/list/6697,Green/Blue Luffyby Brendan,3,OP12-037,Demon Aura Nine Sword Style Asura Blades Drawn Dead Man's Game,1
https://onepiece.limitlesstcg.com/decks/list/6697,Green/Blue Luffyby Brendan,3,OP11-061,Gum-Gum Jet Culverin,1
https://onepiece.limitlesstcg.com/decks/list/6697,Green/Blue Luffyby Brendan,3,OP06-058,Gravity Blade Raging Tiger,2
https://onepiece.limitlesstcg.com/decks/list/6821,Blue/Yellow Namiby Imran Khan Jadoon,4,OP11-041,Nami,1
https://onepiece.limitlesstcg.com/decks/list/6821,Blue/Yellow Namiby Imran Khan Jadoon,4,OP14-102,Kumacy,4
https://onepiece.limitlesstcg.com/decks/list/6821,Blue/Yellow Namiby Imran Khan Jadoon,4,OP11-106,Zeus,4
https://onepiece.limitlesstcg.com/decks/list/6821,Blue/Yellow Namiby Imran Khan Jadoon,4,OP06-106,Kouzuki Hiyori,2
https://onepiece.limitlesstcg.com/decks/list/6821,Blue/Yellow Namiby Imran Khan Jadoon,4,OP14-110,Dr. Hogback,4
https://onepiece.limitlesstcg.com/decks/list/6821,Blue/Yellow Namiby Imran Khan Jadoon,4,OP16-056,Mr.3(Galdino),4
https://onepiece.limitlesstcg.com/decks/list/6821,Blue/Yellow Namiby Imran Khan Jadoon,4,OP06-104,Kikunojo,3
https://onepiece.limitlesstcg.com/decks/list/6821,Blue/Yellow Namiby Imran Khan Jadoon,4,OP14-111,Perona,3
https://onepiece.limitlesstcg.com/decks/list/6821,Blue/Yellow Namiby Imran Khan Jadoon,4,PRB02-008,Marco,2
https://onepiece.limitlesstcg.com/decks/list/6821,Blue/Yellow Namiby Imran Khan Jadoon,4,EB03-053,Nami,4
https://onepiece.limitlesstcg.com/decks/list/6821,Blue/Yellow Namiby Imran Khan Jadoon,4,EB04-058,Borsalino,4
https://onepiece.limitlesstcg.com/decks/list/6821,Blue/Yellow Namiby Imran Khan Jadoon,4,OP14-108,Silvers Rayleigh,3
https://onepiece.limitlesstcg.com/decks/list/6821,Blue/Yellow Namiby Imran Khan Jadoon,4,EB03-055,Nico Robin,4
https://onepiece.limitlesstcg.com/decks/list/6821,Blue/Yellow Namiby Imran Khan Jadoon,4,OP14-104,Gecko Moria,4
https://onepiece.limitlesstcg.com/decks/list/6821,Blue/Yellow Namiby Imran Khan Jadoon,4,OP13-042,Edward.Newgate,3
https://onepiece.limitlesstcg.com/decks/list/6821,Blue/Yellow Namiby Imran Khan Jadoon,4,EB04-061,Monkey.D.Luffy,1
https://onepiece.limitlesstcg.com/decks/list/6821,Blue/Yellow Namiby Imran Khan Jadoon,4,OP15-116,Gum-Gum Golden Rifle,1
https://onepiece.limitlesstcg.com/decks/list/6822,Blue/Yellow Namiby MA10,5,OP11-041,Nami,1
https://onepiece.limitlesstcg.com/decks/list/6822,Blue/Yellow Namiby MA10,5,OP14-102,Kumacy,4
https://onepiece.limitlesstcg.com/decks/list/6822,Blue/Yellow Namiby MA10,5,OP11-106,Zeus,3
https://onepiece.limitlesstcg.com/decks/list/6822,Blue/Yellow Namiby MA10,5,OP06-106,Kouzuki Hiyori,1
https://onepiece.limitlesstcg.com/decks/list/6822,Blue/Yellow Namiby MA10,5,OP14-110,Dr. Hogback,4
https://onepiece.limitlesstcg.com/decks/list/6822,Blue/Yellow Namiby MA10,5,OP14-111,Perona,4
https://onepiece.limitlesstcg.com/decks/list/6822,Blue/Yellow Namiby MA10,5,OP16-056,Mr.3(Galdino),4
https://onepiece.limitlesstcg.com/decks/list/6822,Blue/Yellow Namiby MA10,5,OP06-104,Kikunojo,3
https://onepiece.limitlesstcg.com/decks/list/6822,Blue/Yellow Namiby MA10,5,OP12-112,Baby 5,2
https://onepiece.limitlesstcg.com/decks/list/6822,Blue/Yellow Namiby MA10,5,PRB02-008,Marco,2
https://onepiece.limitlesstcg.com/decks/list/6822,Blue/Yellow Namiby MA10,5,EB03-053,Nami,4
https://onepiece.limitlesstcg.com/decks/list/6822,Blue/Yellow Namiby MA10,5,EB04-058,Borsalino,4
https://onepiece.limitlesstcg.com/decks/list/6822,Blue/Yellow Namiby MA10,5,EB03-055,Nico Robin,4
https://onepiece.limitlesstcg.com/decks/list/6822,Blue/Yellow Namiby MA10,5,OP14-104,Gecko Moria,4
https://onepiece.limitlesstcg.com/decks/list/6822,Blue/Yellow Namiby MA10,5,OP16-119,Marshall.D.Teach,2
https://onepiece.limitlesstcg.com/decks/list/6822,Blue/Yellow Namiby MA10,5,OP13-042,Edward.Newgate,3
https://onepiece.limitlesstcg.com/decks/list/6822,Blue/Yellow Namiby MA10,5,OP06-058,Gravity Blade Raging Tiger,2
https://onepiece.limitlesstcg.com/decks/list/6823,Red Aceby Zephyr,6,OP16-001,Portgas.D.Ace,1
https://onepiece.limitlesstcg.com/decks/list/6823,Red Aceby Zephyr,6,OP13-007,Ace & Sabo & Luffy,4
https://onepiece.limitlesstcg.com/decks/list/6823,Red Aceby Zephyr,6,OP13-016,Monkey.D.Garp,4
https://onepiece.limitlesstcg.com/decks/list/6823,Red Aceby Zephyr,6,OP16-015,Monkey.D.Luffy,4
https://onepiece.limitlesstcg.com/decks/list/6823,Red Aceby Zephyr,6,OP16-017,LittleOars Jr.,4
https://onepiece.limitlesstcg.com/decks/list/6823,Red Aceby Zephyr,6,OP16-118,Portgas.D.Ace,4
https://onepiece.limitlesstcg.com/decks/list/6823,Red Aceby Zephyr,6,OP16-011,Vista,4
https://onepiece.limitlesstcg.com/decks/list/6823,Red Aceby Zephyr,6,OP16-014,Marco,4
https://onepiece.limitlesstcg.com/decks/list/6823,Red Aceby Zephyr,6,ST23-001,Uta,3
https://onepiece.limitlesstcg.com/decks/list/6823,Red Aceby Zephyr,6,EB02-006,Yamato,1
https://onepiece.limitlesstcg.com/decks/list/6823,Red Aceby Zephyr,6,OP16-004,Curiel,4
https://onepiece.limitlesstcg.com/decks/list/6823,Red Aceby Zephyr,6,EB04-007,Roronoa Zoro,1
https://onepiece.limitlesstcg.com/decks/list/6823,Red Aceby Zephyr,6,OP16-003,Edward.Newgate,4
https://onepiece.limitlesstcg.com/decks/list/6823,Red Aceby Zephyr,6,OP16-005,Thatch,3
https://onepiece.limitlesstcg.com/decks/list/6823,Red Aceby Zephyr,6,OP09-118,Gol.D.Roger,2
https://onepiece.limitlesstcg.com/decks/list/6823,Red Aceby Zephyr,6,OP16-021,Moby Dick,4
https://onepiece.limitlesstcg.com/decks/list/6809,Purple Enelby izidab,7,OP15-058,Enel,1
https://onepiece.limitlesstcg.com/decks/list/6809,Purple Enelby izidab,7,OP12-071,Charlotte Pudding,4
https://onepiece.limitlesstcg.com/decks/list/6809,Purple Enelby izidab,7,OP15-061,Ohm,4
https://onepiece.limitlesstcg.com/decks/list/6809,Purple Enelby izidab,7,OP15-067,Shura,4
https://onepiece.limitlesstcg.com/decks/list/6809,Purple Enelby izidab,7,OP15-066,Satori,1
https://onepiece.limitlesstcg.com/decks/list/6809,Purple Enelby izidab,7,OP12-063,Vinsmoke Reiju,4
https://onepiece.limitlesstcg.com/decks/list/6809,Purple Enelby izidab,7,OP09-072,Franky,3
https://onepiece.limitlesstcg.com/decks/list/6809,Purple Enelby izidab,7,OP10-067,Senor Pink,2
https://onepiece.limitlesstcg.com/decks/list/6809,Purple Enelby izidab,7,OP15-118,Enel,4
https://onepiece.limitlesstcg.com/decks/list/6809,Purple Enelby izidab,7,OP15-060,Enel,1
https://onepiece.limitlesstcg.com/decks/list/6809,Purple Enelby izidab,7,OP15-075,El Thor,4
https://onepiece.limitlesstcg.com/decks/list/6809,Purple Enelby izidab,7,OP15-076,Lightning Beast Kiten,4
https://onepiece.limitlesstcg.com/decks/list/6809,Purple Enelby izidab,7,OP15-077,Lightning Dragon,4
https://onepiece.limitlesstcg.com/decks/list/6809,Purple Enelby izidab,7,OP15-078,Mamaragan,4
https://onepiece.limitlesstcg.com/decks/list/6809,Purple Enelby izidab,7,OP13-076,Divine Departure,2
https://onepiece.limitlesstcg.com/decks/list/6809,Purple Enelby izidab,7,OP15-074,Varie,2
https://onepiece.limitlesstcg.com/decks/list/6809,Purple Enelby izidab,7,OP05-077,Gamma Knife,3
https://onepiece.limitlesstcg.com/decks/list/6543,Purple/Yellow Rosinanteby Francesco Liuzzi,8,OP12-061,Donquixote Rosinante,1
https://onepiece.limitlesstcg.com/decks/list/6543,Purple/Yellow Rosinanteby Francesco Liuzzi,8,OP16-064,Koby,4
https://onepiece.limitlesstcg.com/decks/list/6543,Purple/Yellow Rosinanteby Francesco Liuzzi,8,OP12-108,Donquixote Rosinante,3
https://onepiece.limitlesstcg.com/decks/list/6543,Purple/Yellow Rosinanteby Francesco Liuzzi,8,OP10-114,X.Drake,2
https://onepiece.limitlesstcg.com/decks/list/6543,Purple/Yellow Rosinanteby Francesco Liuzzi,8,ST10-010,Trafalgar Law,4
https://onepiece.limitlesstcg.com/decks/list/6543,Purple/Yellow Rosinanteby Francesco Liuzzi,8,P-088,Trafalgar Law,4
https://onepiece.limitlesstcg.com/decks/list/6543,Purple/Yellow Rosinanteby Francesco Liuzzi,8,P-093,Trafalgar Law,4
https://onepiece.limitlesstcg.com/decks/list/6543,Purple/Yellow Rosinanteby Francesco Liuzzi,8,EB04-058,Borsalino,4
https://onepiece.limitlesstcg.com/decks/list/6543,Purple/Yellow Rosinanteby Francesco Liuzzi,8,EB04-038,Rosinante & Law,4
https://onepiece.limitlesstcg.com/decks/list/6543,Purple/Yellow Rosinanteby Francesco Liuzzi,8,OP16-065,Sakazuki,4
https://onepiece.limitlesstcg.com/decks/list/6543,Purple/Yellow Rosinanteby Francesco Liuzzi,8,EB03-062,Trafalgar Law,1
https://onepiece.limitlesstcg.com/decks/list/6543,Purple/Yellow Rosinanteby Francesco Liuzzi,8,OP15-078,Mamaragan,4
https://onepiece.limitlesstcg.com/decks/list/6543,Purple/Yellow Rosinanteby Francesco Liuzzi,8,OP13-076,Divine Departure,1
https://onepiece.limitlesstcg.com/decks/list/6543,Purple/Yellow Rosinanteby Francesco Liuzzi,8,OP12-115,I Love You!!,4
https://onepiece.limitlesstcg.com/decks/list/6543,Purple/Yellow Rosinanteby Francesco Liuzzi,8,OP09-077,Gum-Gum Lightning,2
https://onepiece.limitlesstcg.com/decks/list/6543,Purple/Yellow Rosinanteby Francesco Liuzzi,8,OP07-076,Slow-Slow Beam Sword,1
https://onepiece.limitlesstcg.com/decks/list/6543,Purple/Yellow Rosinanteby Francesco Liuzzi,8,OP16-078,Marineford,4
https://onepiece.limitlesstcg.com/decks/list/6824,Purple/Yellow Rosinanteby Haseeb,9,OP12-061,Donquixote Rosinante,1
https://onepiece.limitlesstcg.com/decks/list/6824,Purple/Yellow Rosinanteby Haseeb,9,OP12-108,Donquixote Rosinante,4
https://onepiece.limitlesstcg.com/decks/list/6824,Purple/Yellow Rosinanteby Haseeb,9,OP16-064,Koby,4
https://onepiece.limitlesstcg.com/decks/list/6824,Purple/Yellow Rosinanteby Haseeb,9,OP16-067,Tsuru,2
https://onepiece.limitlesstcg.com/decks/list/6824,Purple/Yellow Rosinanteby Haseeb,9,P-088,Trafalgar Law,4
https://onepiece.limitlesstcg.com/decks/list/6824,Purple/Yellow Rosinanteby Haseeb,9,P-093,Trafalgar Law,4
https://onepiece.limitlesstcg.com/decks/list/6824,Purple/Yellow Rosinanteby Haseeb,9,ST10-010,Trafalgar Law,2
https://onepiece.limitlesstcg.com/decks/list/6824,Purple/Yellow Rosinanteby Haseeb,9,OP16-068,Trafalgar Law,2
https://onepiece.limitlesstcg.com/decks/list/6824,Purple/Yellow Rosinanteby Haseeb,9,EB04-058,Borsalino,4
https://onepiece.limitlesstcg.com/decks/list/6824,Purple/Yellow Rosinanteby Haseeb,9,EB04-038,Rosinante & Law,4
https://onepiece.limitlesstcg.com/decks/list/6824,Purple/Yellow Rosinanteby Haseeb,9,OP16-065,Sakazuki,4
https://onepiece.limitlesstcg.com/decks/list/6824,Purple/Yellow Rosinanteby Haseeb,9,OP15-078,Mamaragan,4
https://onepiece.limitlesstcg.com/decks/list/6824,Purple/Yellow Rosinanteby Haseeb,9,OP13-076,Divine Departure,2
https://onepiece.limitlesstcg.com/decks/list/6824,Purple/Yellow Rosinanteby Haseeb,9,OP12-115,I Love You!!,4
https://onepiece.limitlesstcg.com/decks/list/6824,Purple/Yellow Rosinanteby Haseeb,9,OP09-077,Gum-Gum Lightning,2
https://onepiece.limitlesstcg.com/decks/list/6824,Purple/Yellow Rosinanteby Haseeb,9,OP16-078,Marineford,4
https://onepiece.limitlesstcg.com/decks/list/6825,Purple/Yellow Rosinanteby Soren,10,OP12-061,Donquixote Rosinante,1
https://onepiece.limitlesstcg.com/decks/list/6825,Purple/Yellow Rosinanteby Soren,10,OP12-108,Donquixote Rosinante,4
https://onepiece.limitlesstcg.com/decks/list/6825,Purple/Yellow Rosinanteby Soren,10,OP16-064,Koby,4
https://onepiece.limitlesstcg.com/decks/list/6825,Purple/Yellow Rosinanteby Soren,10,OP16-067,Tsuru,2
https://onepiece.limitlesstcg.com/decks/list/6825,Purple/Yellow Rosinanteby Soren,10,P-088,Trafalgar Law,4
https://onepiece.limitlesstcg.com/decks/list/6825,Purple/Yellow Rosinanteby Soren,10,P-093,Trafalgar Law,4
https://onepiece.limitlesstcg.com/decks/list/6825,Purple/Yellow Rosinanteby Soren,10,ST10-010,Trafalgar Law,3
https://onepiece.limitlesstcg.com/decks/list/6825,Purple/Yellow Rosinanteby Soren,10,OP16-068,Trafalgar Law,1
https://onepiece.limitlesstcg.com/decks/list/6825,Purple/Yellow Rosinanteby Soren,10,EB04-058,Borsalino,4
https://onepiece.limitlesstcg.com/decks/list/6825,Purple/Yellow Rosinanteby Soren,10,EB04-038,Rosinante & Law,4
https://onepiece.limitlesstcg.com/decks/list/6825,Purple/Yellow Rosinanteby Soren,10,OP16-065,Sakazuki,4
https://onepiece.limitlesstcg.com/decks/list/6825,Purple/Yellow Rosinanteby Soren,10,OP15-078,Mamaragan,4
https://onepiece.limitlesstcg.com/decks/list/6825,Purple/Yellow Rosinanteby Soren,10,OP13-076,Divine Departure,1
https://onepiece.limitlesstcg.com/decks/list/6825,Purple/Yellow Rosinanteby Soren,10,OP12-115,I Love You!!,4
https://onepiece.limitlesstcg.com/decks/list/6825,Purple/Yellow Rosinanteby Soren,10,OP09-077,Gum-Gum Lightning,2
https://onepiece.limitlesstcg.com/decks/list/6825,Purple/Yellow Rosinanteby Soren,10,OP07-076,Slow-Slow Beam Sword,1
https://onepiece.limitlesstcg.com/decks/list/6825,Purple/Yellow Rosinanteby Soren,10,OP16-078,Marineford,4
https://onepiece.limitlesstcg.com/decks/list/6826,Blue/Yellow Namiby freddi,11,OP11-041,Nami,1
https://onepiece.limitlesstcg.com/decks/list/6826,Blue/Yellow Namiby freddi,11,OP14-102,Kumacy,4
https://onepiece.limitlesstcg.com/decks/list/6826,Blue/Yellow Namiby freddi,11,OP11-106,Zeus,3
https://onepiece.limitlesstcg.com/decks/list/6826,Blue/Yellow Namiby freddi,11,OP14-110,Dr. Hogback,4
https://onepiece.limitlesstcg.com/decks/list/6826,Blue/Yellow Namiby freddi,11,OP14-111,Perona,4
https://onepiece.limitlesstcg.com/decks/list/6826,Blue/Yellow Namiby freddi,11,OP16-056,Mr.3(Galdino),4
https://onepiece.limitlesstcg.com/decks/list/6826,Blue/Yellow Namiby freddi,11,OP06-104,Kikunojo,3
https://onepiece.limitlesstcg.com/decks/list/6826,Blue/Yellow Namiby freddi,11,OP12-112,Baby 5,3
https://onepiece.limitlesstcg.com/decks/list/6826,Blue/Yellow Namiby freddi,11,PRB02-008,Marco,3
https://onepiece.limitlesstcg.com/decks/list/6826,Blue/Yellow Namiby freddi,11,EB03-053,Nami,4
https://onepiece.limitlesstcg.com/decks/list/6826,Blue/Yellow Namiby freddi,11,EB04-058,Borsalino,4
https://onepiece.limitlesstcg.com/decks/list/6826,Blue/Yellow Namiby freddi,11,OP15-119,Monkey.D.Luffy,1
https://onepiece.limitlesstcg.com/decks/list/6826,Blue/Yellow Namiby freddi,11,EB03-055,Nico Robin,4
https://onepiece.limitlesstcg.com/decks/list/6826,Blue/Yellow Namiby freddi,11,OP14-104,Gecko Moria,4
https://onepiece.limitlesstcg.com/decks/list/6826,Blue/Yellow Namiby freddi,11,OP13-042,Edward.Newgate,3
https://onepiece.limitlesstcg.com/decks/list/6826,Blue/Yellow Namiby freddi,11,OP06-058,Gravity Blade Raging Tiger,2
https://onepiece.limitlesstcg.com/decks/list/6827,Purple/Yellow Rosinanteby Caleb,12,OP12-061,Donquixote Rosinante,1
https://onepiece.limitlesstcg.com/decks/list/6827,Purple/Yellow Rosinanteby Caleb,12,OP12-108,Donquixote Rosinante,4
https://onepiece.limitlesstcg.com/decks/list/6827,Purple/Yellow Rosinanteby Caleb,12,OP16-064,Koby,4
https://onepiece.limitlesstcg.com/decks/list/6827,Purple/Yellow Rosinanteby Caleb,12,OP10-114,X.Drake,3
https://onepiece.limitlesstcg.com/decks/list/6827,Purple/Yellow Rosinanteby Caleb,12,P-088,Trafalgar Law,4
https://onepiece.limitlesstcg.com/decks/list/6827,Purple/Yellow Rosinanteby Caleb,12,P-093,Trafalgar Law,4
https://onepiece.limitlesstcg.com/decks/list/6827,Purple/Yellow Rosinanteby Caleb,12,ST10-010,Trafalgar Law,2
https://onepiece.limitlesstcg.com/decks/list/6827,Purple/Yellow Rosinanteby Caleb,12,EB04-058,Borsalino,4
https://onepiece.limitlesstcg.com/decks/list/6827,Purple/Yellow Rosinanteby Caleb,12,EB04-038,Rosinante & Law,4
https://onepiece.limitlesstcg.com/decks/list/6827,Purple/Yellow Rosinanteby Caleb,12,OP16-065,Sakazuki,4
https://onepiece.limitlesstcg.com/decks/list/6827,Purple/Yellow Rosinanteby Caleb,12,OP15-078,Mamaragan,4
https://onepiece.limitlesstcg.com/decks/list/6827,Purple/Yellow Rosinanteby Caleb,12,OP13-076,Divine Departure,2
https://onepiece.limitlesstcg.com/decks/list/6827,Purple/Yellow Rosinanteby Caleb,12,OP12-115,I Love You!!,4
https://onepiece.limitlesstcg.com/decks/list/6827,Purple/Yellow Rosinanteby Caleb,12,OP09-077,Gum-Gum Lightning,3
https://onepiece.limitlesstcg.com/decks/list/6827,Purple/Yellow Rosinanteby Caleb,12,OP16-078,Marineford,4
https://onepiece.limitlesstcg.com/decks/list/6828,Black/Yellow Blackbeardby Maxime Charaux,13,OP16-080,Marshall.D.Teach,1
https://onepiece.limitlesstcg.com/decks/list/6828,Black/Yellow Blackbeardby Maxime Charaux,13,OP16-110,Vasco Shot,4
https://onepiece.limitlesstcg.com/decks/list/6828,Black/Yellow Blackbeardby Maxime Charaux,13,OP16-109,Doc Q,3
https://onepiece.limitlesstcg.com/decks/list/6828,Black/Yellow Blackbeardby Maxime Charaux,13,OP09-095,Laffitte,2
https://onepiece.limitlesstcg.com/decks/list/6828,Black/Yellow Blackbeardby Maxime Charaux,13,OP16-102,Avalo Pizarro,1
https://onepiece.limitlesstcg.com/decks/list/6828,Black/Yellow Blackbeardby Maxime Charaux,13,OP16-103,Van Augur,1
https://onepiece.limitlesstcg.com/decks/list/6828,Black/Yellow Blackbeardby Maxime Charaux,13,OP09-086,Jesus Burgess,4
https://onepiece.limitlesstcg.com/decks/list/6828,Black/Yellow Blackbeardby Maxime Charaux,13,OP16-104,Catarina Devon,4
https://onepiece.limitlesstcg.com/decks/list/6828,Black/Yellow Blackbeardby Maxime Charaux,13,OP10-086,Shiryu,2
https://onepiece.limitlesstcg.com/decks/list/6828,Black/Yellow Blackbeardby Maxime Charaux,13,OP16-106,Sanjuan.Wolf,2
https://onepiece.limitlesstcg.com/decks/list/6828,Black/Yellow Blackbeardby Maxime Charaux,13,EB04-058,Borsalino,4
https://onepiece.limitlesstcg.com/decks/list/6828,Black/Yellow Blackbeardby Maxime Charaux,13,OP16-108,Shiryu,4
https://onepiece.limitlesstcg.com/decks/list/6828,Black/Yellow Blackbeardby Maxime Charaux,13,OP16-119,Marshall.D.Teach,4
https://onepiece.limitlesstcg.com/decks/list/6828,Black/Yellow Blackbeardby Maxime Charaux,13,OP14-112,Boa Hancock,1
https://onepiece.limitlesstcg.com/decks/list/6828,Black/Yellow Blackbeardby Maxime Charaux,13,OP09-093,Marshall.D.Teach,3
https://onepiece.limitlesstcg.com/decks/list/6828,Black/Yellow Blackbeardby Maxime Charaux,13,OP09-096,My Era...Begins!!,2
https://onepiece.limitlesstcg.com/decks/list/6828,Black/Yellow Blackbeardby Maxime Charaux,13,EB04-059,Black Rope Dragon Twister,3
https://onepiece.limitlesstcg.com/decks/list/6828,Black/Yellow Blackbeardby Maxime Charaux,13,OP16-116,Zehahahahaha!,2
https://onepiece.limitlesstcg.com/decks/list/6828,Black/Yellow Blackbeardby Maxime Charaux,13,OP09-099,Fullalead,4
https://onepiece.limitlesstcg.com/decks/list/6508,Purple Enelby Benjamin Gayraud,14,OP15-058,Enel,1
https://onepiece.limitlesstcg.com/decks/list/6508,Purple Enelby Benjamin Gayraud,14,OP15-061,Ohm,4
https://onepiece.limitlesstcg.com/decks/list/6508,Purple Enelby Benjamin Gayraud,14,OP15-067,Shura,4
https://onepiece.limitlesstcg.com/decks/list/6508,Purple Enelby Benjamin Gayraud,14,OP12-071,Charlotte Pudding,3
https://onepiece.limitlesstcg.com/decks/list/6508,Purple Enelby Benjamin Gayraud,14,OP15-066,Satori,3
https://onepiece.limitlesstcg.com/decks/list/6508,Purple Enelby Benjamin Gayraud,14,OP12-063,Vinsmoke Reiju,4
https://onepiece.limitlesstcg.com/decks/list/6508,Purple Enelby Benjamin Gayraud,14,OP09-072,Franky,3
https://onepiece.limitlesstcg.com/decks/list/6508,Purple Enelby Benjamin Gayraud,14,OP10-067,Senor Pink,2
https://onepiece.limitlesstcg.com/decks/list/6508,Purple Enelby Benjamin Gayraud,14,OP15-118,Enel,4
https://onepiece.limitlesstcg.com/decks/list/6508,Purple Enelby Benjamin Gayraud,14,OP15-075,El Thor,4
https://onepiece.limitlesstcg.com/decks/list/6508,Purple Enelby Benjamin Gayraud,14,OP15-076,Lightning Beast Kiten,4
https://onepiece.limitlesstcg.com/decks/list/6508,Purple Enelby Benjamin Gayraud,14,OP15-077,Lightning Dragon,4
https://onepiece.limitlesstcg.com/decks/list/6508,Purple Enelby Benjamin Gayraud,14,OP15-078,Mamaragan,4
https://onepiece.limitlesstcg.com/decks/list/6508,Purple Enelby Benjamin Gayraud,14,OP15-074,Varie,3
https://onepiece.limitlesstcg.com/decks/list/6508,Purple Enelby Benjamin Gayraud,14,OP13-076,Divine Departure,1
https://onepiece.limitlesstcg.com/decks/list/6508,Purple Enelby Benjamin Gayraud,14,OP05-077,Gamma Knife,3
https://onepiece.limitlesstcg.com/decks/list/6829,Red/Green Luffyby Nour,15,OP13-001,Monkey.D.Luffy,1
https://onepiece.limitlesstcg.com/decks/list/6829,Red/Green Luffyby Nour,15,OP13-016,Monkey.D.Garp,4
https://onepiece.limitlesstcg.com/decks/list/6829,Red/Green Luffyby Nour,15,OP15-035,Laboon,4
https://onepiece.limitlesstcg.com/decks/list/6829,Red/Green Luffyby Nour,15,EB04-002,Jewelry Bonney,4
https://onepiece.limitlesstcg.com/decks/list/6829,Red/Green Luffyby Nour,15,ST21-003,Sanji,2
https://onepiece.limitlesstcg.com/decks/list/6829,Red/Green Luffyby Nour,15,OP14-022,Usopp,4
https://onepiece.limitlesstcg.com/decks/list/6829,Red/Green Luffyby Nour,15,OP14-031,Nami,4
https://onepiece.limitlesstcg.com/decks/list/6829,Red/Green Luffyby Nour,15,OP13-037,Roronoa Zoro,2
https://onepiece.limitlesstcg.com/decks/list/6829,Red/Green Luffyby Nour,15,OP13-027,Sanji,4
https://onepiece.limitlesstcg.com/decks/list/6829,Red/Green Luffyby Nour,15,OP13-118,Monkey.D.Luffy,4
https://onepiece.limitlesstcg.com/decks/list/6829,Red/Green Luffyby Nour,15,OP15-032,Brook,3
https://onepiece.limitlesstcg.com/decks/list/6829,Red/Green Luffyby Nour,15,EB04-007,Roronoa Zoro,4
https://onepiece.limitlesstcg.com/decks/list/6829,Red/Green Luffyby Nour,15,OP13-028,Shanks,2
https://onepiece.limitlesstcg.com/decks/list/6829,Red/Green Luffyby Nour,15,OP12-037,Demon Aura Nine Sword Style Asura Blades Drawn Dead Man's Game,1
https://onepiece.limitlesstcg.com/decks/list/6829,Red/Green Luffyby Nour,15,OP05-038,Charlestone,4
https://onepiece.limitlesstcg.com/decks/list/6829,Red/Green Luffyby Nour,15,OP08-036,Electrical Luna,4
https://onepiece.limitlesstcg.com/decks/list/6830,Purple/Yellow Rosinanteby Antonino Borzi,16,OP12-061,Donquixote Rosinante,1
https://onepiece.limitlesstcg.com/decks/list/6830,Purple/Yellow Rosinanteby Antonino Borzi,16,OP16-064,Koby,4
https://onepiece.limitlesstcg.com/decks/list/6830,Purple/Yellow Rosinanteby Antonino Borzi,16,OP12-108,Donquixote Rosinante,3
https://onepiece.limitlesstcg.com/decks/list/6830,Purple/Yellow Rosinanteby Antonino Borzi,16,OP10-114,X.Drake,2
https://onepiece.limitlesstcg.com/decks/list/6830,Purple/Yellow Rosinanteby Antonino Borzi,16,ST10-010,Trafalgar Law,4
https://onepiece.limitlesstcg.com/decks/list/6830,Purple/Yellow Rosinanteby Antonino Borzi,16,P-088,Trafalgar Law,4
https://onepiece.limitlesstcg.com/decks/list/6830,Purple/Yellow Rosinanteby Antonino Borzi,16,P-093,Trafalgar Law,4
https://onepiece.limitlesstcg.com/decks/list/6830,Purple/Yellow Rosinanteby Antonino Borzi,16,EB04-058,Borsalino,4
https://onepiece.limitlesstcg.com/decks/list/6830,Purple/Yellow Rosinanteby Antonino Borzi,16,EB04-038,Rosinante & Law,4
https://onepiece.limitlesstcg.com/decks/list/6830,Purple/Yellow Rosinanteby Antonino Borzi,16,OP16-065,Sakazuki,4
https://onepiece.limitlesstcg.com/decks/list/6830,Purple/Yellow Rosinanteby Antonino Borzi,16,EB03-062,Trafalgar Law,1
https://onepiece.limitlesstcg.com/decks/list/6830,Purple/Yellow Rosinanteby Antonino Borzi,16,OP15-078,Mamaragan,4
https://onepiece.limitlesstcg.com/decks/list/6830,Purple/Yellow Rosinanteby Antonino Borzi,16,OP13-076,Divine Departure,2
https://onepiece.limitlesstcg.com/decks/list/6830,Purple/Yellow Rosinanteby Antonino Borzi,16,OP12-115,I Love You!!,4
https://onepiece.limitlesstcg.com/decks/list/6830,Purple/Yellow Rosinanteby Antonino Borzi,16,OP09-077,Gum-Gum Lightning,2
https://onepiece.limitlesstcg.com/decks/list/6830,Purple/Yellow Rosinanteby Antonino Borzi,16,OP16-078,Marineford,4
https://onepiece.limitlesstcg.com/decks/list/6434,Purple Enelby Tairsu,17,OP15-058,Enel,1
https://onepiece.limitlesstcg.com/decks/list/6434,Purple Enelby Tairsu,17,OP12-071,Charlotte Pudding,4
https://onepiece.limitlesstcg.com/decks/list/6434,Purple Enelby Tairsu,17,OP15-061,Ohm,4
https://onepiece.limitlesstcg.com/decks/list/6434,Purple Enelby Tairsu,17,OP15-067,Shura,4
https://onepiece.limitlesstcg.com/decks/list/6434,Purple Enelby Tairsu,17,OP15-071,Holly,3
https://onepiece.limitlesstcg.com/decks/list/6434,Purple Enelby Tairsu,17,OP12-063,Vinsmoke Reiju,4
https://onepiece.limitlesstcg.com/decks/list/6434,Purple Enelby Tairsu,17,ST10-010,Trafalgar Law,1
https://onepiece.limitlesstcg.com/decks/list/6434,Purple Enelby Tairsu,17,OP10-067,Senor Pink,2
https://onepiece.limitlesstcg.com/decks/list/6434,Purple Enelby Tairsu,17,OP15-118,Enel,4
https://onepiece.limitlesstcg.com/decks/list/6434,Purple Enelby Tairsu,17,OP15-075,El Thor,4
https://onepiece.limitlesstcg.com/decks/list/6434,Purple Enelby Tairsu,17,OP15-076,Lightning Beast Kiten,4
https://onepiece.limitlesstcg.com/decks/list/6434,Purple Enelby Tairsu,17,OP15-077,Lightning Dragon,4
https://onepiece.limitlesstcg.com/decks/list/6434,Purple Enelby Tairsu,17,OP15-078,Mamaragan,4
https://onepiece.limitlesstcg.com/decks/list/6434,Purple Enelby Tairsu,17,OP15-074,Varie,3
https://onepiece.limitlesstcg.com/decks/list/6434,Purple Enelby Tairsu,17,OP13-076,Divine Departure,1
https://onepiece.limitlesstcg.com/decks/list/6434,Purple Enelby Tairsu,17,OP05-077,Gamma Knife,3
https://onepiece.limitlesstcg.com/decks/list/6434,Purple Enelby Tairsu,17,OP09-077,Gum-Gum Lightning,1
https://onepiece.limitlesstcg.com/decks/list/6573,Purple Enelby Bangla Boi,18,OP15-058,Enel,1
https://onepiece.limitlesstcg.com/decks/list/6573,Purple Enelby Bangla Boi,18,OP15-061,Ohm,4
https://onepiece.limitlesstcg.com/decks/list/6573,Purple Enelby Bangla Boi,18,OP15-067,Shura,4
https://onepiece.limitlesstcg.com/decks/list/6573,Purple Enelby Bangla Boi,18,OP12-071,Charlotte Pudding,3
https://onepiece.limitlesstcg.com/decks/list/6573,Purple Enelby Bangla Boi,18,OP15-066,Satori,3
https://onepiece.limitlesstcg.com/decks/list/6573,Purple Enelby Bangla Boi,18,OP12-063,Vinsmoke Reiju,4
https://onepiece.limitlesstcg.com/decks/list/6573,Purple Enelby Bangla Boi,18,OP09-072,Franky,2
https://onepiece.limitlesstcg.com/decks/list/6573,Purple Enelby Bangla Boi,18,OP10-067,Senor Pink,2
https://onepiece.limitlesstcg.com/decks/list/6573,Purple Enelby Bangla Boi,18,OP15-118,Enel,4
https://onepiece.limitlesstcg.com/decks/list/6573,Purple Enelby Bangla Boi,18,OP15-075,El Thor,4
https://onepiece.limitlesstcg.com/decks/list/6573,Purple Enelby Bangla Boi,18,OP15-076,Lightning Beast Kiten,4
https://onepiece.limitlesstcg.com/decks/list/6573,Purple Enelby Bangla Boi,18,OP15-077,Lightning Dragon,4
https://onepiece.limitlesstcg.com/decks/list/6573,Purple Enelby Bangla Boi,18,OP15-078,Mamaragan,4
https://onepiece.limitlesstcg.com/decks/list/6573,Purple Enelby Bangla Boi,18,OP15-074,Varie,3
https://onepiece.limitlesstcg.com/decks/list/6573,Purple Enelby Bangla Boi,18,OP13-076,Divine Departure,2
https://onepiece.limitlesstcg.com/decks/list/6573,Purple Enelby Bangla Boi,18,OP05-077,Gamma Knife,3
https://onepiece.limitlesstcg.com/decks/list/6717,Purple/Yellow Rosinanteby Paotoocoor,19,OP12-061,Donquixote Rosinante,1
https://onepiece.limitlesstcg.com/decks/list/6717,Purple/Yellow Rosinanteby Paotoocoor,19,OP12-108,Donquixote Rosinante,4
https://onepiece.limitlesstcg.com/decks/list/6717,Purple/Yellow Rosinanteby Paotoocoor,19,OP16-064,Koby,4
https://onepiece.limitlesstcg.com/decks/list/6717,Purple/Yellow Rosinanteby Paotoocoor,19,OP16-067,Tsuru,1
https://onepiece.limitlesstcg.com/decks/list/6717,Purple/Yellow Rosinanteby Paotoocoor,19,P-088,Trafalgar Law,4
https://onepiece.limitlesstcg.com/decks/list/6717,Purple/Yellow Rosinanteby Paotoocoor,19,P-093,Trafalgar Law,4
https://onepiece.limitlesstcg.com/decks/list/6717,Purple/Yellow Rosinanteby Paotoocoor,19,ST10-010,Trafalgar Law,3
https://onepiece.limitlesstcg.com/decks/list/6717,Purple/Yellow Rosinanteby Paotoocoor,19,OP16-068,Trafalgar Law,2
https://onepiece.limitlesstcg.com/decks/list/6717,Purple/Yellow Rosinanteby Paotoocoor,19,EB04-058,Borsalino,4
https://onepiece.limitlesstcg.com/decks/list/6717,Purple/Yellow Rosinanteby Paotoocoor,19,EB04-038,Rosinante & Law,4
https://onepiece.limitlesstcg.com/decks/list/6717,Purple/Yellow Rosinanteby Paotoocoor,19,OP16-065,Sakazuki,4
https://onepiece.limitlesstcg.com/decks/list/6717,Purple/Yellow Rosinanteby Paotoocoor,19,OP15-078,Mamaragan,4
https://onepiece.limitlesstcg.com/decks/list/6717,Purple/Yellow Rosinanteby Paotoocoor,19,OP13-076,Divine Departure,2
https://onepiece.limitlesstcg.com/decks/list/6717,Purple/Yellow Rosinanteby Paotoocoor,19,OP12-115,I Love You!!,4
https://onepiece.limitlesstcg.com/decks/list/6717,Purple/Yellow Rosinanteby Paotoocoor,19,OP09-077,Gum-Gum Lightning,2
https://onepiece.limitlesstcg.com/decks/list/6717,Purple/Yellow Rosinanteby Paotoocoor,19,OP16-078,Marineford,4
https://onepiece.limitlesstcg.com/decks/list/6831,Green/Blue Luffyby Yves Mangano,20,OP16-022,Monkey.D.Luffy,1
https://onepiece.limitlesstcg.com/decks/list/6831,Green/Blue Luffyby Yves Mangano,20,OP16-034,Monkey.D.Luffy,4
https://onepiece.limitlesstcg.com/decks/list/6831,Green/Blue Luffyby Yves Mangano,20,OP16-054,Mr.1(Daz.Bonez),4
https://onepiece.limitlesstcg.com/decks/list/6831,Green/Blue Luffyby Yves Mangano,20,OP16-055,Mr.2.Bon.Kurei(Bentham),4
https://onepiece.limitlesstcg.com/decks/list/6831,Green/Blue Luffyby Yves Mangano,20,ST30-014,Mr.3(Galdino),3
https://onepiece.limitlesstcg.com/decks/list/6831,Green/Blue Luffyby Yves Mangano,20,OP16-045,Crocodile,4
https://onepiece.limitlesstcg.com/decks/list/6831,Green/Blue Luffyby Yves Mangano,20,OP16-056,Mr.3(Galdino),4
https://onepiece.limitlesstcg.com/decks/list/6831,Green/Blue Luffyby Yves Mangano,20,OP16-026,Emporio.Ivankov,3
https://onepiece.limitlesstcg.com/decks/list/6831,Green/Blue Luffyby Yves Mangano,20,OP16-048,Buggy,4
https://onepiece.limitlesstcg.com/decks/list/6831,Green/Blue Luffyby Yves Mangano,20,OP16-042,Prisoner of Impel Down,8
https://onepiece.limitlesstcg.com/decks/list/6831,Green/Blue Luffyby Yves Mangano,20,OP15-032,Brook,1
https://onepiece.limitlesstcg.com/decks/list/6831,Green/Blue Luffyby Yves Mangano,20,OP16-032,Boa Hancock,3
https://onepiece.limitlesstcg.com/decks/list/6831,Green/Blue Luffyby Yves Mangano,20,OP02-068,Gum-Gum Rain,1
https://onepiece.limitlesstcg.com/decks/list/6831,Green/Blue Luffyby Yves Mangano,20,OP16-038,Let's Go!! To the Navy Headquarters!!,2
https://onepiece.limitlesstcg.com/decks/list/6831,Green/Blue Luffyby Yves Mangano,20,EB01-028,Gum-Gum Champion Rifle,1
https://onepiece.limitlesstcg.com/decks/list/6831,Green/Blue Luffyby Yves Mangano,20,OP12-037,Demon Aura Nine Sword Style Asura Blades Drawn Dead Man's Game,1
https://onepiece.limitlesstcg.com/decks/list/6831,Green/Blue Luffyby Yves Mangano,20,OP11-061,Gum-Gum Jet Culverin,1
https://onepiece.limitlesstcg.com/decks/list/6831,Green/Blue Luffyby Yves Mangano,20,OP06-058,Gravity Blade Raging Tiger,2
https://onepiece.limitlesstcg.com/decks/list/6345,Purple Enelby Gaston Buhler,21,OP15-058,Enel,1
https://onepiece.limitlesstcg.com/decks/list/6345,Purple Enelby Gaston Buhler,21,OP12-071,Charlotte Pudding,4
https://onepiece.limitlesstcg.com/decks/list/6345,Purple Enelby Gaston Buhler,21,OP15-061,Ohm,4
https://onepiece.limitlesstcg.com/decks/list/6345,Purple Enelby Gaston Buhler,21,OP15-067,Shura,4
https://onepiece.limitlesstcg.com/decks/list/6345,Purple Enelby Gaston Buhler,21,OP15-066,Satori,2
https://onepiece.limitlesstcg.com/decks/list/6345,Purple Enelby Gaston Buhler,21,OP12-063,Vinsmoke Reiju,4
https://onepiece.limitlesstcg.com/decks/list/6345,Purple Enelby Gaston Buhler,21,OP09-072,Franky,3
https://onepiece.limitlesstcg.com/decks/list/6345,Purple Enelby Gaston Buhler,21,OP10-067,Senor Pink,2
https://onepiece.limitlesstcg.com/decks/list/6345,Purple Enelby Gaston Buhler,21,OP15-118,Enel,4
https://onepiece.limitlesstcg.com/decks/list/6345,Purple Enelby Gaston Buhler,21,OP15-075,El Thor,4
https://onepiece.limitlesstcg.com/decks/list/6345,Purple Enelby Gaston Buhler,21,OP15-076,Lightning Beast Kiten,4
https://onepiece.limitlesstcg.com/decks/list/6345,Purple Enelby Gaston Buhler,21,OP15-077,Lightning Dragon,4
https://onepiece.limitlesstcg.com/decks/list/6345,Purple Enelby Gaston Buhler,21,OP15-078,Mamaragan,4
https://onepiece.limitlesstcg.com/decks/list/6345,Purple Enelby Gaston Buhler,21,OP15-074,Varie,3
https://onepiece.limitlesstcg.com/decks/list/6345,Purple Enelby Gaston Buhler,21,OP13-076,Divine Departure,1
https://onepiece.limitlesstcg.com/decks/list/6345,Purple Enelby Gaston Buhler,21,OP05-077,Gamma Knife,3
https://onepiece.limitlesstcg.com/decks/list/6479,Blue/Yellow Namiby SaBR,22,OP11-041,Nami,1
https://onepiece.limitlesstcg.com/decks/list/6479,Blue/Yellow Namiby SaBR,22,OP14-102,Kumacy,4
https://onepiece.limitlesstcg.com/decks/list/6479,Blue/Yellow Namiby SaBR,22,OP11-106,Zeus,4
https://onepiece.limitlesstcg.com/decks/list/6479,Blue/Yellow Namiby SaBR,22,OP14-110,Dr. Hogback,4
https://onepiece.limitlesstcg.com/decks/list/6479,Blue/Yellow Namiby SaBR,22,OP14-111,Perona,4
https://onepiece.limitlesstcg.com/decks/list/6479,Blue/Yellow Namiby SaBR,22,OP16-056,Mr.3(Galdino),4
https://onepiece.limitlesstcg.com/decks/list/6479,Blue/Yellow Namiby SaBR,22,OP06-104,Kikunojo,3
https://onepiece.limitlesstcg.com/decks/list/6479,Blue/Yellow Namiby SaBR,22,OP12-112,Baby 5,3
https://onepiece.limitlesstcg.com/decks/list/6479,Blue/Yellow Namiby SaBR,22,PRB02-008,Marco,2
https://onepiece.limitlesstcg.com/decks/list/6479,Blue/Yellow Namiby SaBR,22,OP15-113,Roronoa Zoro,1
https://onepiece.limitlesstcg.com/decks/list/6479,Blue/Yellow Namiby SaBR,22,EB03-053,Nami,4
https://onepiece.limitlesstcg.com/decks/list/6479,Blue/Yellow Namiby SaBR,22,EB04-058,Borsalino,4
https://onepiece.limitlesstcg.com/decks/list/6479,Blue/Yellow Namiby SaBR,22,EB03-055,Nico Robin,4
https://onepiece.limitlesstcg.com/decks/list/6479,Blue/Yellow Namiby SaBR,22,OP14-104,Gecko Moria,4
https://onepiece.limitlesstcg.com/decks/list/6479,Blue/Yellow Namiby SaBR,22,OP13-042,Edward.Newgate,3
https://onepiece.limitlesstcg.com/decks/list/6479,Blue/Yellow Namiby SaBR,22,OP06-058,Gravity Blade Raging Tiger,2
https://onepiece.limitlesstcg.com/decks/list/6832,Green Mihawkby Mike,23,OP14-020,Dracule Mihawk,1
https://onepiece.limitlesstcg.com/decks/list/6832,Green Mihawkby Mike,23,EB01-015,Scratchmen Apoo,4
https://onepiece.limitlesstcg.com/decks/list/6832,Green Mihawkby Mike,23,OP12-034,Perona,4
https://onepiece.limitlesstcg.com/decks/list/6832,Green Mihawkby Mike,23,ST02-007,Jewelry Bonney,2
https://onepiece.limitlesstcg.com/decks/list/6832,Green Mihawkby Mike,23,OP15-035,Laboon,1
https://onepiece.limitlesstcg.com/decks/list/6832,Green Mihawkby Mike,23,ST24-002,Kid & Killer,4
https://onepiece.limitlesstcg.com/decks/list/6832,Green Mihawkby Mike,23,PRB02-006,Roronoa Zoro,2
https://onepiece.limitlesstcg.com/decks/list/6832,Green Mihawkby Mike,23,OP12-118,Jewelry Bonney,4
https://onepiece.limitlesstcg.com/decks/list/6832,Green Mihawkby Mike,23,OP12-031,Tashigi,3
https://onepiece.limitlesstcg.com/decks/list/6832,Green Mihawkby Mike,23,OP14-033,Perona,3
https://onepiece.limitlesstcg.com/decks/list/6832,Green Mihawkby Mike,23,OP07-026,Jewelry Bonney,2
https://onepiece.limitlesstcg.com/decks/list/6832,Green Mihawkby Mike,23,OP13-031,Trafalgar Law,4
https://onepiece.limitlesstcg.com/decks/list/6832,Green Mihawkby Mike,23,OP14-119,Dracule Mihawk,3
https://onepiece.limitlesstcg.com/decks/list/6832,Green Mihawkby Mike,23,ST24-004,Law & Bepo,3
https://onepiece.limitlesstcg.com/decks/list/6832,Green Mihawkby Mike,23,OP13-040,I Know You're Strong... So I'll Go All Out from the Very Start!!!,4
https://onepiece.limitlesstcg.com/decks/list/6832,Green Mihawkby Mike,23,OP06-038,The Billion-fold World Trichiliocosm,2
https://onepiece.limitlesstcg.com/decks/list/6832,Green Mihawkby Mike,23,OP12-037,Demon Aura Nine Sword Style Asura Blades Drawn Dead Man's Game,2
https://onepiece.limitlesstcg.com/decks/list/6832,Green Mihawkby Mike,23,OP08-036,Electrical Luna,1
https://onepiece.limitlesstcg.com/decks/list/6832,Green Mihawkby Mike,23,OP14-039,Coffin Boat,2
https://onepiece.limitlesstcg.com/decks/list/6833,Black/Yellow Blackbeardby RKS08,24,OP16-080,Marshall.D.Teach,1
https://onepiece.limitlesstcg.com/decks/list/6833,Black/Yellow Blackbeardby RKS08,24,OP16-110,Vasco Shot,4
https://onepiece.limitlesstcg.com/decks/list/6833,Black/Yellow Blackbeardby RKS08,24,OP16-109,Doc Q,3
https://onepiece.limitlesstcg.com/decks/list/6833,Black/Yellow Blackbeardby RKS08,24,OP16-102,Avalo Pizarro,2
https://onepiece.limitlesstcg.com/decks/list/6833,Black/Yellow Blackbeardby RKS08,24,OP09-086,Jesus Burgess,4
https://onepiece.limitlesstcg.com/decks/list/6833,Black/Yellow Blackbeardby RKS08,24,OP16-104,Catarina Devon,4
https://onepiece.limitlesstcg.com/decks/list/6833,Black/Yellow Blackbeardby RKS08,24,EB04-058,Borsalino,4
https://onepiece.limitlesstcg.com/decks/list/6833,Black/Yellow Blackbeardby RKS08,24,OP15-114,Wyper,3
https://onepiece.limitlesstcg.com/decks/list/6833,Black/Yellow Blackbeardby RKS08,24,OP16-108,Shiryu,4
https://onepiece.limitlesstcg.com/decks/list/6833,Black/Yellow Blackbeardby RKS08,24,OP16-119,Marshall.D.Teach,4
https://onepiece.limitlesstcg.com/decks/list/6833,Black/Yellow Blackbeardby RKS08,24,OP14-112,Boa Hancock,1
https://onepiece.limitlesstcg.com/decks/list/6833,Black/Yellow Blackbeardby RKS08,24,OP09-093,Marshall.D.Teach,3
https://onepiece.limitlesstcg.com/decks/list/6833,Black/Yellow Blackbeardby RKS08,24,OP09-096,My Era...Begins!!,4
https://onepiece.limitlesstcg.com/decks/list/6833,Black/Yellow Blackbeardby RKS08,24,EB04-059,Black Rope Dragon Twister,4
https://onepiece.limitlesstcg.com/decks/list/6833,Black/Yellow Blackbeardby RKS08,24,OP16-116,Zehahahahaha!,2
https://onepiece.limitlesstcg.com/decks/list/6833,Black/Yellow Blackbeardby RKS08,24,OP09-099,Fullalead,4
https://onepiece.limitlesstcg.com/decks/list/6568,Purple/Yellow Rosinanteby Martínbombin,25,OP12-061,Donquixote Rosinante,1
https://onepiece.limitlesstcg.com/decks/list/6568,Purple/Yellow Rosinanteby Martínbombin,25,OP12-108,Donquixote Rosinante,4
https://onepiece.limitlesstcg.com/decks/list/6568,Purple/Yellow Rosinanteby Martínbombin,25,OP16-064,Koby,4
https://onepiece.limitlesstcg.com/decks/list/6568,Purple/Yellow Rosinanteby Martínbombin,25,OP16-067,Tsuru,2
https://onepiece.limitlesstcg.com/decks/list/6568,Purple/Yellow Rosinanteby Martínbombin,25,P-088,Trafalgar Law,4
https://onepiece.limitlesstcg.com/decks/list/6568,Purple/Yellow Rosinanteby Martínbombin,25,P-093,Trafalgar Law,4
https://onepiece.limitlesstcg.com/decks/list/6568,Purple/Yellow Rosinanteby Martínbombin,25,ST10-010,Trafalgar Law,3
https://onepiece.limitlesstcg.com/decks/list/6568,Purple/Yellow Rosinanteby Martínbombin,25,OP16-068,Trafalgar Law,2
https://onepiece.limitlesstcg.com/decks/list/6568,Purple/Yellow Rosinanteby Martínbombin,25,EB04-058,Borsalino,4
https://onepiece.limitlesstcg.com/decks/list/6568,Purple/Yellow Rosinanteby Martínbombin,25,EB04-038,Rosinante & Law,4
https://onepiece.limitlesstcg.com/decks/list/6568,Purple/Yellow Rosinanteby Martínbombin,25,OP16-065,Sakazuki,4
https://onepiece.limitlesstcg.com/decks/list/6568,Purple/Yellow Rosinanteby Martínbombin,25,OP15-078,Mamaragan,4
https://onepiece.limitlesstcg.com/decks/list/6568,Purple/Yellow Rosinanteby Martínbombin,25,OP13-076,Divine Departure,2
https://onepiece.limitlesstcg.com/decks/list/6568,Purple/Yellow Rosinanteby Martínbombin,25,OP12-115,I Love You!!,4
https://onepiece.limitlesstcg.com/decks/list/6568,Purple/Yellow Rosinanteby Martínbombin,25,OP09-077,Gum-Gum Lightning,2
https://onepiece.limitlesstcg.com/decks/list/6568,Purple/Yellow Rosinanteby Martínbombin,25,OP16-078,Marineford,3
https://onepiece.limitlesstcg.com/decks/list/6834,Green/Blue Luffyby SinnySinSin,26,OP16-022,Monkey.D.Luffy,1
https://onepiece.limitlesstcg.com/decks/list/6834,Green/Blue Luffyby SinnySinSin,26,OP16-034,Monkey.D.Luffy,4
https://onepiece.limitlesstcg.com/decks/list/6834,Green/Blue Luffyby SinnySinSin,26,OP16-054,Mr.1(Daz.Bonez),4
https://onepiece.limitlesstcg.com/decks/list/6834,Green/Blue Luffyby SinnySinSin,26,OP16-055,Mr.2.Bon.Kurei(Bentham),4
https://onepiece.limitlesstcg.com/decks/list/6834,Green/Blue Luffyby SinnySinSin,26,ST30-014,Mr.3(Galdino),2
https://onepiece.limitlesstcg.com/decks/list/6834,Green/Blue Luffyby SinnySinSin,26,OP16-037,Mr.3(Galdino),1
https://onepiece.limitlesstcg.com/decks/list/6834,Green/Blue Luffyby SinnySinSin,26,ST12-010,Emporio.Ivankov,2
https://onepiece.limitlesstcg.com/decks/list/6834,Green/Blue Luffyby SinnySinSin,26,OP16-045,Crocodile,4
https://onepiece.limitlesstcg.com/decks/list/6834,Green/Blue Luffyby SinnySinSin,26,OP16-056,Mr.3(Galdino),4
https://onepiece.limitlesstcg.com/decks/list/6834,Green/Blue Luffyby SinnySinSin,26,OP16-026,Emporio.Ivankov,3
https://onepiece.limitlesstcg.com/decks/list/6834,Green/Blue Luffyby SinnySinSin,26,OP16-048,Buggy,4
https://onepiece.limitlesstcg.com/decks/list/6834,Green/Blue Luffyby SinnySinSin,26,OP16-042,Prisoner of Impel Down,8
https://onepiece.limitlesstcg.com/decks/list/6834,Green/Blue Luffyby SinnySinSin,26,OP15-032,Brook,1
https://onepiece.limitlesstcg.com/decks/list/6834,Green/Blue Luffyby SinnySinSin,26,OP16-032,Boa Hancock,3
https://onepiece.limitlesstcg.com/decks/list/6834,Green/Blue Luffyby SinnySinSin,26,OP02-068,Gum-Gum Rain,1
https://onepiece.limitlesstcg.com/decks/list/6834,Green/Blue Luffyby SinnySinSin,26,OP16-038,Let's Go!! To the Navy Headquarters!!,2
https://onepiece.limitlesstcg.com/decks/list/6834,Green/Blue Luffyby SinnySinSin,26,OP12-037,Demon Aura Nine Sword Style Asura Blades Drawn Dead Man's Game,1
https://onepiece.limitlesstcg.com/decks/list/6834,Green/Blue Luffyby SinnySinSin,26,OP06-058,Gravity Blade Raging Tiger,2
https://onepiece.limitlesstcg.com/decks/list/6835,Blue/Yellow Namiby anestakis,27,OP11-041,Nami,1
https://onepiece.limitlesstcg.com/decks/list/6835,Blue/Yellow Namiby anestakis,27,OP14-102,Kumacy,4
https://onepiece.limitlesstcg.com/decks/list/6835,Blue/Yellow Namiby anestakis,27,P-096,Girl,3
https://onepiece.limitlesstcg.com/decks/list/6835,Blue/Yellow Namiby anestakis,27,OP11-106,Zeus,2
https://onepiece.limitlesstcg.com/decks/list/6835,Blue/Yellow Namiby anestakis,27,OP06-106,Kouzuki Hiyori,1
https://onepiece.limitlesstcg.com/decks/list/6835,Blue/Yellow Namiby anestakis,27,OP14-110,Dr. Hogback,4
https://onepiece.limitlesstcg.com/decks/list/6835,Blue/Yellow Namiby anestakis,27,OP16-056,Mr.3(Galdino),4
https://onepiece.limitlesstcg.com/decks/list/6835,Blue/Yellow Namiby anestakis,27,OP06-104,Kikunojo,3
https://onepiece.limitlesstcg.com/decks/list/6835,Blue/Yellow Namiby anestakis,27,OP12-112,Baby 5,3
https://onepiece.limitlesstcg.com/decks/list/6835,Blue/Yellow Namiby anestakis,27,OP14-111,Perona,3
https://onepiece.limitlesstcg.com/decks/list/6835,Blue/Yellow Namiby anestakis,27,PRB02-008,Marco,1
https://onepiece.limitlesstcg.com/decks/list/6835,Blue/Yellow Namiby anestakis,27,OP15-113,Roronoa Zoro,1
https://onepiece.limitlesstcg.com/decks/list/6835,Blue/Yellow Namiby anestakis,27,EB03-053,Nami,4
https://onepiece.limitlesstcg.com/decks/list/6835,Blue/Yellow Namiby anestakis,27,EB04-058,Borsalino,4
https://onepiece.limitlesstcg.com/decks/list/6835,Blue/Yellow Namiby anestakis,27,EB03-055,Nico Robin,4
https://onepiece.limitlesstcg.com/decks/list/6835,Blue/Yellow Namiby anestakis,27,OP14-104,Gecko Moria,4
https://onepiece.limitlesstcg.com/decks/list/6835,Blue/Yellow Namiby anestakis,27,OP13-042,Edward.Newgate,3
https://onepiece.limitlesstcg.com/decks/list/6835,Blue/Yellow Namiby anestakis,27,OP06-058,Gravity Blade Raging Tiger,2
https://onepiece.limitlesstcg.com/decks/list/6836,Purple/Yellow Rosinanteby SSL Envy,28,OP12-061,Donquixote Rosinante,1
https://onepiece.limitlesstcg.com/decks/list/6836,Purple/Yellow Rosinanteby SSL Envy,28,OP12-108,Donquixote Rosinante,4
https://onepiece.limitlesstcg.com/decks/list/6836,Purple/Yellow Rosinanteby SSL Envy,28,OP16-064,Koby,4
https://onepiece.limitlesstcg.com/decks/list/6836,Purple/Yellow Rosinanteby SSL Envy,28,OP10-114,X.Drake,2
https://onepiece.limitlesstcg.com/decks/list/6836,Purple/Yellow Rosinanteby SSL Envy,28,ST10-010,Trafalgar Law,4
https://onepiece.limitlesstcg.com/decks/list/6836,Purple/Yellow Rosinanteby SSL Envy,28,P-088,Trafalgar Law,4
https://onepiece.limitlesstcg.com/decks/list/6836,Purple/Yellow Rosinanteby SSL Envy,28,P-093,Trafalgar Law,4
https://onepiece.limitlesstcg.com/decks/list/6836,Purple/Yellow Rosinanteby SSL Envy,28,EB04-058,Borsalino,4
https://onepiece.limitlesstcg.com/decks/list/6836,Purple/Yellow Rosinanteby SSL Envy,28,EB04-038,Rosinante & Law,4
https://onepiece.limitlesstcg.com/decks/list/6836,Purple/Yellow Rosinanteby SSL Envy,28,OP16-065,Sakazuki,4
https://onepiece.limitlesstcg.com/decks/list/6836,Purple/Yellow Rosinanteby SSL Envy,28,EB03-062,Trafalgar Law,1
https://onepiece.limitlesstcg.com/decks/list/6836,Purple/Yellow Rosinanteby SSL Envy,28,OP15-078,Mamaragan,4
https://onepiece.limitlesstcg.com/decks/list/6836,Purple/Yellow Rosinanteby SSL Envy,28,OP13-076,Divine Departure,1
https://onepiece.limitlesstcg.com/decks/list/6836,Purple/Yellow Rosinanteby SSL Envy,28,OP12-115,I Love You!!,4
https://onepiece.limitlesstcg.com/decks/list/6836,Purple/Yellow Rosinanteby SSL Envy,28,OP09-077,Gum-Gum Lightning,2
https://onepiece.limitlesstcg.com/decks/list/6836,Purple/Yellow Rosinanteby SSL Envy,28,OP16-078,Marineford,4
https://onepiece.limitlesstcg.com/decks/list/6837,Black/Yellow Blackbeardby Nicky,29,OP16-080,Marshall.D.Teach,1
https://onepiece.limitlesstcg.com/decks/list/6837,Black/Yellow Blackbeardby Nicky,29,OP16-110,Vasco Shot,4
https://onepiece.limitlesstcg.com/decks/list/6837,Black/Yellow Blackbeardby Nicky,29,OP16-109,Doc Q,3
https://onepiece.limitlesstcg.com/decks/list/6837,Black/Yellow Blackbeardby Nicky,29,OP16-102,Avalo Pizarro,2
https://onepiece.limitlesstcg.com/decks/list/6837,Black/Yellow Blackbeardby Nicky,29,OP09-086,Jesus Burgess,4
https://onepiece.limitlesstcg.com/decks/list/6837,Black/Yellow Blackbeardby Nicky,29,OP16-104,Catarina Devon,4
https://onepiece.limitlesstcg.com/decks/list/6837,Black/Yellow Blackbeardby Nicky,29,OP16-106,Sanjuan.Wolf,1
https://onepiece.limitlesstcg.com/decks/list/6837,Black/Yellow Blackbeardby Nicky,29,EB04-058,Borsalino,4
https://onepiece.limitlesstcg.com/decks/list/6837,Black/Yellow Blackbeardby Nicky,29,OP15-114,Wyper,2
https://onepiece.limitlesstcg.com/decks/list/6837,Black/Yellow Blackbeardby Nicky,29,OP16-108,Shiryu,4
https://onepiece.limitlesstcg.com/decks/list/6837,Black/Yellow Blackbeardby Nicky,29,OP16-119,Marshall.D.Teach,4
https://onepiece.limitlesstcg.com/decks/list/6837,Black/Yellow Blackbeardby Nicky,29,OP09-093,Marshall.D.Teach,4
https://onepiece.limitlesstcg.com/decks/list/6837,Black/Yellow Blackbeardby Nicky,29,OP09-096,My Era...Begins!!,4
https://onepiece.limitlesstcg.com/decks/list/6837,Black/Yellow Blackbeardby Nicky,29,OP16-115,Black Vortex,1
https://onepiece.limitlesstcg.com/decks/list/6837,Black/Yellow Blackbeardby Nicky,29,EB04-059,Black Rope Dragon Twister,3
https://onepiece.limitlesstcg.com/decks/list/6837,Black/Yellow Blackbeardby Nicky,29,OP16-116,Zehahahahaha!,2
https://onepiece.limitlesstcg.com/decks/list/6837,Black/Yellow Blackbeardby Nicky,29,OP09-099,Fullalead,4
https://onepiece.limitlesstcg.com/decks/list/6838,Yellow Luffyby Stefano Vinci,30,OP15-098,Monkey.D.Luffy,1
https://onepiece.limitlesstcg.com/decks/list/6838,Yellow Luffyby Stefano Vinci,30,OP15-108,Nami,4
https://onepiece.limitlesstcg.com/decks/list/6838,Yellow Luffyby Stefano Vinci,30,OP05-106,Shura,4
https://onepiece.limitlesstcg.com/decks/list/6838,Yellow Luffyby Stefano Vinci,30,OP11-106,Zeus,4
https://onepiece.limitlesstcg.com/decks/list/6838,Yellow Luffyby Stefano Vinci,30,ST29-009,Nico Robin,4
https://onepiece.limitlesstcg.com/decks/list/6838,Yellow Luffyby Stefano Vinci,30,OP15-102,Gan.Fall,4
https://onepiece.limitlesstcg.com/decks/list/6838,Yellow Luffyby Stefano Vinci,30,OP15-113,Roronoa Zoro,4
https://onepiece.limitlesstcg.com/decks/list/6838,Yellow Luffyby Stefano Vinci,30,OP12-099,Kalgara,4
https://onepiece.limitlesstcg.com/decks/list/6838,Yellow Luffyby Stefano Vinci,30,OP15-114,Wyper,4
https://onepiece.limitlesstcg.com/decks/list/6838,Yellow Luffyby Stefano Vinci,30,OP15-119,Monkey.D.Luffy,4
https://onepiece.limitlesstcg.com/decks/list/6838,Yellow Luffyby Stefano Vinci,30,EB04-058,Borsalino,4
https://onepiece.limitlesstcg.com/decks/list/6838,Yellow Luffyby Stefano Vinci,30,OP15-109,Nico Robin,4
https://onepiece.limitlesstcg.com/decks/list/6838,Yellow Luffyby Stefano Vinci,30,EB02-052,Enel,2
https://onepiece.limitlesstcg.com/decks/list/6838,Yellow Luffyby Stefano Vinci,30,OP15-116,Gum-Gum Golden Rifle,4
https://onepiece.limitlesstcg.com/decks/list/6839,Purple/Yellow Rosinanteby SunSun,31,OP12-061,Donquixote Rosinante,1
https://onepiece.limitlesstcg.com/decks/list/6839,Purple/Yellow Rosinanteby SunSun,31,OP12-108,Donquixote Rosinante,4
https://onepiece.limitlesstcg.com/decks/list/6839,Purple/Yellow Rosinanteby SunSun,31,OP16-064,Koby,4
https://onepiece.limitlesstcg.com/decks/list/6839,Purple/Yellow Rosinanteby SunSun,31,OP16-067,Tsuru,2
https://onepiece.limitlesstcg.com/decks/list/6839,Purple/Yellow Rosinanteby SunSun,31,P-088,Trafalgar Law,4
https://onepiece.limitlesstcg.com/decks/list/6839,Purple/Yellow Rosinanteby SunSun,31,P-093,Trafalgar Law,4
https://onepiece.limitlesstcg.com/decks/list/6839,Purple/Yellow Rosinanteby SunSun,31,ST10-010,Trafalgar Law,3
https://onepiece.limitlesstcg.com/decks/list/6839,Purple/Yellow Rosinanteby SunSun,31,OP16-068,Trafalgar Law,2
https://onepiece.limitlesstcg.com/decks/list/6839,Purple/Yellow Rosinanteby SunSun,31,EB04-058,Borsalino,4
https://onepiece.limitlesstcg.com/decks/list/6839,Purple/Yellow Rosinanteby SunSun,31,EB04-038,Rosinante & Law,4
https://onepiece.limitlesstcg.com/decks/list/6839,Purple/Yellow Rosinanteby SunSun,31,OP16-065,Sakazuki,4
https://onepiece.limitlesstcg.com/decks/list/6839,Purple/Yellow Rosinanteby SunSun,31,OP15-078,Mamaragan,4
https://onepiece.limitlesstcg.com/decks/list/6839,Purple/Yellow Rosinanteby SunSun,31,OP13-076,Divine Departure,1
https://onepiece.limitlesstcg.com/decks/list/6839,Purple/Yellow Rosinanteby SunSun,31,OP12-115,I Love You!!,4
https://onepiece.limitlesstcg.com/decks/list/6839,Purple/Yellow Rosinanteby SunSun,31,OP07-116,Blaze Slice,1
https://onepiece.limitlesstcg.com/decks/list/6839,Purple/Yellow Rosinanteby SunSun,31,OP09-077,Gum-Gum Lightning,2
https://onepiece.limitlesstcg.com/decks/list/6839,Purple/Yellow Rosinanteby SunSun,31,OP16-078,Marineford,3
https://onepiece.limitlesstcg.com/decks/list/6840,Black Yamatoby Ben,32,OP16-079,Yamato,1
https://onepiece.limitlesstcg.com/decks/list/6840,Black Yamatoby Ben,32,OP16-091,Nami,4
https://onepiece.limitlesstcg.com/decks/list/6840,Black Yamatoby Ben,32,OP16-092,Nico Robin,4
https://onepiece.limitlesstcg.com/decks/list/6840,Black Yamatoby Ben,32,OP16-081,Otama,3
https://onepiece.limitlesstcg.com/decks/list/6840,Black Yamatoby Ben,32,OP16-087,Shinobu,3
https://onepiece.limitlesstcg.com/decks/list/6840,Black Yamatoby Ben,32,OP16-088,Shimotsuki Ushimaru,2
https://onepiece.limitlesstcg.com/decks/list/6840,Black Yamatoby Ben,32,OP16-095,Monkey.D.Luffy,1
https://onepiece.limitlesstcg.com/decks/list/6840,Black Yamatoby Ben,32,OP13-093,Morgans,2
https://onepiece.limitlesstcg.com/decks/list/6840,Black Yamatoby Ben,32,OP16-082,Kin'emon,4
https://onepiece.limitlesstcg.com/decks/list/6840,Black Yamatoby Ben,32,OP16-084,Kouzuki Momonosuke,4
https://onepiece.limitlesstcg.com/decks/list/6840,Black Yamatoby Ben,32,OP16-098,Yamato,4
https://onepiece.limitlesstcg.com/decks/list/6840,Black Yamatoby Ben,32,OP16-096,Yamato,4
https://onepiece.limitlesstcg.com/decks/list/6840,Black Yamatoby Ben,32,OP16-097,Yamato,4
https://onepiece.limitlesstcg.com/decks/list/6840,Black Yamatoby Ben,32,OP16-085,Kouzuki Momonosuke,4
https://onepiece.limitlesstcg.com/decks/list/6840,Black Yamatoby Ben,32,OP16-099,I've Come Here... To Cut Those Chains!!!,4
https://onepiece.limitlesstcg.com/decks/list/6840,Black Yamatoby Ben,32,OP14-096,Ground Death,3
https://onepiece.limitlesstcg.com/decks/list/6798,Blue/Yellow Namiby Arman Haji-Ghassemi,1,OP11-041,Nami,1
https://onepiece.limitlesstcg.com/decks/list/6798,Blue/Yellow Namiby Arman Haji-Ghassemi,1,OP14-102,Kumacy,4
https://onepiece.limitlesstcg.com/decks/list/6798,Blue/Yellow Namiby Arman Haji-Ghassemi,1,OP11-106,Zeus,4
https://onepiece.limitlesstcg.com/decks/list/6798,Blue/Yellow Namiby Arman Haji-Ghassemi,1,P-096,Girl,2
https://onepiece.limitlesstcg.com/decks/list/6798,Blue/Yellow Namiby Arman Haji-Ghassemi,1,OP14-111,Perona,4
https://onepiece.limitlesstcg.com/decks/list/6798,Blue/Yellow Namiby Arman Haji-Ghassemi,1,OP16-056,Mr.3(Galdino),4
https://onepiece.limitlesstcg.com/decks/list/6798,Blue/Yellow Namiby Arman Haji-Ghassemi,1,OP06-104,Kikunojo,3
https://onepiece.limitlesstcg.com/decks/list/6798,Blue/Yellow Namiby Arman Haji-Ghassemi,1,OP14-110,Dr. Hogback,3
https://onepiece.limitlesstcg.com/decks/list/6798,Blue/Yellow Namiby Arman Haji-Ghassemi,1,OP12-112,Baby 5,2
https://onepiece.limitlesstcg.com/decks/list/6798,Blue/Yellow Namiby Arman Haji-Ghassemi,1,PRB02-008,Marco,1
https://onepiece.limitlesstcg.com/decks/list/6798,Blue/Yellow Namiby Arman Haji-Ghassemi,1,OP15-113,Roronoa Zoro,1
https://onepiece.limitlesstcg.com/decks/list/6798,Blue/Yellow Namiby Arman Haji-Ghassemi,1,EB03-053,Nami,4
https://onepiece.limitlesstcg.com/decks/list/6798,Blue/Yellow Namiby Arman Haji-Ghassemi,1,EB04-058,Borsalino,4
https://onepiece.limitlesstcg.com/decks/list/6798,Blue/Yellow Namiby Arman Haji-Ghassemi,1,OP15-114,Wyper,2
https://onepiece.limitlesstcg.com/decks/list/6798,Blue/Yellow Namiby Arman Haji-Ghassemi,1,EB03-055,Nico Robin,4
https://onepiece.limitlesstcg.com/decks/list/6798,Blue/Yellow Namiby Arman Haji-Ghassemi,1,OP14-104,Gecko Moria,4
https://onepiece.limitlesstcg.com/decks/list/6798,Blue/Yellow Namiby Arman Haji-Ghassemi,1,OP13-042,Edward.Newgate,3
https://onepiece.limitlesstcg.com/decks/list/6798,Blue/Yellow Namiby Arman Haji-Ghassemi,1,OP06-058,Gravity Blade Raging Tiger,1
https://onepiece.limitlesstcg.com/decks/list/6585,Purple Enelby Abyssausrede,2,OP15-058,Enel,1
https://onepiece.limitlesstcg.com/decks/list/6585,Purple Enelby Abyssausrede,2,OP12-071,Charlotte Pudding,4
https://onepiece.limitlesstcg.com/decks/list/6585,Purple Enelby Abyssausrede,2,OP15-061,Ohm,4
https://onepiece.limitlesstcg.com/decks/list/6585,Purple Enelby Abyssausrede,2,OP15-067,Shura,4
https://onepiece.limitlesstcg.com/decks/list/6585,Purple Enelby Abyssausrede,2,OP15-071,Holly,3
https://onepiece.limitlesstcg.com/decks/list/6585,Purple Enelby Abyssausrede,2,OP12-063,Vinsmoke Reiju,3
https://onepiece.limitlesstcg.com/decks/list/6585,Purple Enelby Abyssausrede,2,OP09-072,Franky,2
https://onepiece.limitlesstcg.com/decks/list/6585,Purple Enelby Abyssausrede,2,ST10-010,Trafalgar Law,1
https://onepiece.limitlesstcg.com/decks/list/6585,Purple Enelby Abyssausrede,2,OP10-067,Senor Pink,2
https://onepiece.limitlesstcg.com/decks/list/6585,Purple Enelby Abyssausrede,2,OP15-118,Enel,4
https://onepiece.limitlesstcg.com/decks/list/6585,Purple Enelby Abyssausrede,2,OP15-075,El Thor,4
https://onepiece.limitlesstcg.com/decks/list/6585,Purple Enelby Abyssausrede,2,OP15-076,Lightning Beast Kiten,4
https://onepiece.limitlesstcg.com/decks/list/6585,Purple Enelby Abyssausrede,2,OP15-077,Lightning Dragon,4
https://onepiece.limitlesstcg.com/decks/list/6585,Purple Enelby Abyssausrede,2,OP15-078,Mamaragan,4
https://onepiece.limitlesstcg.com/decks/list/6585,Purple Enelby Abyssausrede,2,OP15-074,Varie,2
https://onepiece.limitlesstcg.com/decks/list/6585,Purple Enelby Abyssausrede,2,OP13-076,Divine Departure,1
https://onepiece.limitlesstcg.com/decks/list/6585,Purple Enelby Abyssausrede,2,OP05-077,Gamma Knife,2
https://onepiece.limitlesstcg.com/decks/list/6585,Purple Enelby Abyssausrede,2,OP09-077,Gum-Gum Lightning,2
https://onepiece.limitlesstcg.com/decks/list/6537,Green/Blue Luffyby Syuge,3,OP16-022,Monkey.D.Luffy,1
https://onepiece.limitlesstcg.com/decks/list/6537,Green/Blue Luffyby Syuge,3,OP16-034,Monkey.D.Luffy,4
https://onepiece.limitlesstcg.com/decks/list/6537,Green/Blue Luffyby Syuge,3,OP16-054,Mr.1(Daz.Bonez),4
https://onepiece.limitlesstcg.com/decks/list/6537,Green/Blue Luffyby Syuge,3,OP16-055,Mr.2.Bon.Kurei(Bentham),4
https://onepiece.limitlesstcg.com/decks/list/6537,Green/Blue Luffyby Syuge,3,ST30-014,Mr.3(Galdino),3
https://onepiece.limitlesstcg.com/decks/list/6537,Green/Blue Luffyby Syuge,3,ST12-010,Emporio.Ivankov,2
https://onepiece.limitlesstcg.com/decks/list/6537,Green/Blue Luffyby Syuge,3,OP16-045,Crocodile,4
https://onepiece.limitlesstcg.com/decks/list/6537,Green/Blue Luffyby Syuge,3,OP16-056,Mr.3(Galdino),4
https://onepiece.limitlesstcg.com/decks/list/6537,Green/Blue Luffyby Syuge,3,OP16-026,Emporio.Ivankov,2
https://onepiece.limitlesstcg.com/decks/list/6537,Green/Blue Luffyby Syuge,3,OP16-048,Buggy,4
https://onepiece.limitlesstcg.com/decks/list/6537,Green/Blue Luffyby Syuge,3,OP16-042,Prisoner of Impel Down,9
https://onepiece.limitlesstcg.com/decks/list/6537,Green/Blue Luffyby Syuge,3,OP15-032,Brook,1
https://onepiece.limitlesstcg.com/decks/list/6537,Green/Blue Luffyby Syuge,3,OP16-032,Boa Hancock,2
https://onepiece.limitlesstcg.com/decks/list/6537,Green/Blue Luffyby Syuge,3,OP02-068,Gum-Gum Rain,1
https://onepiece.limitlesstcg.com/decks/list/6537,Green/Blue Luffyby Syuge,3,OP16-038,Let's Go!! To the Navy Headquarters!!,2
https://onepiece.limitlesstcg.com/decks/list/6537,Green/Blue Luffyby Syuge,3,EB01-028,Gum-Gum Champion Rifle,1
https://onepiece.limitlesstcg.com/decks/list/6537,Green/Blue Luffyby Syuge,3,OP12-037,Demon Aura Nine Sword Style Asura Blades Drawn Dead Man's Game,1
https://onepiece.limitlesstcg.com/decks/list/6537,Green/Blue Luffyby Syuge,3,OP11-061,Gum-Gum Jet Culverin,1
https://onepiece.limitlesstcg.com/decks/list/6537,Green/Blue Luffyby Syuge,3,OP06-058,Gravity Blade Raging Tiger,1
https://onepiece.limitlesstcg.com/decks/list/6799,Green/Blue Luffyby Hanno Hügelschäfer,4,OP16-022,Monkey.D.Luffy,1
https://onepiece.limitlesstcg.com/decks/list/6799,Green/Blue Luffyby Hanno Hügelschäfer,4,OP16-034,Monkey.D.Luffy,4
https://onepiece.limitlesstcg.com/decks/list/6799,Green/Blue Luffyby Hanno Hügelschäfer,4,OP16-054,Mr.1(Daz.Bonez),4
https://onepiece.limitlesstcg.com/decks/list/6799,Green/Blue Luffyby Hanno Hügelschäfer,4,OP16-055,Mr.2.Bon.Kurei(Bentham),4
https://onepiece.limitlesstcg.com/decks/list/6799,Green/Blue Luffyby Hanno Hügelschäfer,4,ST30-014,Mr.3(Galdino),3
https://onepiece.limitlesstcg.com/decks/list/6799,Green/Blue Luffyby Hanno Hügelschäfer,4,OP16-037,Mr.3(Galdino),1
https://onepiece.limitlesstcg.com/decks/list/6799,Green/Blue Luffyby Hanno Hügelschäfer,4,ST12-010,Emporio.Ivankov,3
https://onepiece.limitlesstcg.com/decks/list/6799,Green/Blue Luffyby Hanno Hügelschäfer,4,OP16-045,Crocodile,4
https://onepiece.limitlesstcg.com/decks/list/6799,Green/Blue Luffyby Hanno Hügelschäfer,4,OP16-056,Mr.3(Galdino),4
https://onepiece.limitlesstcg.com/decks/list/6799,Green/Blue Luffyby Hanno Hügelschäfer,4,OP16-048,Buggy,4
https://onepiece.limitlesstcg.com/decks/list/6799,Green/Blue Luffyby Hanno Hügelschäfer,4,OP16-042,Prisoner of Impel Down,8
https://onepiece.limitlesstcg.com/decks/list/6799,Green/Blue Luffyby Hanno Hügelschäfer,4,OP15-032,Brook,1
https://onepiece.limitlesstcg.com/decks/list/6799,Green/Blue Luffyby Hanno Hügelschäfer,4,OP16-032,Boa Hancock,3
https://onepiece.limitlesstcg.com/decks/list/6799,Green/Blue Luffyby Hanno Hügelschäfer,4,OP02-068,Gum-Gum Rain,1
https://onepiece.limitlesstcg.com/decks/list/6799,Green/Blue Luffyby Hanno Hügelschäfer,4,OP16-038,Let's Go!! To the Navy Headquarters!!,2
https://onepiece.limitlesstcg.com/decks/list/6799,Green/Blue Luffyby Hanno Hügelschäfer,4,EB01-028,Gum-Gum Champion Rifle,1
https://onepiece.limitlesstcg.com/decks/list/6799,Green/Blue Luffyby Hanno Hügelschäfer,4,OP12-037,Demon Aura Nine Sword Style Asura Blades Drawn Dead Man's Game,1
https://onepiece.limitlesstcg.com/decks/list/6799,Green/Blue Luffyby Hanno Hügelschäfer,4,OP11-061,Gum-Gum Jet Culverin,1
https://onepiece.limitlesstcg.com/decks/list/6799,Green/Blue Luffyby Hanno Hügelschäfer,4,OP06-058,Gravity Blade Raging Tiger,1
https://onepiece.limitlesstcg.com/decks/list/6800,Green/Blue Luffyby Aman,5,OP16-022,Monkey.D.Luffy,1
https://onepiece.limitlesstcg.com/decks/list/6800,Green/Blue Luffyby Aman,5,OP16-034,Monkey.D.Luffy,4
https://onepiece.limitlesstcg.com/decks/list/6800,Green/Blue Luffyby Aman,5,OP16-054,Mr.1(Daz.Bonez),4
https://onepiece.limitlesstcg.com/decks/list/6800,Green/Blue Luffyby Aman,5,OP16-055,Mr.2.Bon.Kurei(Bentham),4
https://onepiece.limitlesstcg.com/decks/list/6800,Green/Blue Luffyby Aman,5,ST30-014,Mr.3(Galdino),2
https://onepiece.limitlesstcg.com/decks/list/6800,Green/Blue Luffyby Aman,5,ST12-010,Emporio.Ivankov,3
https://onepiece.limitlesstcg.com/decks/list/6800,Green/Blue Luffyby Aman,5,OP16-056,Mr.3(Galdino),4
https://onepiece.limitlesstcg.com/decks/list/6800,Green/Blue Luffyby Aman,5,OP16-045,Crocodile,3
https://onepiece.limitlesstcg.com/decks/list/6800,Green/Blue Luffyby Aman,5,OP16-026,Emporio.Ivankov,2
https://onepiece.limitlesstcg.com/decks/list/6800,Green/Blue Luffyby Aman,5,OP16-048,Buggy,4
https://onepiece.limitlesstcg.com/decks/list/6800,Green/Blue Luffyby Aman,5,OP16-042,Prisoner of Impel Down,9
https://onepiece.limitlesstcg.com/decks/list/6800,Green/Blue Luffyby Aman,5,OP15-032,Brook,1
https://onepiece.limitlesstcg.com/decks/list/6800,Green/Blue Luffyby Aman,5,OP16-032,Boa Hancock,3
https://onepiece.limitlesstcg.com/decks/list/6800,Green/Blue Luffyby Aman,5,OP02-068,Gum-Gum Rain,1
https://onepiece.limitlesstcg.com/decks/list/6800,Green/Blue Luffyby Aman,5,OP16-038,Let's Go!! To the Navy Headquarters!!,2
https://onepiece.limitlesstcg.com/decks/list/6800,Green/Blue Luffyby Aman,5,OP12-037,Demon Aura Nine Sword Style Asura Blades Drawn Dead Man's Game,1
https://onepiece.limitlesstcg.com/decks/list/6800,Green/Blue Luffyby Aman,5,OP11-061,Gum-Gum Jet Culverin,1
https://onepiece.limitlesstcg.com/decks/list/6800,Green/Blue Luffyby Aman,5,OP06-058,Gravity Blade Raging Tiger,2
https://onepiece.limitlesstcg.com/decks/list/6801,Green/Blue Luffyby Georgios Militsopoulos,6,OP16-022,Monkey.D.Luffy,1
https://onepiece.limitlesstcg.com/decks/list/6801,Green/Blue Luffyby Georgios Militsopoulos,6,OP16-034,Monkey.D.Luffy,4
https://onepiece.limitlesstcg.com/decks/list/6801,Green/Blue Luffyby Georgios Militsopoulos,6,OP16-054,Mr.1(Daz.Bonez),4
https://onepiece.limitlesstcg.com/decks/list/6801,Green/Blue Luffyby Georgios Militsopoulos,6,OP16-055,Mr.2.Bon.Kurei(Bentham),4
https://onepiece.limitlesstcg.com/decks/list/6801,Green/Blue Luffyby Georgios Militsopoulos,6,ST30-014,Mr.3(Galdino),3
https://onepiece.limitlesstcg.com/decks/list/6801,Green/Blue Luffyby Georgios Militsopoulos,6,ST12-010,Emporio.Ivankov,2
https://onepiece.limitlesstcg.com/decks/list/6801,Green/Blue Luffyby Georgios Militsopoulos,6,OP16-045,Crocodile,4
https://onepiece.limitlesstcg.com/decks/list/6801,Green/Blue Luffyby Georgios Militsopoulos,6,OP16-056,Mr.3(Galdino),4
https://onepiece.limitlesstcg.com/decks/list/6801,Green/Blue Luffyby Georgios Militsopoulos,6,OP16-026,Emporio.Ivankov,1
https://onepiece.limitlesstcg.com/decks/list/6801,Green/Blue Luffyby Georgios Militsopoulos,6,OP16-048,Buggy,4
https://onepiece.limitlesstcg.com/decks/list/6801,Green/Blue Luffyby Georgios Militsopoulos,6,OP16-042,Prisoner of Impel Down,8
https://onepiece.limitlesstcg.com/decks/list/6801,Green/Blue Luffyby Georgios Militsopoulos,6,OP15-032,Brook,1
https://onepiece.limitlesstcg.com/decks/list/6801,Green/Blue Luffyby Georgios Militsopoulos,6,OP16-032,Boa Hancock,2
https://onepiece.limitlesstcg.com/decks/list/6801,Green/Blue Luffyby Georgios Militsopoulos,6,OP02-068,Gum-Gum Rain,1
https://onepiece.limitlesstcg.com/decks/list/6801,Green/Blue Luffyby Georgios Militsopoulos,6,OP16-038,Let's Go!! To the Navy Headquarters!!,3
https://onepiece.limitlesstcg.com/decks/list/6801,Green/Blue Luffyby Georgios Militsopoulos,6,EB01-028,Gum-Gum Champion Rifle,1
https://onepiece.limitlesstcg.com/decks/list/6801,Green/Blue Luffyby Georgios Militsopoulos,6,OP11-061,Gum-Gum Jet Culverin,2
https://onepiece.limitlesstcg.com/decks/list/6801,Green/Blue Luffyby Georgios Militsopoulos,6,OP06-058,Gravity Blade Raging Tiger,2
https://onepiece.limitlesstcg.com/decks/list/6689,Purple Enelby bornax10,7,OP15-058,Enel,1
https://onepiece.limitlesstcg.com/decks/list/6689,Purple Enelby bornax10,7,OP12-071,Charlotte Pudding,4
https://onepiece.limitlesstcg.com/decks/list/6689,Purple Enelby bornax10,7,OP15-061,Ohm,4
https://onepiece.limitlesstcg.com/decks/list/6689,Purple Enelby bornax10,7,OP15-067,Shura,4
https://onepiece.limitlesstcg.com/decks/list/6689,Purple Enelby bornax10,7,OP15-066,Satori,1
https://onepiece.limitlesstcg.com/decks/list/6689,Purple Enelby bornax10,7,OP12-063,Vinsmoke Reiju,4
https://onepiece.limitlesstcg.com/decks/list/6689,Purple Enelby bornax10,7,OP09-072,Franky,3
https://onepiece.limitlesstcg.com/decks/list/6689,Purple Enelby bornax10,7,OP10-067,Senor Pink,2
https://onepiece.limitlesstcg.com/decks/list/6689,Purple Enelby bornax10,7,OP15-118,Enel,4
https://onepiece.limitlesstcg.com/decks/list/6689,Purple Enelby bornax10,7,OP15-075,El Thor,4
https://onepiece.limitlesstcg.com/decks/list/6689,Purple Enelby bornax10,7,OP15-076,Lightning Beast Kiten,4
https://onepiece.limitlesstcg.com/decks/list/6689,Purple Enelby bornax10,7,OP15-077,Lightning Dragon,4
https://onepiece.limitlesstcg.com/decks/list/6689,Purple Enelby bornax10,7,OP15-078,Mamaragan,4
https://onepiece.limitlesstcg.com/decks/list/6689,Purple Enelby bornax10,7,OP15-074,Varie,3
https://onepiece.limitlesstcg.com/decks/list/6689,Purple Enelby bornax10,7,OP13-076,Divine Departure,2
https://onepiece.limitlesstcg.com/decks/list/6689,Purple Enelby bornax10,7,OP05-077,Gamma Knife,3
https://onepiece.limitlesstcg.com/decks/list/6422,Purple Enelby Juan Méndez Casado,8,OP15-058,Enel,1
https://onepiece.limitlesstcg.com/decks/list/6422,Purple Enelby Juan Méndez Casado,8,OP12-071,Charlotte Pudding,4
https://onepiece.limitlesstcg.com/decks/list/6422,Purple Enelby Juan Méndez Casado,8,OP15-061,Ohm,4
https://onepiece.limitlesstcg.com/decks/list/6422,Purple Enelby Juan Méndez Casado,8,OP15-067,Shura,4
https://onepiece.limitlesstcg.com/decks/list/6422,Purple Enelby Juan Méndez Casado,8,OP15-071,Holly,4
https://onepiece.limitlesstcg.com/decks/list/6422,Purple Enelby Juan Méndez Casado,8,OP09-072,Franky,3
https://onepiece.limitlesstcg.com/decks/list/6422,Purple Enelby Juan Méndez Casado,8,OP12-063,Vinsmoke Reiju,2
https://onepiece.limitlesstcg.com/decks/list/6422,Purple Enelby Juan Méndez Casado,8,OP10-067,Senor Pink,1
https://onepiece.limitlesstcg.com/decks/list/6422,Purple Enelby Juan Méndez Casado,8,OP15-118,Enel,4
https://onepiece.limitlesstcg.com/decks/list/6422,Purple Enelby Juan Méndez Casado,8,OP15-060,Enel,1
https://onepiece.limitlesstcg.com/decks/list/6422,Purple Enelby Juan Méndez Casado,8,OP15-075,El Thor,4
https://onepiece.limitlesstcg.com/decks/list/6422,Purple Enelby Juan Méndez Casado,8,OP15-076,Lightning Beast Kiten,4
https://onepiece.limitlesstcg.com/decks/list/6422,Purple Enelby Juan Méndez Casado,8,OP15-077,Lightning Dragon,4
https://onepiece.limitlesstcg.com/decks/list/6422,Purple Enelby Juan Méndez Casado,8,OP15-078,Mamaragan,4
https://onepiece.limitlesstcg.com/decks/list/6422,Purple Enelby Juan Méndez Casado,8,OP15-074,Varie,3
https://onepiece.limitlesstcg.com/decks/list/6422,Purple Enelby Juan Méndez Casado,8,OP13-076,Divine Departure,1
https://onepiece.limitlesstcg.com/decks/list/6422,Purple Enelby Juan Méndez Casado,8,OP05-077,Gamma Knife,3
https://onepiece.limitlesstcg.com/decks/list/6802,Red/Black Kobyby MadLove,9,OP11-001,Koby,1
https://onepiece.limitlesstcg.com/decks/list/6802,Red/Black Kobyby MadLove,9,OP11-004,Kujyaku,4
https://onepiece.limitlesstcg.com/decks/list/6802,Red/Black Kobyby MadLove,9,OP11-082,Aramaki,3
https://onepiece.limitlesstcg.com/decks/list/6802,Red/Black Kobyby MadLove,9,OP11-096,Ripper,3
https://onepiece.limitlesstcg.com/decks/list/6802,Red/Black Kobyby MadLove,9,OP13-007,Ace & Sabo & Luffy,3
https://onepiece.limitlesstcg.com/decks/list/6802,Red/Black Kobyby MadLove,9,EB04-046,Doll,1
https://onepiece.limitlesstcg.com/decks/list/6802,Red/Black Kobyby MadLove,9,EB03-008,Hibari,4
https://onepiece.limitlesstcg.com/decks/list/6802,Red/Black Kobyby MadLove,9,EB04-047,Helmeppo,4
https://onepiece.limitlesstcg.com/decks/list/6802,Red/Black Kobyby MadLove,9,OP11-008,Doll,4
https://onepiece.limitlesstcg.com/decks/list/6802,Red/Black Kobyby MadLove,9,PRB02-001,Koby,4
https://onepiece.limitlesstcg.com/decks/list/6802,Red/Black Kobyby MadLove,9,EB03-041,Kujyaku,3
https://onepiece.limitlesstcg.com/decks/list/6802,Red/Black Kobyby MadLove,9,OP11-092,Helmeppo,4
https://onepiece.limitlesstcg.com/decks/list/6802,Red/Black Kobyby MadLove,9,EB04-044,Koby,4
https://onepiece.limitlesstcg.com/decks/list/6802,Red/Black Kobyby MadLove,9,EB04-003,Smoker & Tashigi,2
https://onepiece.limitlesstcg.com/decks/list/6802,Red/Black Kobyby MadLove,9,OP11-119,Koby,1
https://onepiece.limitlesstcg.com/decks/list/6802,Red/Black Kobyby MadLove,9,OP11-099,I'm Gonna Be a Navy Officer!!!,4
https://onepiece.limitlesstcg.com/decks/list/6802,Red/Black Kobyby MadLove,9,OP11-097,After All These Years I'm Losing My Edge!!!,1
https://onepiece.limitlesstcg.com/decks/list/6802,Red/Black Kobyby MadLove,9,EB04-050,I'll Whip You Into Shape. ♡,1
https://onepiece.limitlesstcg.com/decks/list/6789,Black/Yellow Blackbeardby Yonas Abraham,10,OP16-080,Marshall.D.Teach,1
https://onepiece.limitlesstcg.com/decks/list/6789,Black/Yellow Blackbeardby Yonas Abraham,10,OP16-109,Doc Q,4
https://onepiece.limitlesstcg.com/decks/list/6789,Black/Yellow Blackbeardby Yonas Abraham,10,OP16-110,Vasco Shot,4
https://onepiece.limitlesstcg.com/decks/list/6789,Black/Yellow Blackbeardby Yonas Abraham,10,OP09-095,Laffitte,2
https://onepiece.limitlesstcg.com/decks/list/6789,Black/Yellow Blackbeardby Yonas Abraham,10,OP12-112,Baby 5,4
https://onepiece.limitlesstcg.com/decks/list/6789,Black/Yellow Blackbeardby Yonas Abraham,10,OP16-104,Catarina Devon,4
https://onepiece.limitlesstcg.com/decks/list/6789,Black/Yellow Blackbeardby Yonas Abraham,10,OP09-086,Jesus Burgess,3
https://onepiece.limitlesstcg.com/decks/list/6789,Black/Yellow Blackbeardby Yonas Abraham,10,OP16-106,Sanjuan.Wolf,2
https://onepiece.limitlesstcg.com/decks/list/6789,Black/Yellow Blackbeardby Yonas Abraham,10,EB04-058,Borsalino,4
https://onepiece.limitlesstcg.com/decks/list/6789,Black/Yellow Blackbeardby Yonas Abraham,10,OP16-108,Shiryu,4
https://onepiece.limitlesstcg.com/decks/list/6789,Black/Yellow Blackbeardby Yonas Abraham,10,OP14-108,Silvers Rayleigh,2
https://onepiece.limitlesstcg.com/decks/list/6789,Black/Yellow Blackbeardby Yonas Abraham,10,OP16-119,Marshall.D.Teach,4
https://onepiece.limitlesstcg.com/decks/list/6789,Black/Yellow Blackbeardby Yonas Abraham,10,OP09-093,Marshall.D.Teach,4
https://onepiece.limitlesstcg.com/decks/list/6789,Black/Yellow Blackbeardby Yonas Abraham,10,OP09-096,My Era...Begins!!,2
https://onepiece.limitlesstcg.com/decks/list/6789,Black/Yellow Blackbeardby Yonas Abraham,10,OP16-115,Black Vortex,1
https://onepiece.limitlesstcg.com/decks/list/6789,Black/Yellow Blackbeardby Yonas Abraham,10,OP16-116,Zehahahahaha!,2
https://onepiece.limitlesstcg.com/decks/list/6789,Black/Yellow Blackbeardby Yonas Abraham,10,OP09-099,Fullalead,4
https://onepiece.limitlesstcg.com/decks/list/6803,Blue/Yellow Namiby Maurizio Intini,11,OP11-041,Nami,1
https://onepiece.limitlesstcg.com/decks/list/6803,Blue/Yellow Namiby Maurizio Intini,11,OP14-102,Kumacy,4
https://onepiece.limitlesstcg.com/decks/list/6803,Blue/Yellow Namiby Maurizio Intini,11,OP11-106,Zeus,4
https://onepiece.limitlesstcg.com/decks/list/6803,Blue/Yellow Namiby Maurizio Intini,11,OP06-106,Kouzuki Hiyori,2
https://onepiece.limitlesstcg.com/decks/list/6803,Blue/Yellow Namiby Maurizio Intini,11,OP14-110,Dr. Hogback,4
https://onepiece.limitlesstcg.com/decks/list/6803,Blue/Yellow Namiby Maurizio Intini,11,OP16-056,Mr.3(Galdino),4
https://onepiece.limitlesstcg.com/decks/list/6803,Blue/Yellow Namiby Maurizio Intini,11,OP06-104,Kikunojo,3
https://onepiece.limitlesstcg.com/decks/list/6803,Blue/Yellow Namiby Maurizio Intini,11,OP14-111,Perona,3
https://onepiece.limitlesstcg.com/decks/list/6803,Blue/Yellow Namiby Maurizio Intini,11,PRB02-008,Marco,2
https://onepiece.limitlesstcg.com/decks/list/6803,Blue/Yellow Namiby Maurizio Intini,11,EB03-053,Nami,4
https://onepiece.limitlesstcg.com/decks/list/6803,Blue/Yellow Namiby Maurizio Intini,11,EB04-058,Borsalino,4
https://onepiece.limitlesstcg.com/decks/list/6803,Blue/Yellow Namiby Maurizio Intini,11,OP14-108,Silvers Rayleigh,2
https://onepiece.limitlesstcg.com/decks/list/6803,Blue/Yellow Namiby Maurizio Intini,11,EB03-055,Nico Robin,4
https://onepiece.limitlesstcg.com/decks/list/6803,Blue/Yellow Namiby Maurizio Intini,11,OP14-104,Gecko Moria,4
https://onepiece.limitlesstcg.com/decks/list/6803,Blue/Yellow Namiby Maurizio Intini,11,OP13-042,Edward.Newgate,3
https://onepiece.limitlesstcg.com/decks/list/6803,Blue/Yellow Namiby Maurizio Intini,11,EB04-061,Monkey.D.Luffy,1
https://onepiece.limitlesstcg.com/decks/list/6803,Blue/Yellow Namiby Maurizio Intini,11,OP15-116,Gum-Gum Golden Rifle,1
https://onepiece.limitlesstcg.com/decks/list/6803,Blue/Yellow Namiby Maurizio Intini,11,OP06-058,Gravity Blade Raging Tiger,1
https://onepiece.limitlesstcg.com/decks/list/6804,Green/Blue Luffyby conquest,12,OP16-022,Monkey.D.Luffy,1
https://onepiece.limitlesstcg.com/decks/list/6804,Green/Blue Luffyby conquest,12,OP16-034,Monkey.D.Luffy,4
https://onepiece.limitlesstcg.com/decks/list/6804,Green/Blue Luffyby conquest,12,OP16-054,Mr.1(Daz.Bonez),4
https://onepiece.limitlesstcg.com/decks/list/6804,Green/Blue Luffyby conquest,12,OP16-055,Mr.2.Bon.Kurei(Bentham),4
https://onepiece.limitlesstcg.com/decks/list/6804,Green/Blue Luffyby conquest,12,ST30-014,Mr.3(Galdino),3
https://onepiece.limitlesstcg.com/decks/list/6804,Green/Blue Luffyby conquest,12,OP16-037,Mr.3(Galdino),1
https://onepiece.limitlesstcg.com/decks/list/6804,Green/Blue Luffyby conquest,12,OP16-045,Crocodile,4
https://onepiece.limitlesstcg.com/decks/list/6804,Green/Blue Luffyby conquest,12,OP16-056,Mr.3(Galdino),4
https://onepiece.limitlesstcg.com/decks/list/6804,Green/Blue Luffyby conquest,12,OP16-026,Emporio.Ivankov,2
https://onepiece.limitlesstcg.com/decks/list/6804,Green/Blue Luffyby conquest,12,OP16-048,Buggy,4
https://onepiece.limitlesstcg.com/decks/list/6804,Green/Blue Luffyby conquest,12,OP16-042,Prisoner of Impel Down,8
https://onepiece.limitlesstcg.com/decks/list/6804,Green/Blue Luffyby conquest,12,OP15-032,Brook,1
https://onepiece.limitlesstcg.com/decks/list/6804,Green/Blue Luffyby conquest,12,OP16-032,Boa Hancock,2
https://onepiece.limitlesstcg.com/decks/list/6804,Green/Blue Luffyby conquest,12,OP02-068,Gum-Gum Rain,1
https://onepiece.limitlesstcg.com/decks/list/6804,Green/Blue Luffyby conquest,12,OP16-038,Let's Go!! To the Navy Headquarters!!,2
https://onepiece.limitlesstcg.com/decks/list/6804,Green/Blue Luffyby conquest,12,OP12-037,Demon Aura Nine Sword Style Asura Blades Drawn Dead Man's Game,1
https://onepiece.limitlesstcg.com/decks/list/6804,Green/Blue Luffyby conquest,12,OP13-040,I Know You're Strong... So I'll Go All Out from the Very Start!!!,1
https://onepiece.limitlesstcg.com/decks/list/6804,Green/Blue Luffyby conquest,12,OP11-061,Gum-Gum Jet Culverin,1
https://onepiece.limitlesstcg.com/decks/list/6804,Green/Blue Luffyby conquest,12,OP06-058,Gravity Blade Raging Tiger,3
https://onepiece.limitlesstcg.com/decks/list/6805,Green/Blue Luffyby 3-4 Paweł,13,OP16-022,Monkey.D.Luffy,1
https://onepiece.limitlesstcg.com/decks/list/6805,Green/Blue Luffyby 3-4 Paweł,13,OP16-034,Monkey.D.Luffy,4
https://onepiece.limitlesstcg.com/decks/list/6805,Green/Blue Luffyby 3-4 Paweł,13,OP16-054,Mr.1(Daz.Bonez),4
https://onepiece.limitlesstcg.com/decks/list/6805,Green/Blue Luffyby 3-4 Paweł,13,OP16-055,Mr.2.Bon.Kurei(Bentham),4
https://onepiece.limitlesstcg.com/decks/list/6805,Green/Blue Luffyby 3-4 Paweł,13,ST30-014,Mr.3(Galdino),3
https://onepiece.limitlesstcg.com/decks/list/6805,Green/Blue Luffyby 3-4 Paweł,13,ST12-010,Emporio.Ivankov,2
https://onepiece.limitlesstcg.com/decks/list/6805,Green/Blue Luffyby 3-4 Paweł,13,OP16-056,Mr.3(Galdino),4
https://onepiece.limitlesstcg.com/decks/list/6805,Green/Blue Luffyby 3-4 Paweł,13,OP16-045,Crocodile,3
https://onepiece.limitlesstcg.com/decks/list/6805,Green/Blue Luffyby 3-4 Paweł,13,OP16-026,Emporio.Ivankov,2
https://onepiece.limitlesstcg.com/decks/list/6805,Green/Blue Luffyby 3-4 Paweł,13,OP16-048,Buggy,4
https://onepiece.limitlesstcg.com/decks/list/6805,Green/Blue Luffyby 3-4 Paweł,13,OP16-042,Prisoner of Impel Down,8
https://onepiece.limitlesstcg.com/decks/list/6805,Green/Blue Luffyby 3-4 Paweł,13,OP15-032,Brook,2
https://onepiece.limitlesstcg.com/decks/list/6805,Green/Blue Luffyby 3-4 Paweł,13,OP16-032,Boa Hancock,3
https://onepiece.limitlesstcg.com/decks/list/6805,Green/Blue Luffyby 3-4 Paweł,13,OP02-068,Gum-Gum Rain,1
https://onepiece.limitlesstcg.com/decks/list/6805,Green/Blue Luffyby 3-4 Paweł,13,OP16-038,Let's Go!! To the Navy Headquarters!!,2
https://onepiece.limitlesstcg.com/decks/list/6805,Green/Blue Luffyby 3-4 Paweł,13,OP12-037,Demon Aura Nine Sword Style Asura Blades Drawn Dead Man's Game,1
https://onepiece.limitlesstcg.com/decks/list/6805,Green/Blue Luffyby 3-4 Paweł,13,OP11-061,Gum-Gum Jet Culverin,1
https://onepiece.limitlesstcg.com/decks/list/6805,Green/Blue Luffyby 3-4 Paweł,13,OP06-058,Gravity Blade Raging Tiger,2
https://onepiece.limitlesstcg.com/decks/list/6525,Green/Blue Luffyby Clément Tassa,14,OP16-022,Monkey.D.Luffy,1
https://onepiece.limitlesstcg.com/decks/list/6525,Green/Blue Luffyby Clément Tassa,14,OP16-034,Monkey.D.Luffy,4
https://onepiece.limitlesstcg.com/decks/list/6525,Green/Blue Luffyby Clément Tassa,14,OP16-054,Mr.1(Daz.Bonez),4
https://onepiece.limitlesstcg.com/decks/list/6525,Green/Blue Luffyby Clément Tassa,14,OP16-055,Mr.2.Bon.Kurei(Bentham),4
https://onepiece.limitlesstcg.com/decks/list/6525,Green/Blue Luffyby Clément Tassa,14,ST30-014,Mr.3(Galdino),2
https://onepiece.limitlesstcg.com/decks/list/6525,Green/Blue Luffyby Clément Tassa,14,ST12-010,Emporio.Ivankov,2
https://onepiece.limitlesstcg.com/decks/list/6525,Green/Blue Luffyby Clément Tassa,14,OP16-045,Crocodile,4
https://onepiece.limitlesstcg.com/decks/list/6525,Green/Blue Luffyby Clément Tassa,14,OP16-056,Mr.3(Galdino),4
https://onepiece.limitlesstcg.com/decks/list/6525,Green/Blue Luffyby Clément Tassa,14,OP16-026,Emporio.Ivankov,2
https://onepiece.limitlesstcg.com/decks/list/6525,Green/Blue Luffyby Clément Tassa,14,OP16-048,Buggy,4
https://onepiece.limitlesstcg.com/decks/list/6525,Green/Blue Luffyby Clément Tassa,14,OP16-042,Prisoner of Impel Down,10
https://onepiece.limitlesstcg.com/decks/list/6525,Green/Blue Luffyby Clément Tassa,14,OP15-032,Brook,2
https://onepiece.limitlesstcg.com/decks/list/6525,Green/Blue Luffyby Clément Tassa,14,OP16-032,Boa Hancock,3
https://onepiece.limitlesstcg.com/decks/list/6525,Green/Blue Luffyby Clément Tassa,14,OP02-068,Gum-Gum Rain,1
https://onepiece.limitlesstcg.com/decks/list/6525,Green/Blue Luffyby Clément Tassa,14,OP16-038,Let's Go!! To the Navy Headquarters!!,2
https://onepiece.limitlesstcg.com/decks/list/6525,Green/Blue Luffyby Clément Tassa,14,OP06-058,Gravity Blade Raging Tiger,2
https://onepiece.limitlesstcg.com/decks/list/6806,Purple Enelby Matteo Rimondini,15,OP15-058,Enel,1
https://onepiece.limitlesstcg.com/decks/list/6806,Purple Enelby Matteo Rimondini,15,OP12-071,Charlotte Pudding,4
https://onepiece.limitlesstcg.com/decks/list/6806,Purple Enelby Matteo Rimondini,15,OP15-061,Ohm,4
https://onepiece.limitlesstcg.com/decks/list/6806,Purple Enelby Matteo Rimondini,15,OP15-067,Shura,4
https://onepiece.limitlesstcg.com/decks/list/6806,Purple Enelby Matteo Rimondini,15,OP15-066,Satori,2
https://onepiece.limitlesstcg.com/decks/list/6806,Purple Enelby Matteo Rimondini,15,OP12-063,Vinsmoke Reiju,4
https://onepiece.limitlesstcg.com/decks/list/6806,Purple Enelby Matteo Rimondini,15,OP09-072,Franky,3
https://onepiece.limitlesstcg.com/decks/list/6806,Purple Enelby Matteo Rimondini,15,OP10-067,Senor Pink,3
https://onepiece.limitlesstcg.com/decks/list/6806,Purple Enelby Matteo Rimondini,15,OP15-118,Enel,4
https://onepiece.limitlesstcg.com/decks/list/6806,Purple Enelby Matteo Rimondini,15,OP15-075,El Thor,4
https://onepiece.limitlesstcg.com/decks/list/6806,Purple Enelby Matteo Rimondini,15,OP15-076,Lightning Beast Kiten,4
https://onepiece.limitlesstcg.com/decks/list/6806,Purple Enelby Matteo Rimondini,15,OP15-077,Lightning Dragon,4
https://onepiece.limitlesstcg.com/decks/list/6806,Purple Enelby Matteo Rimondini,15,OP15-078,Mamaragan,4
https://onepiece.limitlesstcg.com/decks/list/6806,Purple Enelby Matteo Rimondini,15,OP15-074,Varie,3
https://onepiece.limitlesstcg.com/decks/list/6806,Purple Enelby Matteo Rimondini,15,OP13-076,Divine Departure,1
https://onepiece.limitlesstcg.com/decks/list/6806,Purple Enelby Matteo Rimondini,15,OP05-077,Gamma Knife,2
https://onepiece.limitlesstcg.com/decks/list/6508,Purple Enelby Luka Forjan,16,OP15-058,Enel,1
https://onepiece.limitlesstcg.com/decks/list/6508,Purple Enelby Luka Forjan,16,OP15-061,Ohm,4
https://onepiece.limitlesstcg.com/decks/list/6508,Purple Enelby Luka Forjan,16,OP15-067,Shura,4
https://onepiece.limitlesstcg.com/decks/list/6508,Purple Enelby Luka Forjan,16,OP12-071,Charlotte Pudding,3
https://onepiece.limitlesstcg.com/decks/list/6508,Purple Enelby Luka Forjan,16,OP15-066,Satori,3
https://onepiece.limitlesstcg.com/decks/list/6508,Purple Enelby Luka Forjan,16,OP12-063,Vinsmoke Reiju,4
https://onepiece.limitlesstcg.com/decks/list/6508,Purple Enelby Luka Forjan,16,OP09-072,Franky,3
https://onepiece.limitlesstcg.com/decks/list/6508,Purple Enelby Luka Forjan,16,OP10-067,Senor Pink,2
https://onepiece.limitlesstcg.com/decks/list/6508,Purple Enelby Luka Forjan,16,OP15-118,Enel,4
https://onepiece.limitlesstcg.com/decks/list/6508,Purple Enelby Luka Forjan,16,OP15-075,El Thor,4
https://onepiece.limitlesstcg.com/decks/list/6508,Purple Enelby Luka Forjan,16,OP15-076,Lightning Beast Kiten,4
https://onepiece.limitlesstcg.com/decks/list/6508,Purple Enelby Luka Forjan,16,OP15-077,Lightning Dragon,4
https://onepiece.limitlesstcg.com/decks/list/6508,Purple Enelby Luka Forjan,16,OP15-078,Mamaragan,4
https://onepiece.limitlesstcg.com/decks/list/6508,Purple Enelby Luka Forjan,16,OP15-074,Varie,3
https://onepiece.limitlesstcg.com/decks/list/6508,Purple Enelby Luka Forjan,16,OP13-076,Divine Departure,1
https://onepiece.limitlesstcg.com/decks/list/6508,Purple Enelby Luka Forjan,16,OP05-077,Gamma Knife,3
https://onepiece.limitlesstcg.com/decks/list/6807,Green/Blue Luffyby Kristian Čurla,17,OP16-022,Monkey.D.Luffy,1
https://onepiece.limitlesstcg.com/decks/list/6807,Green/Blue Luffyby Kristian Čurla,17,OP16-034,Monkey.D.Luffy,4
https://onepiece.limitlesstcg.com/decks/list/6807,Green/Blue Luffyby Kristian Čurla,17,OP16-054,Mr.1(Daz.Bonez),4
https://onepiece.limitlesstcg.com/decks/list/6807,Green/Blue Luffyby Kristian Čurla,17,OP16-055,Mr.2.Bon.Kurei(Bentham),4
https://onepiece.limitlesstcg.com/decks/list/6807,Green/Blue Luffyby Kristian Čurla,17,ST30-014,Mr.3(Galdino),3
https://onepiece.limitlesstcg.com/decks/list/6807,Green/Blue Luffyby Kristian Čurla,17,ST12-010,Emporio.Ivankov,2
https://onepiece.limitlesstcg.com/decks/list/6807,Green/Blue Luffyby Kristian Čurla,17,OP16-056,Mr.3(Galdino),4
https://onepiece.limitlesstcg.com/decks/list/6807,Green/Blue Luffyby Kristian Čurla,17,OP16-045,Crocodile,3
https://onepiece.limitlesstcg.com/decks/list/6807,Green/Blue Luffyby Kristian Čurla,17,OP16-026,Emporio.Ivankov,2
https://onepiece.limitlesstcg.com/decks/list/6807,Green/Blue Luffyby Kristian Čurla,17,OP16-048,Buggy,4
https://onepiece.limitlesstcg.com/decks/list/6807,Green/Blue Luffyby Kristian Čurla,17,OP16-042,Prisoner of Impel Down,8
https://onepiece.limitlesstcg.com/decks/list/6807,Green/Blue Luffyby Kristian Čurla,17,OP15-032,Brook,1
https://onepiece.limitlesstcg.com/decks/list/6807,Green/Blue Luffyby Kristian Čurla,17,OP16-032,Boa Hancock,3
https://onepiece.limitlesstcg.com/decks/list/6807,Green/Blue Luffyby Kristian Čurla,17,OP02-068,Gum-Gum Rain,1
https://onepiece.limitlesstcg.com/decks/list/6807,Green/Blue Luffyby Kristian Čurla,17,OP16-038,Let's Go!! To the Navy Headquarters!!,2
https://onepiece.limitlesstcg.com/decks/list/6807,Green/Blue Luffyby Kristian Čurla,17,OP12-037,Demon Aura Nine Sword Style Asura Blades Drawn Dead Man's Game,1
https://onepiece.limitlesstcg.com/decks/list/6807,Green/Blue Luffyby Kristian Čurla,17,OP13-040,I Know You're Strong... So I'll Go All Out from the Very Start!!!,1
https://onepiece.limitlesstcg.com/decks/list/6807,Green/Blue Luffyby Kristian Čurla,17,OP11-061,Gum-Gum Jet Culverin,2
https://onepiece.limitlesstcg.com/decks/list/6807,Green/Blue Luffyby Kristian Čurla,17,OP06-058,Gravity Blade Raging Tiger,1
https://onepiece.limitlesstcg.com/decks/list/6808,Black Yamatoby lendl,18,OP16-079,Yamato,1
https://onepiece.limitlesstcg.com/decks/list/6808,Black Yamatoby lendl,18,OP16-091,Nami,4
https://onepiece.limitlesstcg.com/decks/list/6808,Black Yamatoby lendl,18,OP16-092,Nico Robin,4
https://onepiece.limitlesstcg.com/decks/list/6808,Black Yamatoby lendl,18,OP16-087,Shinobu,4
https://onepiece.limitlesstcg.com/decks/list/6808,Black Yamatoby lendl,18,OP16-081,Otama,2
https://onepiece.limitlesstcg.com/decks/list/6808,Black Yamatoby lendl,18,OP16-088,Shimotsuki Ushimaru,2
https://onepiece.limitlesstcg.com/decks/list/6808,Black Yamatoby lendl,18,OP16-095,Monkey.D.Luffy,2
https://onepiece.limitlesstcg.com/decks/list/6808,Black Yamatoby lendl,18,OP16-082,Kin'emon,4
https://onepiece.limitlesstcg.com/decks/list/6808,Black Yamatoby lendl,18,OP16-084,Kouzuki Momonosuke,4
https://onepiece.limitlesstcg.com/decks/list/6808,Black Yamatoby lendl,18,OP16-098,Yamato,4
https://onepiece.limitlesstcg.com/decks/list/6808,Black Yamatoby lendl,18,OP15-092,Monkey.D.Luffy,2
https://onepiece.limitlesstcg.com/decks/list/6808,Black Yamatoby lendl,18,OP16-096,Yamato,4
https://onepiece.limitlesstcg.com/decks/list/6808,Black Yamatoby lendl,18,OP16-097,Yamato,4
https://onepiece.limitlesstcg.com/decks/list/6808,Black Yamatoby lendl,18,OP16-085,Kouzuki Momonosuke,4
https://onepiece.limitlesstcg.com/decks/list/6808,Black Yamatoby lendl,18,OP16-099,I've Come Here... To Cut Those Chains!!!,4
https://onepiece.limitlesstcg.com/decks/list/6808,Black Yamatoby lendl,18,OP14-096,Ground Death,2
https://onepiece.limitlesstcg.com/decks/list/6809,Purple Enelby Jake C,19,OP15-058,Enel,1
https://onepiece.limitlesstcg.com/decks/list/6809,Purple Enelby Jake C,19,OP12-071,Charlotte Pudding,4
https://onepiece.limitlesstcg.com/decks/list/6809,Purple Enelby Jake C,19,OP15-061,Ohm,4
https://onepiece.limitlesstcg.com/decks/list/6809,Purple Enelby Jake C,19,OP15-067,Shura,4
https://onepiece.limitlesstcg.com/decks/list/6809,Purple Enelby Jake C,19,OP15-066,Satori,1
https://onepiece.limitlesstcg.com/decks/list/6809,Purple Enelby Jake C,19,OP12-063,Vinsmoke Reiju,4
https://onepiece.limitlesstcg.com/decks/list/6809,Purple Enelby Jake C,19,OP09-072,Franky,3
https://onepiece.limitlesstcg.com/decks/list/6809,Purple Enelby Jake C,19,OP10-067,Senor Pink,2
https://onepiece.limitlesstcg.com/decks/list/6809,Purple Enelby Jake C,19,OP15-118,Enel,4
https://onepiece.limitlesstcg.com/decks/list/6809,Purple Enelby Jake C,19,OP15-060,Enel,1
https://onepiece.limitlesstcg.com/decks/list/6809,Purple Enelby Jake C,19,OP15-075,El Thor,4
https://onepiece.limitlesstcg.com/decks/list/6809,Purple Enelby Jake C,19,OP15-076,Lightning Beast Kiten,4
https://onepiece.limitlesstcg.com/decks/list/6809,Purple Enelby Jake C,19,OP15-077,Lightning Dragon,4
https://onepiece.limitlesstcg.com/decks/list/6809,Purple Enelby Jake C,19,OP15-078,Mamaragan,4
https://onepiece.limitlesstcg.com/decks/list/6809,Purple Enelby Jake C,19,OP13-076,Divine Departure,2
https://onepiece.limitlesstcg.com/decks/list/6809,Purple Enelby Jake C,19,OP15-074,Varie,2
https://onepiece.limitlesstcg.com/decks/list/6809,Purple Enelby Jake C,19,OP05-077,Gamma Knife,3
https://onepiece.limitlesstcg.com/decks/list/6810,Green/Blue Luffyby Zurg,20,OP16-022,Monkey.D.Luffy,1
https://onepiece.limitlesstcg.com/decks/list/6810,Green/Blue Luffyby Zurg,20,OP16-034,Monkey.D.Luffy,4
https://onepiece.limitlesstcg.com/decks/list/6810,Green/Blue Luffyby Zurg,20,OP16-054,Mr.1(Daz.Bonez),4
https://onepiece.limitlesstcg.com/decks/list/6810,Green/Blue Luffyby Zurg,20,OP16-055,Mr.2.Bon.Kurei(Bentham),4
https://onepiece.limitlesstcg.com/decks/list/6810,Green/Blue Luffyby Zurg,20,ST30-014,Mr.3(Galdino),3
https://onepiece.limitlesstcg.com/decks/list/6810,Green/Blue Luffyby Zurg,20,ST12-010,Emporio.Ivankov,2
https://onepiece.limitlesstcg.com/decks/list/6810,Green/Blue Luffyby Zurg,20,OP16-056,Mr.3(Galdino),4
https://onepiece.limitlesstcg.com/decks/list/6810,Green/Blue Luffyby Zurg,20,OP16-045,Crocodile,3
https://onepiece.limitlesstcg.com/decks/list/6810,Green/Blue Luffyby Zurg,20,OP16-026,Emporio.Ivankov,2
https://onepiece.limitlesstcg.com/decks/list/6810,Green/Blue Luffyby Zurg,20,OP16-048,Buggy,4
https://onepiece.limitlesstcg.com/decks/list/6810,Green/Blue Luffyby Zurg,20,OP16-042,Prisoner of Impel Down,9
https://onepiece.limitlesstcg.com/decks/list/6810,Green/Blue Luffyby Zurg,20,OP15-032,Brook,2
https://onepiece.limitlesstcg.com/decks/list/6810,Green/Blue Luffyby Zurg,20,OP16-032,Boa Hancock,2
https://onepiece.limitlesstcg.com/decks/list/6810,Green/Blue Luffyby Zurg,20,OP02-068,Gum-Gum Rain,1
https://onepiece.limitlesstcg.com/decks/list/6810,Green/Blue Luffyby Zurg,20,OP16-038,Let's Go!! To the Navy Headquarters!!,2
https://onepiece.limitlesstcg.com/decks/list/6810,Green/Blue Luffyby Zurg,20,OP12-037,Demon Aura Nine Sword Style Asura Blades Drawn Dead Man's Game,1
https://onepiece.limitlesstcg.com/decks/list/6810,Green/Blue Luffyby Zurg,20,OP11-061,Gum-Gum Jet Culverin,1
https://onepiece.limitlesstcg.com/decks/list/6810,Green/Blue Luffyby Zurg,20,OP06-058,Gravity Blade Raging Tiger,2
https://onepiece.limitlesstcg.com/decks/list/6345,Purple Enelby Donat Abdullahu,21,OP15-058,Enel,1
https://onepiece.limitlesstcg.com/decks/list/6345,Purple Enelby Donat Abdullahu,21,OP12-071,Charlotte Pudding,4
https://onepiece.limitlesstcg.com/decks/list/6345,Purple Enelby Donat Abdullahu,21,OP15-061,Ohm,4
https://onepiece.limitlesstcg.com/decks/list/6345,Purple Enelby Donat Abdullahu,21,OP15-067,Shura,4
https://onepiece.limitlesstcg.com/decks/list/6345,Purple Enelby Donat Abdullahu,21,OP15-066,Satori,2
https://onepiece.limitlesstcg.com/decks/list/6345,Purple Enelby Donat Abdullahu,21,OP12-063,Vinsmoke Reiju,4
https://onepiece.limitlesstcg.com/decks/list/6345,Purple Enelby Donat Abdullahu,21,OP09-072,Franky,3
https://onepiece.limitlesstcg.com/decks/list/6345,Purple Enelby Donat Abdullahu,21,OP10-067,Senor Pink,2
https://onepiece.limitlesstcg.com/decks/list/6345,Purple Enelby Donat Abdullahu,21,OP15-118,Enel,4
https://onepiece.limitlesstcg.com/decks/list/6345,Purple Enelby Donat Abdullahu,21,OP15-075,El Thor,4
https://onepiece.limitlesstcg.com/decks/list/6345,Purple Enelby Donat Abdullahu,21,OP15-076,Lightning Beast Kiten,4
https://onepiece.limitlesstcg.com/decks/list/6345,Purple Enelby Donat Abdullahu,21,OP15-077,Lightning Dragon,4
https://onepiece.limitlesstcg.com/decks/list/6345,Purple Enelby Donat Abdullahu,21,OP15-078,Mamaragan,4
https://onepiece.limitlesstcg.com/decks/list/6345,Purple Enelby Donat Abdullahu,21,OP15-074,Varie,3
https://onepiece.limitlesstcg.com/decks/list/6345,Purple Enelby Donat Abdullahu,21,OP13-076,Divine Departure,1
https://onepiece.limitlesstcg.com/decks/list/6345,Purple Enelby Donat Abdullahu,21,OP05-077,Gamma Knife,3
https://onepiece.limitlesstcg.com/decks/list/6811,Green/Blue Luffyby Jordan,22,OP16-022,Monkey.D.Luffy,1
https://onepiece.limitlesstcg.com/decks/list/6811,Green/Blue Luffyby Jordan,22,OP16-034,Monkey.D.Luffy,4
https://onepiece.limitlesstcg.com/decks/list/6811,Green/Blue Luffyby Jordan,22,OP16-054,Mr.1(Daz.Bonez),4
https://onepiece.limitlesstcg.com/decks/list/6811,Green/Blue Luffyby Jordan,22,OP16-055,Mr.2.Bon.Kurei(Bentham),4
https://onepiece.limitlesstcg.com/decks/list/6811,Green/Blue Luffyby Jordan,22,ST30-014,Mr.3(Galdino),4
https://onepiece.limitlesstcg.com/decks/list/6811,Green/Blue Luffyby Jordan,22,ST12-010,Emporio.Ivankov,2
https://onepiece.limitlesstcg.com/decks/list/6811,Green/Blue Luffyby Jordan,22,OP16-045,Crocodile,4
https://onepiece.limitlesstcg.com/decks/list/6811,Green/Blue Luffyby Jordan,22,OP16-056,Mr.3(Galdino),4
https://onepiece.limitlesstcg.com/decks/list/6811,Green/Blue Luffyby Jordan,22,OP16-026,Emporio.Ivankov,2
https://onepiece.limitlesstcg.com/decks/list/6811,Green/Blue Luffyby Jordan,22,OP16-048,Buggy,4
https://onepiece.limitlesstcg.com/decks/list/6811,Green/Blue Luffyby Jordan,22,OP16-042,Prisoner of Impel Down,8
https://onepiece.limitlesstcg.com/decks/list/6811,Green/Blue Luffyby Jordan,22,OP15-032,Brook,1
https://onepiece.limitlesstcg.com/decks/list/6811,Green/Blue Luffyby Jordan,22,OP16-032,Boa Hancock,2
https://onepiece.limitlesstcg.com/decks/list/6811,Green/Blue Luffyby Jordan,22,OP02-068,Gum-Gum Rain,1
https://onepiece.limitlesstcg.com/decks/list/6811,Green/Blue Luffyby Jordan,22,OP16-038,Let's Go!! To the Navy Headquarters!!,2
https://onepiece.limitlesstcg.com/decks/list/6811,Green/Blue Luffyby Jordan,22,EB01-028,Gum-Gum Champion Rifle,1
https://onepiece.limitlesstcg.com/decks/list/6811,Green/Blue Luffyby Jordan,22,OP12-037,Demon Aura Nine Sword Style Asura Blades Drawn Dead Man's Game,1
https://onepiece.limitlesstcg.com/decks/list/6811,Green/Blue Luffyby Jordan,22,OP11-061,Gum-Gum Jet Culverin,1
https://onepiece.limitlesstcg.com/decks/list/6811,Green/Blue Luffyby Jordan,22,OP06-058,Gravity Blade Raging Tiger,1
https://onepiece.limitlesstcg.com/decks/list/6812,Green Mihawkby Jan Hoffacker,23,OP14-020,Dracule Mihawk,1
https://onepiece.limitlesstcg.com/decks/list/6812,Green Mihawkby Jan Hoffacker,23,EB01-015,Scratchmen Apoo,4
https://onepiece.limitlesstcg.com/decks/list/6812,Green Mihawkby Jan Hoffacker,23,OP12-034,Perona,4
https://onepiece.limitlesstcg.com/decks/list/6812,Green Mihawkby Jan Hoffacker,23,ST02-007,Jewelry Bonney,2
https://onepiece.limitlesstcg.com/decks/list/6812,Green Mihawkby Jan Hoffacker,23,ST24-002,Kid & Killer,4
https://onepiece.limitlesstcg.com/decks/list/6812,Green Mihawkby Jan Hoffacker,23,OP14-032,Humandrill,3
https://onepiece.limitlesstcg.com/decks/list/6812,Green Mihawkby Jan Hoffacker,23,OP12-118,Jewelry Bonney,4
https://onepiece.limitlesstcg.com/decks/list/6812,Green Mihawkby Jan Hoffacker,23,OP07-026,Jewelry Bonney,3
https://onepiece.limitlesstcg.com/decks/list/6812,Green Mihawkby Jan Hoffacker,23,OP12-031,Tashigi,2
https://onepiece.limitlesstcg.com/decks/list/6812,Green Mihawkby Jan Hoffacker,23,OP14-033,Perona,2
https://onepiece.limitlesstcg.com/decks/list/6812,Green Mihawkby Jan Hoffacker,23,OP13-031,Trafalgar Law,4
https://onepiece.limitlesstcg.com/decks/list/6812,Green Mihawkby Jan Hoffacker,23,OP14-027,Shanks,2
https://onepiece.limitlesstcg.com/decks/list/6812,Green Mihawkby Jan Hoffacker,23,OP14-119,Dracule Mihawk,2
https://onepiece.limitlesstcg.com/decks/list/6812,Green Mihawkby Jan Hoffacker,23,ST24-004,Law & Bepo,3
https://onepiece.limitlesstcg.com/decks/list/6812,Green Mihawkby Jan Hoffacker,23,OP13-040,I Know You're Strong... So I'll Go All Out from the Very Start!!!,4
https://onepiece.limitlesstcg.com/decks/list/6812,Green Mihawkby Jan Hoffacker,23,OP06-038,The Billion-fold World Trichiliocosm,2
https://onepiece.limitlesstcg.com/decks/list/6812,Green Mihawkby Jan Hoffacker,23,OP12-037,Demon Aura Nine Sword Style Asura Blades Drawn Dead Man's Game,2
https://onepiece.limitlesstcg.com/decks/list/6812,Green Mihawkby Jan Hoffacker,23,OP08-036,Electrical Luna,1
https://onepiece.limitlesstcg.com/decks/list/6812,Green Mihawkby Jan Hoffacker,23,OP14-039,Coffin Boat,2
https://onepiece.limitlesstcg.com/decks/list/6813,Black/Yellow Blackbeardby JuJu na ledu,24,OP16-080,Marshall.D.Teach,1
https://onepiece.limitlesstcg.com/decks/list/6813,Black/Yellow Blackbeardby JuJu na ledu,24,OP16-110,Vasco Shot,4
https://onepiece.limitlesstcg.com/decks/list/6813,Black/Yellow Blackbeardby JuJu na ledu,24,OP16-103,Van Augur,2
https://onepiece.limitlesstcg.com/decks/list/6813,Black/Yellow Blackbeardby JuJu na ledu,24,OP16-109,Doc Q,2
https://onepiece.limitlesstcg.com/decks/list/6813,Black/Yellow Blackbeardby JuJu na ledu,24,OP16-102,Avalo Pizarro,1
https://onepiece.limitlesstcg.com/decks/list/6813,Black/Yellow Blackbeardby JuJu na ledu,24,OP16-104,Catarina Devon,4
https://onepiece.limitlesstcg.com/decks/list/6813,Black/Yellow Blackbeardby JuJu na ledu,24,OP09-086,Jesus Burgess,3
https://onepiece.limitlesstcg.com/decks/list/6813,Black/Yellow Blackbeardby JuJu na ledu,24,OP12-112,Baby 5,3
https://onepiece.limitlesstcg.com/decks/list/6813,Black/Yellow Blackbeardby JuJu na ledu,24,OP16-106,Sanjuan.Wolf,1
https://onepiece.limitlesstcg.com/decks/list/6813,Black/Yellow Blackbeardby JuJu na ledu,24,EB04-058,Borsalino,4
https://onepiece.limitlesstcg.com/decks/list/6813,Black/Yellow Blackbeardby JuJu na ledu,24,OP16-108,Shiryu,4
https://onepiece.limitlesstcg.com/decks/list/6813,Black/Yellow Blackbeardby JuJu na ledu,24,OP16-119,Marshall.D.Teach,4
https://onepiece.limitlesstcg.com/decks/list/6813,Black/Yellow Blackbeardby JuJu na ledu,24,OP09-093,Marshall.D.Teach,4
https://onepiece.limitlesstcg.com/decks/list/6813,Black/Yellow Blackbeardby JuJu na ledu,24,OP09-096,My Era...Begins!!,4
https://onepiece.limitlesstcg.com/decks/list/6813,Black/Yellow Blackbeardby JuJu na ledu,24,OP14-118,You'll Frighten Me... ♡,2
https://onepiece.limitlesstcg.com/decks/list/6813,Black/Yellow Blackbeardby JuJu na ledu,24,EB04-059,Black Rope Dragon Twister,2
https://onepiece.limitlesstcg.com/decks/list/6813,Black/Yellow Blackbeardby JuJu na ledu,24,OP16-116,Zehahahahaha!,2
https://onepiece.limitlesstcg.com/decks/list/6813,Black/Yellow Blackbeardby JuJu na ledu,24,OP09-099,Fullalead,4
https://onepiece.limitlesstcg.com/decks/list/6814,Purple/Yellow Rosinanteby MMA,25,OP12-061,Donquixote Rosinante,1
https://onepiece.limitlesstcg.com/decks/list/6814,Purple/Yellow Rosinanteby MMA,25,OP12-108,Donquixote Rosinante,4
https://onepiece.limitlesstcg.com/decks/list/6814,Purple/Yellow Rosinanteby MMA,25,OP16-064,Koby,4
https://onepiece.limitlesstcg.com/decks/list/6814,Purple/Yellow Rosinanteby MMA,25,OP16-067,Tsuru,2
https://onepiece.limitlesstcg.com/decks/list/6814,Purple/Yellow Rosinanteby MMA,25,ST10-010,Trafalgar Law,4
https://onepiece.limitlesstcg.com/decks/list/6814,Purple/Yellow Rosinanteby MMA,25,P-088,Trafalgar Law,4
https://onepiece.limitlesstcg.com/decks/list/6814,Purple/Yellow Rosinanteby MMA,25,P-093,Trafalgar Law,4
https://onepiece.limitlesstcg.com/decks/list/6814,Purple/Yellow Rosinanteby MMA,25,EB04-058,Borsalino,4
https://onepiece.limitlesstcg.com/decks/list/6814,Purple/Yellow Rosinanteby MMA,25,EB04-038,Rosinante & Law,4
https://onepiece.limitlesstcg.com/decks/list/6814,Purple/Yellow Rosinanteby MMA,25,OP16-065,Sakazuki,4
https://onepiece.limitlesstcg.com/decks/list/6814,Purple/Yellow Rosinanteby MMA,25,EB03-062,Trafalgar Law,1
https://onepiece.limitlesstcg.com/decks/list/6814,Purple/Yellow Rosinanteby MMA,25,OP15-078,Mamaragan,4
https://onepiece.limitlesstcg.com/decks/list/6814,Purple/Yellow Rosinanteby MMA,25,OP13-076,Divine Departure,1
https://onepiece.limitlesstcg.com/decks/list/6814,Purple/Yellow Rosinanteby MMA,25,OP12-115,I Love You!!,4
https://onepiece.limitlesstcg.com/decks/list/6814,Purple/Yellow Rosinanteby MMA,25,OP07-076,Slow-Slow Beam Sword,1
https://onepiece.limitlesstcg.com/decks/list/6814,Purple/Yellow Rosinanteby MMA,25,OP09-077,Gum-Gum Lightning,1
https://onepiece.limitlesstcg.com/decks/list/6814,Purple/Yellow Rosinanteby MMA,25,OP16-078,Marineford,4
https://onepiece.limitlesstcg.com/decks/list/6717,Purple/Yellow Rosinanteby George Skeparnides,26,OP12-061,Donquixote Rosinante,1
https://onepiece.limitlesstcg.com/decks/list/6717,Purple/Yellow Rosinanteby George Skeparnides,26,OP12-108,Donquixote Rosinante,4
https://onepiece.limitlesstcg.com/decks/list/6717,Purple/Yellow Rosinanteby George Skeparnides,26,OP16-064,Koby,4
https://onepiece.limitlesstcg.com/decks/list/6717,Purple/Yellow Rosinanteby George Skeparnides,26,OP16-067,Tsuru,1
https://onepiece.limitlesstcg.com/decks/list/6717,Purple/Yellow Rosinanteby George Skeparnides,26,P-088,Trafalgar Law,4
https://onepiece.limitlesstcg.com/decks/list/6717,Purple/Yellow Rosinanteby George Skeparnides,26,P-093,Trafalgar Law,4
https://onepiece.limitlesstcg.com/decks/list/6717,Purple/Yellow Rosinanteby George Skeparnides,26,ST10-010,Trafalgar Law,3
https://onepiece.limitlesstcg.com/decks/list/6717,Purple/Yellow Rosinanteby George Skeparnides,26,OP16-068,Trafalgar Law,2
https://onepiece.limitlesstcg.com/decks/list/6717,Purple/Yellow Rosinanteby George Skeparnides,26,EB04-058,Borsalino,4
https://onepiece.limitlesstcg.com/decks/list/6717,Purple/Yellow Rosinanteby George Skeparnides,26,EB04-038,Rosinante & Law,4
https://onepiece.limitlesstcg.com/decks/list/6717,Purple/Yellow Rosinanteby George Skeparnides,26,OP16-065,Sakazuki,4
https://onepiece.limitlesstcg.com/decks/list/6717,Purple/Yellow Rosinanteby George Skeparnides,26,OP15-078,Mamaragan,4
https://onepiece.limitlesstcg.com/decks/list/6717,Purple/Yellow Rosinanteby George Skeparnides,26,OP13-076,Divine Departure,2
https://onepiece.limitlesstcg.com/decks/list/6717,Purple/Yellow Rosinanteby George Skeparnides,26,OP12-115,I Love You!!,4
https://onepiece.limitlesstcg.com/decks/list/6717,Purple/Yellow Rosinanteby George Skeparnides,26,OP09-077,Gum-Gum Lightning,2
https://onepiece.limitlesstcg.com/decks/list/6717,Purple/Yellow Rosinanteby George Skeparnides,26,OP16-078,Marineford,4
https://onepiece.limitlesstcg.com/decks/list/6815,Black/Yellow Blackbeardby On1,27,OP16-080,Marshall.D.Teach,1
https://onepiece.limitlesstcg.com/decks/list/6815,Black/Yellow Blackbeardby On1,27,OP16-110,Vasco Shot,4
https://onepiece.limitlesstcg.com/decks/list/6815,Black/Yellow Blackbeardby On1,27,OP16-103,Van Augur,3
https://onepiece.limitlesstcg.com/decks/list/6815,Black/Yellow Blackbeardby On1,27,OP16-102,Avalo Pizarro,2
https://onepiece.limitlesstcg.com/decks/list/6815,Black/Yellow Blackbeardby On1,27,OP16-109,Doc Q,1
https://onepiece.limitlesstcg.com/decks/list/6815,Black/Yellow Blackbeardby On1,27,OP09-086,Jesus Burgess,4
https://onepiece.limitlesstcg.com/decks/list/6815,Black/Yellow Blackbeardby On1,27,OP12-112,Baby 5,4
https://onepiece.limitlesstcg.com/decks/list/6815,Black/Yellow Blackbeardby On1,27,OP16-104,Catarina Devon,4
https://onepiece.limitlesstcg.com/decks/list/6815,Black/Yellow Blackbeardby On1,27,EB04-058,Borsalino,4
https://onepiece.limitlesstcg.com/decks/list/6815,Black/Yellow Blackbeardby On1,27,OP16-108,Shiryu,4
https://onepiece.limitlesstcg.com/decks/list/6815,Black/Yellow Blackbeardby On1,27,OP16-119,Marshall.D.Teach,4
https://onepiece.limitlesstcg.com/decks/list/6815,Black/Yellow Blackbeardby On1,27,OP09-093,Marshall.D.Teach,4
https://onepiece.limitlesstcg.com/decks/list/6815,Black/Yellow Blackbeardby On1,27,OP09-096,My Era...Begins!!,4
https://onepiece.limitlesstcg.com/decks/list/6815,Black/Yellow Blackbeardby On1,27,OP14-118,You'll Frighten Me... ♡,1
https://onepiece.limitlesstcg.com/decks/list/6815,Black/Yellow Blackbeardby On1,27,OP16-116,Zehahahahaha!,3
https://onepiece.limitlesstcg.com/decks/list/6815,Black/Yellow Blackbeardby On1,27,OP09-099,Fullalead,4
https://onepiece.limitlesstcg.com/decks/list/6816,Purple/Yellow Rosinanteby Cinnas,28,OP12-061,Donquixote Rosinante,1
https://onepiece.limitlesstcg.com/decks/list/6816,Purple/Yellow Rosinanteby Cinnas,28,OP16-064,Koby,4
https://onepiece.limitlesstcg.com/decks/list/6816,Purple/Yellow Rosinanteby Cinnas,28,OP12-108,Donquixote Rosinante,2
https://onepiece.limitlesstcg.com/decks/list/6816,Purple/Yellow Rosinanteby Cinnas,28,OP10-114,X.Drake,2
https://onepiece.limitlesstcg.com/decks/list/6816,Purple/Yellow Rosinanteby Cinnas,28,ST10-010,Trafalgar Law,4
https://onepiece.limitlesstcg.com/decks/list/6816,Purple/Yellow Rosinanteby Cinnas,28,P-088,Trafalgar Law,4
https://onepiece.limitlesstcg.com/decks/list/6816,Purple/Yellow Rosinanteby Cinnas,28,P-093,Trafalgar Law,4
https://onepiece.limitlesstcg.com/decks/list/6816,Purple/Yellow Rosinanteby Cinnas,28,EB04-058,Borsalino,4
https://onepiece.limitlesstcg.com/decks/list/6816,Purple/Yellow Rosinanteby Cinnas,28,EB04-038,Rosinante & Law,4
https://onepiece.limitlesstcg.com/decks/list/6816,Purple/Yellow Rosinanteby Cinnas,28,OP16-065,Sakazuki,4
https://onepiece.limitlesstcg.com/decks/list/6816,Purple/Yellow Rosinanteby Cinnas,28,EB03-062,Trafalgar Law,1
https://onepiece.limitlesstcg.com/decks/list/6816,Purple/Yellow Rosinanteby Cinnas,28,OP15-078,Mamaragan,4
https://onepiece.limitlesstcg.com/decks/list/6816,Purple/Yellow Rosinanteby Cinnas,28,OP13-076,Divine Departure,1
https://onepiece.limitlesstcg.com/decks/list/6816,Purple/Yellow Rosinanteby Cinnas,28,OP12-115,I Love You!!,4
https://onepiece.limitlesstcg.com/decks/list/6816,Purple/Yellow Rosinanteby Cinnas,28,OP09-077,Gum-Gum Lightning,3
https://onepiece.limitlesstcg.com/decks/list/6816,Purple/Yellow Rosinanteby Cinnas,28,OP07-076,Slow-Slow Beam Sword,1
https://onepiece.limitlesstcg.com/decks/list/6816,Purple/Yellow Rosinanteby Cinnas,28,OP16-078,Marineford,4
https://onepiece.limitlesstcg.com/decks/list/6817,Green/Blue Luffyby Gligi,29,OP16-022,Monkey.D.Luffy,1
https://onepiece.limitlesstcg.com/decks/list/6817,Green/Blue Luffyby Gligi,29,OP16-034,Monkey.D.Luffy,4
https://onepiece.limitlesstcg.com/decks/list/6817,Green/Blue Luffyby Gligi,29,OP16-054,Mr.1(Daz.Bonez),4
https://onepiece.limitlesstcg.com/decks/list/6817,Green/Blue Luffyby Gligi,29,OP16-055,Mr.2.Bon.Kurei(Bentham),4
https://onepiece.limitlesstcg.com/decks/list/6817,Green/Blue Luffyby Gligi,29,ST30-014,Mr.3(Galdino),3
https://onepiece.limitlesstcg.com/decks/list/6817,Green/Blue Luffyby Gligi,29,ST12-010,Emporio.Ivankov,2
https://onepiece.limitlesstcg.com/decks/list/6817,Green/Blue Luffyby Gligi,29,OP16-056,Mr.3(Galdino),4
https://onepiece.limitlesstcg.com/decks/list/6817,Green/Blue Luffyby Gligi,29,OP16-026,Emporio.Ivankov,3
https://onepiece.limitlesstcg.com/decks/list/6817,Green/Blue Luffyby Gligi,29,OP16-045,Crocodile,3
https://onepiece.limitlesstcg.com/decks/list/6817,Green/Blue Luffyby Gligi,29,OP16-048,Buggy,4
https://onepiece.limitlesstcg.com/decks/list/6817,Green/Blue Luffyby Gligi,29,OP16-042,Prisoner of Impel Down,10
https://onepiece.limitlesstcg.com/decks/list/6817,Green/Blue Luffyby Gligi,29,OP15-032,Brook,1
https://onepiece.limitlesstcg.com/decks/list/6817,Green/Blue Luffyby Gligi,29,OP16-032,Boa Hancock,2
https://onepiece.limitlesstcg.com/decks/list/6817,Green/Blue Luffyby Gligi,29,OP02-068,Gum-Gum Rain,1
https://onepiece.limitlesstcg.com/decks/list/6817,Green/Blue Luffyby Gligi,29,OP16-038,Let's Go!! To the Navy Headquarters!!,2
https://onepiece.limitlesstcg.com/decks/list/6817,Green/Blue Luffyby Gligi,29,OP12-037,Demon Aura Nine Sword Style Asura Blades Drawn Dead Man's Game,1
https://onepiece.limitlesstcg.com/decks/list/6817,Green/Blue Luffyby Gligi,29,OP11-061,Gum-Gum Jet Culverin,1
https://onepiece.limitlesstcg.com/decks/list/6817,Green/Blue Luffyby Gligi,29,OP06-058,Gravity Blade Raging Tiger,1
https://onepiece.limitlesstcg.com/decks/list/6818,Purple/Yellow Rosinanteby AWES0M0,30,OP12-061,Donquixote Rosinante,1
https://onepiece.limitlesstcg.com/decks/list/6818,Purple/Yellow Rosinanteby AWES0M0,30,OP12-108,Donquixote Rosinante,4
https://onepiece.limitlesstcg.com/decks/list/6818,Purple/Yellow Rosinanteby AWES0M0,30,OP16-064,Koby,4
https://onepiece.limitlesstcg.com/decks/list/6818,Purple/Yellow Rosinanteby AWES0M0,30,OP16-067,Tsuru,2
https://onepiece.limitlesstcg.com/decks/list/6818,Purple/Yellow Rosinanteby AWES0M0,30,P-088,Trafalgar Law,4
https://onepiece.limitlesstcg.com/decks/list/6818,Purple/Yellow Rosinanteby AWES0M0,30,P-093,Trafalgar Law,4
https://onepiece.limitlesstcg.com/decks/list/6818,Purple/Yellow Rosinanteby AWES0M0,30,ST10-010,Trafalgar Law,3
https://onepiece.limitlesstcg.com/decks/list/6818,Purple/Yellow Rosinanteby AWES0M0,30,EB04-058,Borsalino,4
https://onepiece.limitlesstcg.com/decks/list/6818,Purple/Yellow Rosinanteby AWES0M0,30,EB04-038,Rosinante & Law,4
https://onepiece.limitlesstcg.com/decks/list/6818,Purple/Yellow Rosinanteby AWES0M0,30,OP16-065,Sakazuki,4
https://onepiece.limitlesstcg.com/decks/list/6818,Purple/Yellow Rosinanteby AWES0M0,30,OP15-078,Mamaragan,4
https://onepiece.limitlesstcg.com/decks/list/6818,Purple/Yellow Rosinanteby AWES0M0,30,OP13-076,Divine Departure,2
https://onepiece.limitlesstcg.com/decks/list/6818,Purple/Yellow Rosinanteby AWES0M0,30,OP12-115,I Love You!!,4
https://onepiece.limitlesstcg.com/decks/list/6818,Purple/Yellow Rosinanteby AWES0M0,30,OP09-077,Gum-Gum Lightning,2
https://onepiece.limitlesstcg.com/decks/list/6818,Purple/Yellow Rosinanteby AWES0M0,30,OP07-076,Slow-Slow Beam Sword,1
https://onepiece.limitlesstcg.com/decks/list/6818,Purple/Yellow Rosinanteby AWES0M0,30,OP16-078,Marineford,4
https://onepiece.limitlesstcg.com/decks/list/6715,Blue/Yellow Namiby Hassan,31,OP11-041,Nami,1
https://onepiece.limitlesstcg.com/decks/list/6715,Blue/Yellow Namiby Hassan,31,OP11-106,Zeus,4
https://onepiece.limitlesstcg.com/decks/list/6715,Blue/Yellow Namiby Hassan,31,P-096,Girl,4
https://onepiece.limitlesstcg.com/decks/list/6715,Blue/Yellow Namiby Hassan,31,OP16-056,Mr.3(Galdino),4
https://onepiece.limitlesstcg.com/decks/list/6715,Blue/Yellow Namiby Hassan,31,OP10-049,Sabo,3
https://onepiece.limitlesstcg.com/decks/list/6715,Blue/Yellow Namiby Hassan,31,OP12-112,Baby 5,3
https://onepiece.limitlesstcg.com/decks/list/6715,Blue/Yellow Namiby Hassan,31,EB03-053,Nami,4
https://onepiece.limitlesstcg.com/decks/list/6715,Blue/Yellow Namiby Hassan,31,OP15-114,Wyper,4
https://onepiece.limitlesstcg.com/decks/list/6715,Blue/Yellow Namiby Hassan,31,OP15-119,Monkey.D.Luffy,4
https://onepiece.limitlesstcg.com/decks/list/6715,Blue/Yellow Namiby Hassan,31,EB04-058,Borsalino,4
https://onepiece.limitlesstcg.com/decks/list/6715,Blue/Yellow Namiby Hassan,31,EB03-024,Nefeltari Vivi,3
https://onepiece.limitlesstcg.com/decks/list/6715,Blue/Yellow Namiby Hassan,31,EB03-055,Nico Robin,4
https://onepiece.limitlesstcg.com/decks/list/6715,Blue/Yellow Namiby Hassan,31,OP15-109,Nico Robin,4
https://onepiece.limitlesstcg.com/decks/list/6715,Blue/Yellow Namiby Hassan,31,OP13-042,Edward.Newgate,3
https://onepiece.limitlesstcg.com/decks/list/6715,Blue/Yellow Namiby Hassan,31,OP06-058,Gravity Blade Raging Tiger,2
https://onepiece.limitlesstcg.com/decks/list/6819,Black/Yellow Blackbeardby Carmine Avallone,32,OP16-080,Marshall.D.Teach,1
https://onepiece.limitlesstcg.com/decks/list/6819,Black/Yellow Blackbeardby Carmine Avallone,32,OP16-110,Vasco Shot,4
https://onepiece.limitlesstcg.com/decks/list/6819,Black/Yellow Blackbeardby Carmine Avallone,32,OP16-109,Doc Q,3
https://onepiece.limitlesstcg.com/decks/list/6819,Black/Yellow Blackbeardby Carmine Avallone,32,OP16-102,Avalo Pizarro,2
https://onepiece.limitlesstcg.com/decks/list/6819,Black/Yellow Blackbeardby Carmine Avallone,32,OP09-086,Jesus Burgess,4
https://onepiece.limitlesstcg.com/decks/list/6819,Black/Yellow Blackbeardby Carmine Avallone,32,OP16-104,Catarina Devon,4
https://onepiece.limitlesstcg.com/decks/list/6819,Black/Yellow Blackbeardby Carmine Avallone,32,OP12-112,Baby 5,2
https://onepiece.limitlesstcg.com/decks/list/6819,Black/Yellow Blackbeardby Carmine Avallone,32,EB04-058,Borsalino,4
https://onepiece.limitlesstcg.com/decks/list/6819,Black/Yellow Blackbeardby Carmine Avallone,32,OP15-114,Wyper,3
https://onepiece.limitlesstcg.com/decks/list/6819,Black/Yellow Blackbeardby Carmine Avallone,32,OP16-108,Shiryu,4
https://onepiece.limitlesstcg.com/decks/list/6819,Black/Yellow Blackbeardby Carmine Avallone,32,OP16-119,Marshall.D.Teach,4
https://onepiece.limitlesstcg.com/decks/list/6819,Black/Yellow Blackbeardby Carmine Avallone,32,OP09-093,Marshall.D.Teach,3
https://onepiece.limitlesstcg.com/decks/list/6819,Black/Yellow Blackbeardby Carmine Avallone,32,OP09-096,My Era...Begins!!,4
https://onepiece.limitlesstcg.com/decks/list/6819,Black/Yellow Blackbeardby Carmine Avallone,32,EB04-059,Black Rope Dragon Twister,3
https://onepiece.limitlesstcg.com/decks/list/6819,Black/Yellow Blackbeardby Carmine Avallone,32,OP16-116,Zehahahahaha!,2
https://onepiece.limitlesstcg.com/decks/list/6819,Black/Yellow Blackbeardby Carmine Avallone,32,OP09-099,Fullalead,4
https://onepiece.limitlesstcg.com/decks/list/6345,Purple Enelby Fabian Godglück,1,OP15-058,Enel,1
https://onepiece.limitlesstcg.com/decks/list/6345,Purple Enelby Fabian Godglück,1,OP12-071,Charlotte Pudding,4
https://onepiece.limitlesstcg.com/decks/list/6345,Purple Enelby Fabian Godglück,1,OP15-061,Ohm,4
https://onepiece.limitlesstcg.com/decks/list/6345,Purple Enelby Fabian Godglück,1,OP15-067,Shura,4
https://onepiece.limitlesstcg.com/decks/list/6345,Purple Enelby Fabian Godglück,1,OP15-066,Satori,2
https://onepiece.limitlesstcg.com/decks/list/6345,Purple Enelby Fabian Godglück,1,OP12-063,Vinsmoke Reiju,4
https://onepiece.limitlesstcg.com/decks/list/6345,Purple Enelby Fabian Godglück,1,OP09-072,Franky,3
https://onepiece.limitlesstcg.com/decks/list/6345,Purple Enelby Fabian Godglück,1,OP10-067,Senor Pink,2
https://onepiece.limitlesstcg.com/decks/list/6345,Purple Enelby Fabian Godglück,1,OP15-118,Enel,4
https://onepiece.limitlesstcg.com/decks/list/6345,Purple Enelby Fabian Godglück,1,OP15-075,El Thor,4
https://onepiece.limitlesstcg.com/decks/list/6345,Purple Enelby Fabian Godglück,1,OP15-076,Lightning Beast Kiten,4
https://onepiece.limitlesstcg.com/decks/list/6345,Purple Enelby Fabian Godglück,1,OP15-077,Lightning Dragon,4
https://onepiece.limitlesstcg.com/decks/list/6345,Purple Enelby Fabian Godglück,1,OP15-078,Mamaragan,4
https://onepiece.limitlesstcg.com/decks/list/6345,Purple Enelby Fabian Godglück,1,OP15-074,Varie,3
https://onepiece.limitlesstcg.com/decks/list/6345,Purple Enelby Fabian Godglück,1,OP13-076,Divine Departure,1
https://onepiece.limitlesstcg.com/decks/list/6345,Purple Enelby Fabian Godglück,1,OP05-077,Gamma Knife,3
https://onepiece.limitlesstcg.com/decks/list/6537,Green/Blue Luffyby Syuge,2,OP16-022,Monkey.D.Luffy,1
https://onepiece.limitlesstcg.com/decks/list/6537,Green/Blue Luffyby Syuge,2,OP16-034,Monkey.D.Luffy,4
https://onepiece.limitlesstcg.com/decks/list/6537,Green/Blue Luffyby Syuge,2,OP16-054,Mr.1(Daz.Bonez),4
https://onepiece.limitlesstcg.com/decks/list/6537,Green/Blue Luffyby Syuge,2,OP16-055,Mr.2.Bon.Kurei(Bentham),4
https://onepiece.limitlesstcg.com/decks/list/6537,Green/Blue Luffyby Syuge,2,ST30-014,Mr.3(Galdino),3
https://onepiece.limitlesstcg.com/decks/list/6537,Green/Blue Luffyby Syuge,2,ST12-010,Emporio.Ivankov,2
https://onepiece.limitlesstcg.com/decks/list/6537,Green/Blue Luffyby Syuge,2,OP16-045,Crocodile,4
https://onepiece.limitlesstcg.com/decks/list/6537,Green/Blue Luffyby Syuge,2,OP16-056,Mr.3(Galdino),4
https://onepiece.limitlesstcg.com/decks/list/6537,Green/Blue Luffyby Syuge,2,OP16-026,Emporio.Ivankov,2
https://onepiece.limitlesstcg.com/decks/list/6537,Green/Blue Luffyby Syuge,2,OP16-048,Buggy,4
https://onepiece.limitlesstcg.com/decks/list/6537,Green/Blue Luffyby Syuge,2,OP16-042,Prisoner of Impel Down,9
https://onepiece.limitlesstcg.com/decks/list/6537,Green/Blue Luffyby Syuge,2,OP15-032,Brook,1
https://onepiece.limitlesstcg.com/decks/list/6537,Green/Blue Luffyby Syuge,2,OP16-032,Boa Hancock,2
https://onepiece.limitlesstcg.com/decks/list/6537,Green/Blue Luffyby Syuge,2,OP02-068,Gum-Gum Rain,1
https://onepiece.limitlesstcg.com/decks/list/6537,Green/Blue Luffyby Syuge,2,OP16-038,Let's Go!! To the Navy Headquarters!!,2
https://onepiece.limitlesstcg.com/decks/list/6537,Green/Blue Luffyby Syuge,2,EB01-028,Gum-Gum Champion Rifle,1
https://onepiece.limitlesstcg.com/decks/list/6537,Green/Blue Luffyby Syuge,2,OP12-037,Demon Aura Nine Sword Style Asura Blades Drawn Dead Man's Game,1
https://onepiece.limitlesstcg.com/decks/list/6537,Green/Blue Luffyby Syuge,2,OP11-061,Gum-Gum Jet Culverin,1
https://onepiece.limitlesstcg.com/decks/list/6537,Green/Blue Luffyby Syuge,2,OP06-058,Gravity Blade Raging Tiger,1
https://onepiece.limitlesstcg.com/decks/list/6716,Purple Enelby LordRafa,3,OP15-058,Enel,1
https://onepiece.limitlesstcg.com/decks/list/6716,Purple Enelby LordRafa,3,OP12-071,Charlotte Pudding,4
https://onepiece.limitlesstcg.com/decks/list/6716,Purple Enelby LordRafa,3,OP15-061,Ohm,4
https://onepiece.limitlesstcg.com/decks/list/6716,Purple Enelby LordRafa,3,OP15-067,Shura,4
https://onepiece.limitlesstcg.com/decks/list/6716,Purple Enelby LordRafa,3,OP15-071,Holly,3
https://onepiece.limitlesstcg.com/decks/list/6716,Purple Enelby LordRafa,3,OP12-063,Vinsmoke Reiju,3
https://onepiece.limitlesstcg.com/decks/list/6716,Purple Enelby LordRafa,3,OP09-072,Franky,2
https://onepiece.limitlesstcg.com/decks/list/6716,Purple Enelby LordRafa,3,OP10-067,Senor Pink,2
https://onepiece.limitlesstcg.com/decks/list/6716,Purple Enelby LordRafa,3,OP15-118,Enel,4
https://onepiece.limitlesstcg.com/decks/list/6716,Purple Enelby LordRafa,3,OP15-075,El Thor,4
https://onepiece.limitlesstcg.com/decks/list/6716,Purple Enelby LordRafa,3,OP15-076,Lightning Beast Kiten,4
https://onepiece.limitlesstcg.com/decks/list/6716,Purple Enelby LordRafa,3,OP15-077,Lightning Dragon,4
https://onepiece.limitlesstcg.com/decks/list/6716,Purple Enelby LordRafa,3,OP15-078,Mamaragan,4
https://onepiece.limitlesstcg.com/decks/list/6716,Purple Enelby LordRafa,3,OP15-074,Varie,3
https://onepiece.limitlesstcg.com/decks/list/6716,Purple Enelby LordRafa,3,OP13-076,Divine Departure,2
https://onepiece.limitlesstcg.com/decks/list/6716,Purple Enelby LordRafa,3,OP05-077,Gamma Knife,3
https://onepiece.limitlesstcg.com/decks/list/6434,Purple Enelby Tairsu,4,OP15-058,Enel,1
https://onepiece.limitlesstcg.com/decks/list/6434,Purple Enelby Tairsu,4,OP12-071,Charlotte Pudding,4
https://onepiece.limitlesstcg.com/decks/list/6434,Purple Enelby Tairsu,4,OP15-061,Ohm,4
https://onepiece.limitlesstcg.com/decks/list/6434,Purple Enelby Tairsu,4,OP15-067,Shura,4
https://onepiece.limitlesstcg.com/decks/list/6434,Purple Enelby Tairsu,4,OP15-071,Holly,3
https://onepiece.limitlesstcg.com/decks/list/6434,Purple Enelby Tairsu,4,OP12-063,Vinsmoke Reiju,4
https://onepiece.limitlesstcg.com/decks/list/6434,Purple Enelby Tairsu,4,ST10-010,Trafalgar Law,1
https://onepiece.limitlesstcg.com/decks/list/6434,Purple Enelby Tairsu,4,OP10-067,Senor Pink,2
https://onepiece.limitlesstcg.com/decks/list/6434,Purple Enelby Tairsu,4,OP15-118,Enel,4
https://onepiece.limitlesstcg.com/decks/list/6434,Purple Enelby Tairsu,4,OP15-075,El Thor,4
https://onepiece.limitlesstcg.com/decks/list/6434,Purple Enelby Tairsu,4,OP15-076,Lightning Beast Kiten,4
https://onepiece.limitlesstcg.com/decks/list/6434,Purple Enelby Tairsu,4,OP15-077,Lightning Dragon,4
https://onepiece.limitlesstcg.com/decks/list/6434,Purple Enelby Tairsu,4,OP15-078,Mamaragan,4
https://onepiece.limitlesstcg.com/decks/list/6434,Purple Enelby Tairsu,4,OP15-074,Varie,3
https://onepiece.limitlesstcg.com/decks/list/6434,Purple Enelby Tairsu,4,OP13-076,Divine Departure,1
https://onepiece.limitlesstcg.com/decks/list/6434,Purple Enelby Tairsu,4,OP05-077,Gamma Knife,3
https://onepiece.limitlesstcg.com/decks/list/6434,Purple Enelby Tairsu,4,OP09-077,Gum-Gum Lightning,1
https://onepiece.limitlesstcg.com/decks/list/6717,Purple/Yellow Rosinanteby George Skeparnides,5,OP12-061,Donquixote Rosinante,1
https://onepiece.limitlesstcg.com/decks/list/6717,Purple/Yellow Rosinanteby George Skeparnides,5,OP12-108,Donquixote Rosinante,4
https://onepiece.limitlesstcg.com/decks/list/6717,Purple/Yellow Rosinanteby George Skeparnides,5,OP16-064,Koby,4
https://onepiece.limitlesstcg.com/decks/list/6717,Purple/Yellow Rosinanteby George Skeparnides,5,OP16-067,Tsuru,1
https://onepiece.limitlesstcg.com/decks/list/6717,Purple/Yellow Rosinanteby George Skeparnides,5,P-088,Trafalgar Law,4
https://onepiece.limitlesstcg.com/decks/list/6717,Purple/Yellow Rosinanteby George Skeparnides,5,P-093,Trafalgar Law,4
https://onepiece.limitlesstcg.com/decks/list/6717,Purple/Yellow Rosinanteby George Skeparnides,5,ST10-010,Trafalgar Law,3
https://onepiece.limitlesstcg.com/decks/list/6717,Purple/Yellow Rosinanteby George Skeparnides,5,OP16-068,Trafalgar Law,2
https://onepiece.limitlesstcg.com/decks/list/6717,Purple/Yellow Rosinanteby George Skeparnides,5,EB04-058,Borsalino,4
https://onepiece.limitlesstcg.com/decks/list/6717,Purple/Yellow Rosinanteby George Skeparnides,5,EB04-038,Rosinante & Law,4
https://onepiece.limitlesstcg.com/decks/list/6717,Purple/Yellow Rosinanteby George Skeparnides,5,OP16-065,Sakazuki,4
https://onepiece.limitlesstcg.com/decks/list/6717,Purple/Yellow Rosinanteby George Skeparnides,5,OP15-078,Mamaragan,4
https://onepiece.limitlesstcg.com/decks/list/6717,Purple/Yellow Rosinanteby George Skeparnides,5,OP13-076,Divine Departure,2
https://onepiece.limitlesstcg.com/decks/list/6717,Purple/Yellow Rosinanteby George Skeparnides,5,OP12-115,I Love You!!,4
https://onepiece.limitlesstcg.com/decks/list/6717,Purple/Yellow Rosinanteby George Skeparnides,5,OP09-077,Gum-Gum Lightning,2
https://onepiece.limitlesstcg.com/decks/list/6717,Purple/Yellow Rosinanteby George Skeparnides,5,OP16-078,Marineford,4
https://onepiece.limitlesstcg.com/decks/list/6345,Purple Enelby Moo,6,OP15-058,Enel,1
https://onepiece.limitlesstcg.com/decks/list/6345,Purple Enelby Moo,6,OP12-071,Charlotte Pudding,4
https://onepiece.limitlesstcg.com/decks/list/6345,Purple Enelby Moo,6,OP15-061,Ohm,4
https://onepiece.limitlesstcg.com/decks/list/6345,Purple Enelby Moo,6,OP15-067,Shura,4
https://onepiece.limitlesstcg.com/decks/list/6345,Purple Enelby Moo,6,OP15-066,Satori,2
https://onepiece.limitlesstcg.com/decks/list/6345,Purple Enelby Moo,6,OP12-063,Vinsmoke Reiju,4
https://onepiece.limitlesstcg.com/decks/list/6345,Purple Enelby Moo,6,OP09-072,Franky,3
https://onepiece.limitlesstcg.com/decks/list/6345,Purple Enelby Moo,6,OP10-067,Senor Pink,2
https://onepiece.limitlesstcg.com/decks/list/6345,Purple Enelby Moo,6,OP15-118,Enel,4
https://onepiece.limitlesstcg.com/decks/list/6345,Purple Enelby Moo,6,OP15-075,El Thor,4
https://onepiece.limitlesstcg.com/decks/list/6345,Purple Enelby Moo,6,OP15-076,Lightning Beast Kiten,4
https://onepiece.limitlesstcg.com/decks/list/6345,Purple Enelby Moo,6,OP15-077,Lightning Dragon,4
https://onepiece.limitlesstcg.com/decks/list/6345,Purple Enelby Moo,6,OP15-078,Mamaragan,4
https://onepiece.limitlesstcg.com/decks/list/6345,Purple Enelby Moo,6,OP15-074,Varie,3
https://onepiece.limitlesstcg.com/decks/list/6345,Purple Enelby Moo,6,OP13-076,Divine Departure,1
https://onepiece.limitlesstcg.com/decks/list/6345,Purple Enelby Moo,6,OP05-077,Gamma Knife,3
https://onepiece.limitlesstcg.com/decks/list/6718,Green/Blue Luffyby esteveg7,7,OP16-022,Monkey.D.Luffy,1
https://onepiece.limitlesstcg.com/decks/list/6718,Green/Blue Luffyby esteveg7,7,OP16-034,Monkey.D.Luffy,4
https://onepiece.limitlesstcg.com/decks/list/6718,Green/Blue Luffyby esteveg7,7,OP16-054,Mr.1(Daz.Bonez),4
https://onepiece.limitlesstcg.com/decks/list/6718,Green/Blue Luffyby esteveg7,7,OP16-055,Mr.2.Bon.Kurei(Bentham),4
https://onepiece.limitlesstcg.com/decks/list/6718,Green/Blue Luffyby esteveg7,7,ST30-014,Mr.3(Galdino),3
https://onepiece.limitlesstcg.com/decks/list/6718,Green/Blue Luffyby esteveg7,7,ST12-010,Emporio.Ivankov,2
https://onepiece.limitlesstcg.com/decks/list/6718,Green/Blue Luffyby esteveg7,7,OP16-056,Mr.3(Galdino),4
https://onepiece.limitlesstcg.com/decks/list/6718,Green/Blue Luffyby esteveg7,7,OP16-045,Crocodile,3
https://onepiece.limitlesstcg.com/decks/list/6718,Green/Blue Luffyby esteveg7,7,OP16-026,Emporio.Ivankov,2
https://onepiece.limitlesstcg.com/decks/list/6718,Green/Blue Luffyby esteveg7,7,OP16-048,Buggy,4
https://onepiece.limitlesstcg.com/decks/list/6718,Green/Blue Luffyby esteveg7,7,OP16-042,Prisoner of Impel Down,9
https://onepiece.limitlesstcg.com/decks/list/6718,Green/Blue Luffyby esteveg7,7,OP15-032,Brook,2
https://onepiece.limitlesstcg.com/decks/list/6718,Green/Blue Luffyby esteveg7,7,OP16-032,Boa Hancock,3
https://onepiece.limitlesstcg.com/decks/list/6718,Green/Blue Luffyby esteveg7,7,OP02-068,Gum-Gum Rain,1
https://onepiece.limitlesstcg.com/decks/list/6718,Green/Blue Luffyby esteveg7,7,OP16-038,Let's Go!! To the Navy Headquarters!!,2
https://onepiece.limitlesstcg.com/decks/list/6718,Green/Blue Luffyby esteveg7,7,OP12-037,Demon Aura Nine Sword Style Asura Blades Drawn Dead Man's Game,1
https://onepiece.limitlesstcg.com/decks/list/6718,Green/Blue Luffyby esteveg7,7,OP11-061,Gum-Gum Jet Culverin,1
https://onepiece.limitlesstcg.com/decks/list/6718,Green/Blue Luffyby esteveg7,7,OP06-058,Gravity Blade Raging Tiger,1
https://onepiece.limitlesstcg.com/decks/list/6717,Purple/Yellow Rosinanteby Jamie,8,OP12-061,Donquixote Rosinante,1
https://onepiece.limitlesstcg.com/decks/list/6717,Purple/Yellow Rosinanteby Jamie,8,OP12-108,Donquixote Rosinante,4
https://onepiece.limitlesstcg.com/decks/list/6717,Purple/Yellow Rosinanteby Jamie,8,OP16-064,Koby,4
https://onepiece.limitlesstcg.com/decks/list/6717,Purple/Yellow Rosinanteby Jamie,8,OP16-067,Tsuru,1
https://onepiece.limitlesstcg.com/decks/list/6717,Purple/Yellow Rosinanteby Jamie,8,P-088,Trafalgar Law,4
https://onepiece.limitlesstcg.com/decks/list/6717,Purple/Yellow Rosinanteby Jamie,8,P-093,Trafalgar Law,4
https://onepiece.limitlesstcg.com/decks/list/6717,Purple/Yellow Rosinanteby Jamie,8,ST10-010,Trafalgar Law,3
https://onepiece.limitlesstcg.com/decks/list/6717,Purple/Yellow Rosinanteby Jamie,8,OP16-068,Trafalgar Law,2
https://onepiece.limitlesstcg.com/decks/list/6717,Purple/Yellow Rosinanteby Jamie,8,EB04-058,Borsalino,4
https://onepiece.limitlesstcg.com/decks/list/6717,Purple/Yellow Rosinanteby Jamie,8,EB04-038,Rosinante & Law,4
https://onepiece.limitlesstcg.com/decks/list/6717,Purple/Yellow Rosinanteby Jamie,8,OP16-065,Sakazuki,4
https://onepiece.limitlesstcg.com/decks/list/6717,Purple/Yellow Rosinanteby Jamie,8,OP15-078,Mamaragan,4
https://onepiece.limitlesstcg.com/decks/list/6717,Purple/Yellow Rosinanteby Jamie,8,OP13-076,Divine Departure,2
https://onepiece.limitlesstcg.com/decks/list/6717,Purple/Yellow Rosinanteby Jamie,8,OP12-115,I Love You!!,4
https://onepiece.limitlesstcg.com/decks/list/6717,Purple/Yellow Rosinanteby Jamie,8,OP09-077,Gum-Gum Lightning,2
https://onepiece.limitlesstcg.com/decks/list/6717,Purple/Yellow Rosinanteby Jamie,8,OP16-078,Marineford,4
https://onepiece.limitlesstcg.com/decks/list/6719,Green Mihawkby Rodd,9,OP14-020,Dracule Mihawk,1
https://onepiece.limitlesstcg.com/decks/list/6719,Green Mihawkby Rodd,9,EB01-015,Scratchmen Apoo,4
https://onepiece.limitlesstcg.com/decks/list/6719,Green Mihawkby Rodd,9,OP12-034,Perona,4
https://onepiece.limitlesstcg.com/decks/list/6719,Green Mihawkby Rodd,9,ST02-007,Jewelry Bonney,2
https://onepiece.limitlesstcg.com/decks/list/6719,Green Mihawkby Rodd,9,ST24-002,Kid & Killer,4
https://onepiece.limitlesstcg.com/decks/list/6719,Green Mihawkby Rodd,9,OP14-032,Humandrill,2
https://onepiece.limitlesstcg.com/decks/list/6719,Green Mihawkby Rodd,9,PRB02-006,Roronoa Zoro,1
https://onepiece.limitlesstcg.com/decks/list/6719,Green Mihawkby Rodd,9,OP12-118,Jewelry Bonney,4
https://onepiece.limitlesstcg.com/decks/list/6719,Green Mihawkby Rodd,9,OP07-026,Jewelry Bonney,3
https://onepiece.limitlesstcg.com/decks/list/6719,Green Mihawkby Rodd,9,OP12-031,Tashigi,3
https://onepiece.limitlesstcg.com/decks/list/6719,Green Mihawkby Rodd,9,OP14-033,Perona,2
https://onepiece.limitlesstcg.com/decks/list/6719,Green Mihawkby Rodd,9,OP13-031,Trafalgar Law,4
https://onepiece.limitlesstcg.com/decks/list/6719,Green Mihawkby Rodd,9,OP14-119,Dracule Mihawk,2
https://onepiece.limitlesstcg.com/decks/list/6719,Green Mihawkby Rodd,9,ST24-004,Law & Bepo,3
https://onepiece.limitlesstcg.com/decks/list/6719,Green Mihawkby Rodd,9,OP13-040,I Know You're Strong... So I'll Go All Out from the Very Start!!!,4
https://onepiece.limitlesstcg.com/decks/list/6719,Green Mihawkby Rodd,9,OP06-038,The Billion-fold World Trichiliocosm,2
https://onepiece.limitlesstcg.com/decks/list/6719,Green Mihawkby Rodd,9,OP12-037,Demon Aura Nine Sword Style Asura Blades Drawn Dead Man's Game,2
https://onepiece.limitlesstcg.com/decks/list/6719,Green Mihawkby Rodd,9,OP08-036,Electrical Luna,2
https://onepiece.limitlesstcg.com/decks/list/6719,Green Mihawkby Rodd,9,OP14-039,Coffin Boat,2
https://onepiece.limitlesstcg.com/decks/list/6720,Green/Blue Luffyby Akris01,10,OP16-022,Monkey.D.Luffy,1
https://onepiece.limitlesstcg.com/decks/list/6720,Green/Blue Luffyby Akris01,10,OP16-034,Monkey.D.Luffy,4
https://onepiece.limitlesstcg.com/decks/list/6720,Green/Blue Luffyby Akris01,10,OP16-054,Mr.1(Daz.Bonez),4
https://onepiece.limitlesstcg.com/decks/list/6720,Green/Blue Luffyby Akris01,10,OP16-055,Mr.2.Bon.Kurei(Bentham),4
https://onepiece.limitlesstcg.com/decks/list/6720,Green/Blue Luffyby Akris01,10,ST30-014,Mr.3(Galdino),3
https://onepiece.limitlesstcg.com/decks/list/6720,Green/Blue Luffyby Akris01,10,ST12-010,Emporio.Ivankov,2
https://onepiece.limitlesstcg.com/decks/list/6720,Green/Blue Luffyby Akris01,10,OP16-045,Crocodile,4
https://onepiece.limitlesstcg.com/decks/list/6720,Green/Blue Luffyby Akris01,10,OP16-056,Mr.3(Galdino),4
https://onepiece.limitlesstcg.com/decks/list/6720,Green/Blue Luffyby Akris01,10,OP16-026,Emporio.Ivankov,2
https://onepiece.limitlesstcg.com/decks/list/6720,Green/Blue Luffyby Akris01,10,OP16-048,Buggy,4
https://onepiece.limitlesstcg.com/decks/list/6720,Green/Blue Luffyby Akris01,10,OP16-042,Prisoner of Impel Down,9
https://onepiece.limitlesstcg.com/decks/list/6720,Green/Blue Luffyby Akris01,10,OP15-032,Brook,2
https://onepiece.limitlesstcg.com/decks/list/6720,Green/Blue Luffyby Akris01,10,OP16-032,Boa Hancock,2
https://onepiece.limitlesstcg.com/decks/list/6720,Green/Blue Luffyby Akris01,10,OP02-068,Gum-Gum Rain,1
https://onepiece.limitlesstcg.com/decks/list/6720,Green/Blue Luffyby Akris01,10,OP16-038,Let's Go!! To the Navy Headquarters!!,2
https://onepiece.limitlesstcg.com/decks/list/6720,Green/Blue Luffyby Akris01,10,OP12-037,Demon Aura Nine Sword Style Asura Blades Drawn Dead Man's Game,1
https://onepiece.limitlesstcg.com/decks/list/6720,Green/Blue Luffyby Akris01,10,OP06-058,Gravity Blade Raging Tiger,2
https://onepiece.limitlesstcg.com/decks/list/6509,Red/Black Kobyby Marc@@@1,11,OP11-001,Koby,1
https://onepiece.limitlesstcg.com/decks/list/6509,Red/Black Kobyby Marc@@@1,11,OP11-004,Kujyaku,4
https://onepiece.limitlesstcg.com/decks/list/6509,Red/Black Kobyby Marc@@@1,11,OP11-082,Aramaki,4
https://onepiece.limitlesstcg.com/decks/list/6509,Red/Black Kobyby Marc@@@1,11,OP11-096,Ripper,4
https://onepiece.limitlesstcg.com/decks/list/6509,Red/Black Kobyby Marc@@@1,11,OP13-007,Ace & Sabo & Luffy,3
https://onepiece.limitlesstcg.com/decks/list/6509,Red/Black Kobyby Marc@@@1,11,EB03-008,Hibari,4
https://onepiece.limitlesstcg.com/decks/list/6509,Red/Black Kobyby Marc@@@1,11,EB04-047,Helmeppo,4
https://onepiece.limitlesstcg.com/decks/list/6509,Red/Black Kobyby Marc@@@1,11,OP11-008,Doll,4
https://onepiece.limitlesstcg.com/decks/list/6509,Red/Black Kobyby Marc@@@1,11,PRB02-001,Koby,4
https://onepiece.limitlesstcg.com/decks/list/6509,Red/Black Kobyby Marc@@@1,11,EB03-041,Kujyaku,3
https://onepiece.limitlesstcg.com/decks/list/6509,Red/Black Kobyby Marc@@@1,11,OP11-092,Helmeppo,4
https://onepiece.limitlesstcg.com/decks/list/6509,Red/Black Kobyby Marc@@@1,11,EB04-044,Koby,4
https://onepiece.limitlesstcg.com/decks/list/6509,Red/Black Kobyby Marc@@@1,11,EB04-003,Smoker & Tashigi,2
https://onepiece.limitlesstcg.com/decks/list/6509,Red/Black Kobyby Marc@@@1,11,OP11-099,I'm Gonna Be a Navy Officer!!!,4
https://onepiece.limitlesstcg.com/decks/list/6509,Red/Black Kobyby Marc@@@1,11,OP14-096,Ground Death,2
https://onepiece.limitlesstcg.com/decks/list/6721,Black/Yellow Blackbeardby Yuri Del Governatore,12,OP16-080,Marshall.D.Teach,1
https://onepiece.limitlesstcg.com/decks/list/6721,Black/Yellow Blackbeardby Yuri Del Governatore,12,OP16-102,Avalo Pizarro,4
https://onepiece.limitlesstcg.com/decks/list/6721,Black/Yellow Blackbeardby Yuri Del Governatore,12,OP16-110,Vasco Shot,4
https://onepiece.limitlesstcg.com/decks/list/6721,Black/Yellow Blackbeardby Yuri Del Governatore,12,OP09-095,Laffitte,2
https://onepiece.limitlesstcg.com/decks/list/6721,Black/Yellow Blackbeardby Yuri Del Governatore,12,OP16-109,Doc Q,2
https://onepiece.limitlesstcg.com/decks/list/6721,Black/Yellow Blackbeardby Yuri Del Governatore,12,OP09-086,Jesus Burgess,4
https://onepiece.limitlesstcg.com/decks/list/6721,Black/Yellow Blackbeardby Yuri Del Governatore,12,OP16-104,Catarina Devon,4
https://onepiece.limitlesstcg.com/decks/list/6721,Black/Yellow Blackbeardby Yuri Del Governatore,12,OP16-106,Sanjuan.Wolf,2
https://onepiece.limitlesstcg.com/decks/list/6721,Black/Yellow Blackbeardby Yuri Del Governatore,12,EB04-058,Borsalino,4
https://onepiece.limitlesstcg.com/decks/list/6721,Black/Yellow Blackbeardby Yuri Del Governatore,12,OP16-108,Shiryu,4
https://onepiece.limitlesstcg.com/decks/list/6721,Black/Yellow Blackbeardby Yuri Del Governatore,12,OP16-119,Marshall.D.Teach,4
https://onepiece.limitlesstcg.com/decks/list/6721,Black/Yellow Blackbeardby Yuri Del Governatore,12,OP09-093,Marshall.D.Teach,3
https://onepiece.limitlesstcg.com/decks/list/6721,Black/Yellow Blackbeardby Yuri Del Governatore,12,OP09-096,My Era...Begins!!,4
https://onepiece.limitlesstcg.com/decks/list/6721,Black/Yellow Blackbeardby Yuri Del Governatore,12,EB04-059,Black Rope Dragon Twister,3
https://onepiece.limitlesstcg.com/decks/list/6721,Black/Yellow Blackbeardby Yuri Del Governatore,12,OP16-116,Zehahahahaha!,2
https://onepiece.limitlesstcg.com/decks/list/6721,Black/Yellow Blackbeardby Yuri Del Governatore,12,OP09-099,Fullalead,4
https://onepiece.limitlesstcg.com/decks/list/6434,Purple Enelby Balanced,13,OP15-058,Enel,1
https://onepiece.limitlesstcg.com/decks/list/6434,Purple Enelby Balanced,13,OP12-071,Charlotte Pudding,4
https://onepiece.limitlesstcg.com/decks/list/6434,Purple Enelby Balanced,13,OP15-061,Ohm,4
https://onepiece.limitlesstcg.com/decks/list/6434,Purple Enelby Balanced,13,OP15-067,Shura,4
https://onepiece.limitlesstcg.com/decks/list/6434,Purple Enelby Balanced,13,OP15-071,Holly,3
https://onepiece.limitlesstcg.com/decks/list/6434,Purple Enelby Balanced,13,OP12-063,Vinsmoke Reiju,4
https://onepiece.limitlesstcg.com/decks/list/6434,Purple Enelby Balanced,13,ST10-010,Trafalgar Law,1
https://onepiece.limitlesstcg.com/decks/list/6434,Purple Enelby Balanced,13,OP10-067,Senor Pink,2
https://onepiece.limitlesstcg.com/decks/list/6434,Purple Enelby Balanced,13,OP15-118,Enel,4
https://onepiece.limitlesstcg.com/decks/list/6434,Purple Enelby Balanced,13,OP15-075,El Thor,4
https://onepiece.limitlesstcg.com/decks/list/6434,Purple Enelby Balanced,13,OP15-076,Lightning Beast Kiten,4
https://onepiece.limitlesstcg.com/decks/list/6434,Purple Enelby Balanced,13,OP15-077,Lightning Dragon,4
https://onepiece.limitlesstcg.com/decks/list/6434,Purple Enelby Balanced,13,OP15-078,Mamaragan,4
https://onepiece.limitlesstcg.com/decks/list/6434,Purple Enelby Balanced,13,OP15-074,Varie,3
https://onepiece.limitlesstcg.com/decks/list/6434,Purple Enelby Balanced,13,OP13-076,Divine Departure,1
https://onepiece.limitlesstcg.com/decks/list/6434,Purple Enelby Balanced,13,OP05-077,Gamma Knife,3
https://onepiece.limitlesstcg.com/decks/list/6434,Purple Enelby Balanced,13,OP09-077,Gum-Gum Lightning,1
https://onepiece.limitlesstcg.com/decks/list/6689,Purple Enelby bornax10,14,OP15-058,Enel,1
https://onepiece.limitlesstcg.com/decks/list/6689,Purple Enelby bornax10,14,OP12-071,Charlotte Pudding,4
https://onepiece.limitlesstcg.com/decks/list/6689,Purple Enelby bornax10,14,OP15-061,Ohm,4
https://onepiece.limitlesstcg.com/decks/list/6689,Purple Enelby bornax10,14,OP15-067,Shura,4
https://onepiece.limitlesstcg.com/decks/list/6689,Purple Enelby bornax10,14,OP15-066,Satori,1
https://onepiece.limitlesstcg.com/decks/list/6689,Purple Enelby bornax10,14,OP12-063,Vinsmoke Reiju,4
https://onepiece.limitlesstcg.com/decks/list/6689,Purple Enelby bornax10,14,OP09-072,Franky,3
https://onepiece.limitlesstcg.com/decks/list/6689,Purple Enelby bornax10,14,OP10-067,Senor Pink,2
https://onepiece.limitlesstcg.com/decks/list/6689,Purple Enelby bornax10,14,OP15-118,Enel,4
https://onepiece.limitlesstcg.com/decks/list/6689,Purple Enelby bornax10,14,OP15-075,El Thor,4
https://onepiece.limitlesstcg.com/decks/list/6689,Purple Enelby bornax10,14,OP15-076,Lightning Beast Kiten,4
https://onepiece.limitlesstcg.com/decks/list/6689,Purple Enelby bornax10,14,OP15-077,Lightning Dragon,4
https://onepiece.limitlesstcg.com/decks/list/6689,Purple Enelby bornax10,14,OP15-078,Mamaragan,4
https://onepiece.limitlesstcg.com/decks/list/6689,Purple Enelby bornax10,14,OP15-074,Varie,3
https://onepiece.limitlesstcg.com/decks/list/6689,Purple Enelby bornax10,14,OP13-076,Divine Departure,2
https://onepiece.limitlesstcg.com/decks/list/6689,Purple Enelby bornax10,14,OP05-077,Gamma Knife,3
https://onepiece.limitlesstcg.com/decks/list/6722,Purple Enelby Meikel,15,OP15-058,Enel,1
https://onepiece.limitlesstcg.com/decks/list/6722,Purple Enelby Meikel,15,OP12-071,Charlotte Pudding,4
https://onepiece.limitlesstcg.com/decks/list/6722,Purple Enelby Meikel,15,OP15-061,Ohm,4
https://onepiece.limitlesstcg.com/decks/list/6722,Purple Enelby Meikel,15,OP15-067,Shura,4
https://onepiece.limitlesstcg.com/decks/list/6722,Purple Enelby Meikel,15,OP09-072,Franky,4
https://onepiece.limitlesstcg.com/decks/list/6722,Purple Enelby Meikel,15,OP12-063,Vinsmoke Reiju,3
https://onepiece.limitlesstcg.com/decks/list/6722,Purple Enelby Meikel,15,ST10-010,Trafalgar Law,1
https://onepiece.limitlesstcg.com/decks/list/6722,Purple Enelby Meikel,15,OP10-067,Senor Pink,1
https://onepiece.limitlesstcg.com/decks/list/6722,Purple Enelby Meikel,15,OP15-118,Enel,4
https://onepiece.limitlesstcg.com/decks/list/6722,Purple Enelby Meikel,15,OP07-064,Sanji,1
https://onepiece.limitlesstcg.com/decks/list/6722,Purple Enelby Meikel,15,OP15-060,Enel,1
https://onepiece.limitlesstcg.com/decks/list/6722,Purple Enelby Meikel,15,OP15-075,El Thor,4
https://onepiece.limitlesstcg.com/decks/list/6722,Purple Enelby Meikel,15,OP15-076,Lightning Beast Kiten,4
https://onepiece.limitlesstcg.com/decks/list/6722,Purple Enelby Meikel,15,OP15-077,Lightning Dragon,4
https://onepiece.limitlesstcg.com/decks/list/6722,Purple Enelby Meikel,15,OP15-078,Mamaragan,4
https://onepiece.limitlesstcg.com/decks/list/6722,Purple Enelby Meikel,15,OP15-074,Varie,3
https://onepiece.limitlesstcg.com/decks/list/6722,Purple Enelby Meikel,15,OP13-076,Divine Departure,1
https://onepiece.limitlesstcg.com/decks/list/6722,Purple Enelby Meikel,15,OP05-077,Gamma Knife,3
https://onepiece.limitlesstcg.com/decks/list/6723,Green/Blue Luffyby Angelo Truscello,16,OP16-022,Monkey.D.Luffy,1
https://onepiece.limitlesstcg.com/decks/list/6723,Green/Blue Luffyby Angelo Truscello,16,OP16-034,Monkey.D.Luffy,4
https://onepiece.limitlesstcg.com/decks/list/6723,Green/Blue Luffyby Angelo Truscello,16,OP16-054,Mr.1(Daz.Bonez),4
https://onepiece.limitlesstcg.com/decks/list/6723,Green/Blue Luffyby Angelo Truscello,16,OP16-055,Mr.2.Bon.Kurei(Bentham),4
https://onepiece.limitlesstcg.com/decks/list/6723,Green/Blue Luffyby Angelo Truscello,16,ST30-014,Mr.3(Galdino),3
https://onepiece.limitlesstcg.com/decks/list/6723,Green/Blue Luffyby Angelo Truscello,16,ST12-010,Emporio.Ivankov,2
https://onepiece.limitlesstcg.com/decks/list/6723,Green/Blue Luffyby Angelo Truscello,16,OP16-045,Crocodile,4
https://onepiece.limitlesstcg.com/decks/list/6723,Green/Blue Luffyby Angelo Truscello,16,OP16-056,Mr.3(Galdino),4
https://onepiece.limitlesstcg.com/decks/list/6723,Green/Blue Luffyby Angelo Truscello,16,OP16-026,Emporio.Ivankov,3
https://onepiece.limitlesstcg.com/decks/list/6723,Green/Blue Luffyby Angelo Truscello,16,OP16-048,Buggy,4
https://onepiece.limitlesstcg.com/decks/list/6723,Green/Blue Luffyby Angelo Truscello,16,OP16-042,Prisoner of Impel Down,9
https://onepiece.limitlesstcg.com/decks/list/6723,Green/Blue Luffyby Angelo Truscello,16,OP15-032,Brook,1
https://onepiece.limitlesstcg.com/decks/list/6723,Green/Blue Luffyby Angelo Truscello,16,OP16-032,Boa Hancock,2
https://onepiece.limitlesstcg.com/decks/list/6723,Green/Blue Luffyby Angelo Truscello,16,OP02-068,Gum-Gum Rain,1
https://onepiece.limitlesstcg.com/decks/list/6723,Green/Blue Luffyby Angelo Truscello,16,OP16-038,Let's Go!! To the Navy Headquarters!!,2
https://onepiece.limitlesstcg.com/decks/list/6723,Green/Blue Luffyby Angelo Truscello,16,OP12-037,Demon Aura Nine Sword Style Asura Blades Drawn Dead Man's Game,1
https://onepiece.limitlesstcg.com/decks/list/6723,Green/Blue Luffyby Angelo Truscello,16,OP06-058,Gravity Blade Raging Tiger,2
https://onepiece.limitlesstcg.com/decks/list/6690,Black/Yellow Blackbeardby Tom Kaiser,1,OP16-080,Marshall.D.Teach,1
https://onepiece.limitlesstcg.com/decks/list/6690,Black/Yellow Blackbeardby Tom Kaiser,1,OP16-110,Vasco Shot,4
https://onepiece.limitlesstcg.com/decks/list/6690,Black/Yellow Blackbeardby Tom Kaiser,1,OP16-109,Doc Q,3
https://onepiece.limitlesstcg.com/decks/list/6690,Black/Yellow Blackbeardby Tom Kaiser,1,OP16-102,Avalo Pizarro,2
https://onepiece.limitlesstcg.com/decks/list/6690,Black/Yellow Blackbeardby Tom Kaiser,1,OP16-103,Van Augur,1
https://onepiece.limitlesstcg.com/decks/list/6690,Black/Yellow Blackbeardby Tom Kaiser,1,OP09-086,Jesus Burgess,4
https://onepiece.limitlesstcg.com/decks/list/6690,Black/Yellow Blackbeardby Tom Kaiser,1,OP16-104,Catarina Devon,4
https://onepiece.limitlesstcg.com/decks/list/6690,Black/Yellow Blackbeardby Tom Kaiser,1,OP16-106,Sanjuan.Wolf,1
https://onepiece.limitlesstcg.com/decks/list/6690,Black/Yellow Blackbeardby Tom Kaiser,1,EB04-058,Borsalino,4
https://onepiece.limitlesstcg.com/decks/list/6690,Black/Yellow Blackbeardby Tom Kaiser,1,OP15-114,Wyper,3
https://onepiece.limitlesstcg.com/decks/list/6690,Black/Yellow Blackbeardby Tom Kaiser,1,OP16-108,Shiryu,4
https://onepiece.limitlesstcg.com/decks/list/6690,Black/Yellow Blackbeardby Tom Kaiser,1,OP16-119,Marshall.D.Teach,4
https://onepiece.limitlesstcg.com/decks/list/6690,Black/Yellow Blackbeardby Tom Kaiser,1,OP09-093,Marshall.D.Teach,3
https://onepiece.limitlesstcg.com/decks/list/6690,Black/Yellow Blackbeardby Tom Kaiser,1,OP09-096,My Era...Begins!!,4
https://onepiece.limitlesstcg.com/decks/list/6690,Black/Yellow Blackbeardby Tom Kaiser,1,EB04-059,Black Rope Dragon Twister,3
https://onepiece.limitlesstcg.com/decks/list/6690,Black/Yellow Blackbeardby Tom Kaiser,1,OP16-116,Zehahahahaha!,2
https://onepiece.limitlesstcg.com/decks/list/6690,Black/Yellow Blackbeardby Tom Kaiser,1,OP09-099,Fullalead,4
https://onepiece.limitlesstcg.com/decks/list/6508,Purple Enelby Luka Forjan,2,OP15-058,Enel,1
https://onepiece.limitlesstcg.com/decks/list/6508,Purple Enelby Luka Forjan,2,OP15-061,Ohm,4
https://onepiece.limitlesstcg.com/decks/list/6508,Purple Enelby Luka Forjan,2,OP15-067,Shura,4
https://onepiece.limitlesstcg.com/decks/list/6508,Purple Enelby Luka Forjan,2,OP12-071,Charlotte Pudding,3
https://onepiece.limitlesstcg.com/decks/list/6508,Purple Enelby Luka Forjan,2,OP15-066,Satori,3
https://onepiece.limitlesstcg.com/decks/list/6508,Purple Enelby Luka Forjan,2,OP12-063,Vinsmoke Reiju,4
https://onepiece.limitlesstcg.com/decks/list/6508,Purple Enelby Luka Forjan,2,OP09-072,Franky,3
https://onepiece.limitlesstcg.com/decks/list/6508,Purple Enelby Luka Forjan,2,OP10-067,Senor Pink,2
https://onepiece.limitlesstcg.com/decks/list/6508,Purple Enelby Luka Forjan,2,OP15-118,Enel,4
https://onepiece.limitlesstcg.com/decks/list/6508,Purple Enelby Luka Forjan,2,OP15-075,El Thor,4
https://onepiece.limitlesstcg.com/decks/list/6508,Purple Enelby Luka Forjan,2,OP15-076,Lightning Beast Kiten,4
https://onepiece.limitlesstcg.com/decks/list/6508,Purple Enelby Luka Forjan,2,OP15-077,Lightning Dragon,4
https://onepiece.limitlesstcg.com/decks/list/6508,Purple Enelby Luka Forjan,2,OP15-078,Mamaragan,4
https://onepiece.limitlesstcg.com/decks/list/6508,Purple Enelby Luka Forjan,2,OP15-074,Varie,3
https://onepiece.limitlesstcg.com/decks/list/6508,Purple Enelby Luka Forjan,2,OP13-076,Divine Departure,1
https://onepiece.limitlesstcg.com/decks/list/6508,Purple Enelby Luka Forjan,2,OP05-077,Gamma Knife,3
https://onepiece.limitlesstcg.com/decks/list/6345,Purple Enelby Giovanni Salvatore Oliva,3,OP15-058,Enel,1
https://onepiece.limitlesstcg.com/decks/list/6345,Purple Enelby Giovanni Salvatore Oliva,3,OP12-071,Charlotte Pudding,4
https://onepiece.limitlesstcg.com/decks/list/6345,Purple Enelby Giovanni Salvatore Oliva,3,OP15-061,Ohm,4
https://onepiece.limitlesstcg.com/decks/list/6345,Purple Enelby Giovanni Salvatore Oliva,3,OP15-067,Shura,4
https://onepiece.limitlesstcg.com/decks/list/6345,Purple Enelby Giovanni Salvatore Oliva,3,OP15-066,Satori,2
https://onepiece.limitlesstcg.com/decks/list/6345,Purple Enelby Giovanni Salvatore Oliva,3,OP12-063,Vinsmoke Reiju,4
https://onepiece.limitlesstcg.com/decks/list/6345,Purple Enelby Giovanni Salvatore Oliva,3,OP09-072,Franky,3
https://onepiece.limitlesstcg.com/decks/list/6345,Purple Enelby Giovanni Salvatore Oliva,3,OP10-067,Senor Pink,2
https://onepiece.limitlesstcg.com/decks/list/6345,Purple Enelby Giovanni Salvatore Oliva,3,OP15-118,Enel,4
https://onepiece.limitlesstcg.com/decks/list/6345,Purple Enelby Giovanni Salvatore Oliva,3,OP15-075,El Thor,4
https://onepiece.limitlesstcg.com/decks/list/6345,Purple Enelby Giovanni Salvatore Oliva,3,OP15-076,Lightning Beast Kiten,4
https://onepiece.limitlesstcg.com/decks/list/6345,Purple Enelby Giovanni Salvatore Oliva,3,OP15-077,Lightning Dragon,4
https://onepiece.limitlesstcg.com/decks/list/6345,Purple Enelby Giovanni Salvatore Oliva,3,OP15-078,Mamaragan,4
https://onepiece.limitlesstcg.com/decks/list/6345,Purple Enelby Giovanni Salvatore Oliva,3,OP15-074,Varie,3
https://onepiece.limitlesstcg.com/decks/list/6345,Purple Enelby Giovanni Salvatore Oliva,3,OP13-076,Divine Departure,1
https://onepiece.limitlesstcg.com/decks/list/6345,Purple Enelby Giovanni Salvatore Oliva,3,OP05-077,Gamma Knife,3
https://onepiece.limitlesstcg.com/decks/list/6345,Purple Enelby Gaston Buhler,4,OP15-058,Enel,1
https://onepiece.limitlesstcg.com/decks/list/6345,Purple Enelby Gaston Buhler,4,OP12-071,Charlotte Pudding,4
https://onepiece.limitlesstcg.com/decks/list/6345,Purple Enelby Gaston Buhler,4,OP15-061,Ohm,4
https://onepiece.limitlesstcg.com/decks/list/6345,Purple Enelby Gaston Buhler,4,OP15-067,Shura,4
https://onepiece.limitlesstcg.com/decks/list/6345,Purple Enelby Gaston Buhler,4,OP15-066,Satori,2
https://onepiece.limitlesstcg.com/decks/list/6345,Purple Enelby Gaston Buhler,4,OP12-063,Vinsmoke Reiju,4
https://onepiece.limitlesstcg.com/decks/list/6345,Purple Enelby Gaston Buhler,4,OP09-072,Franky,3
https://onepiece.limitlesstcg.com/decks/list/6345,Purple Enelby Gaston Buhler,4,OP10-067,Senor Pink,2
https://onepiece.limitlesstcg.com/decks/list/6345,Purple Enelby Gaston Buhler,4,OP15-118,Enel,4
https://onepiece.limitlesstcg.com/decks/list/6345,Purple Enelby Gaston Buhler,4,OP15-075,El Thor,4
https://onepiece.limitlesstcg.com/decks/list/6345,Purple Enelby Gaston Buhler,4,OP15-076,Lightning Beast Kiten,4
https://onepiece.limitlesstcg.com/decks/list/6345,Purple Enelby Gaston Buhler,4,OP15-077,Lightning Dragon,4
https://onepiece.limitlesstcg.com/decks/list/6345,Purple Enelby Gaston Buhler,4,OP15-078,Mamaragan,4
https://onepiece.limitlesstcg.com/decks/list/6345,Purple Enelby Gaston Buhler,4,OP15-074,Varie,3
https://onepiece.limitlesstcg.com/decks/list/6345,Purple Enelby Gaston Buhler,4,OP13-076,Divine Departure,1
https://onepiece.limitlesstcg.com/decks/list/6345,Purple Enelby Gaston Buhler,4,OP05-077,Gamma Knife,3
https://onepiece.limitlesstcg.com/decks/list/6692,Red/Blue Lucyby Nadir Mouti,5,OP15-002,Lucy,1
https://onepiece.limitlesstcg.com/decks/list/6692,Red/Blue Lucyby Nadir Mouti,5,OP15-040,Viola,4
https://onepiece.limitlesstcg.com/decks/list/6692,Red/Blue Lucyby Nadir Mouti,5,OP15-052,Leo,4
https://onepiece.limitlesstcg.com/decks/list/6692,Red/Blue Lucyby Nadir Mouti,5,OP15-053,Rebecca,4
https://onepiece.limitlesstcg.com/decks/list/6692,Red/Blue Lucyby Nadir Mouti,5,OP05-015,Belo Betty,2
https://onepiece.limitlesstcg.com/decks/list/6692,Red/Blue Lucyby Nadir Mouti,5,OP10-045,Cavendish,3
https://onepiece.limitlesstcg.com/decks/list/6692,Red/Blue Lucyby Nadir Mouti,5,OP15-014,Bartolomeo,3
https://onepiece.limitlesstcg.com/decks/list/6692,Red/Blue Lucyby Nadir Mouti,5,OP08-047,Jozu,3
https://onepiece.limitlesstcg.com/decks/list/6692,Red/Blue Lucyby Nadir Mouti,5,OP15-046,Sabo,4
https://onepiece.limitlesstcg.com/decks/list/6692,Red/Blue Lucyby Nadir Mouti,5,OP09-118,Gol.D.Roger,1
https://onepiece.limitlesstcg.com/decks/list/6692,Red/Blue Lucyby Nadir Mouti,5,OP05-019,Fire Fist,2
https://onepiece.limitlesstcg.com/decks/list/6692,Red/Blue Lucyby Nadir Mouti,5,OP15-055,"Go Ahead and Use 'Em, Mr. Luffy!!!",4
https://onepiece.limitlesstcg.com/decks/list/6692,Red/Blue Lucyby Nadir Mouti,5,OP15-054,And No One Else Can Have It! It's Our Memento of Him,4
https://onepiece.limitlesstcg.com/decks/list/6692,Red/Blue Lucyby Nadir Mouti,5,OP15-021,"Just Watch Me, Ace!!!",3
https://onepiece.limitlesstcg.com/decks/list/6692,Red/Blue Lucyby Nadir Mouti,5,OP10-060,Barrier-Barrier Pistol,4
https://onepiece.limitlesstcg.com/decks/list/6692,Red/Blue Lucyby Nadir Mouti,5,OP15-020,Fire Fist,4
https://onepiece.limitlesstcg.com/decks/list/6692,Red/Blue Lucyby Nadir Mouti,5,OP15-057,Dressrosa Kingdom,1
https://onepiece.limitlesstcg.com/decks/list/6691,Blue/Yellow Namiby Motzo,6,OP11-041,Nami,1
https://onepiece.limitlesstcg.com/decks/list/6691,Blue/Yellow Namiby Motzo,6,OP14-102,Kumacy,4
https://onepiece.limitlesstcg.com/decks/list/6691,Blue/Yellow Namiby Motzo,6,OP16-052,Monkey.D.Luffy,4
https://onepiece.limitlesstcg.com/decks/list/6691,Blue/Yellow Namiby Motzo,6,OP11-106,Zeus,3
https://onepiece.limitlesstcg.com/decks/list/6691,Blue/Yellow Namiby Motzo,6,OP06-106,Kouzuki Hiyori,2
https://onepiece.limitlesstcg.com/decks/list/6691,Blue/Yellow Namiby Motzo,6,OP14-110,Dr. Hogback,4
https://onepiece.limitlesstcg.com/decks/list/6691,Blue/Yellow Namiby Motzo,6,OP16-056,Mr.3(Galdino),4
https://onepiece.limitlesstcg.com/decks/list/6691,Blue/Yellow Namiby Motzo,6,OP06-104,Kikunojo,3
https://onepiece.limitlesstcg.com/decks/list/6691,Blue/Yellow Namiby Motzo,6,OP14-111,Perona,3
https://onepiece.limitlesstcg.com/decks/list/6691,Blue/Yellow Namiby Motzo,6,OP12-112,Baby 5,1
https://onepiece.limitlesstcg.com/decks/list/6691,Blue/Yellow Namiby Motzo,6,OP15-113,Roronoa Zoro,1
https://onepiece.limitlesstcg.com/decks/list/6691,Blue/Yellow Namiby Motzo,6,EB03-053,Nami,4
https://onepiece.limitlesstcg.com/decks/list/6691,Blue/Yellow Namiby Motzo,6,EB04-058,Borsalino,4
https://onepiece.limitlesstcg.com/decks/list/6691,Blue/Yellow Namiby Motzo,6,EB03-055,Nico Robin,4
https://onepiece.limitlesstcg.com/decks/list/6691,Blue/Yellow Namiby Motzo,6,OP14-104,Gecko Moria,4
https://onepiece.limitlesstcg.com/decks/list/6691,Blue/Yellow Namiby Motzo,6,OP13-042,Edward.Newgate,3
https://onepiece.limitlesstcg.com/decks/list/6691,Blue/Yellow Namiby Motzo,6,OP06-058,Gravity Blade Raging Tiger,2
https://onepiece.limitlesstcg.com/decks/list/6693,Purple Enelby EiJunCHN,7,OP15-058,Enel,1
https://onepiece.limitlesstcg.com/decks/list/6693,Purple Enelby EiJunCHN,7,OP12-071,Charlotte Pudding,4
https://onepiece.limitlesstcg.com/decks/list/6693,Purple Enelby EiJunCHN,7,OP15-061,Ohm,4
https://onepiece.limitlesstcg.com/decks/list/6693,Purple Enelby EiJunCHN,7,OP15-067,Shura,4
https://onepiece.limitlesstcg.com/decks/list/6693,Purple Enelby EiJunCHN,7,OP15-066,Satori,2
https://onepiece.limitlesstcg.com/decks/list/6693,Purple Enelby EiJunCHN,7,OP12-063,Vinsmoke Reiju,4
https://onepiece.limitlesstcg.com/decks/list/6693,Purple Enelby EiJunCHN,7,OP09-072,Franky,3
https://onepiece.limitlesstcg.com/decks/list/6693,Purple Enelby EiJunCHN,7,OP10-067,Senor Pink,1
https://onepiece.limitlesstcg.com/decks/list/6693,Purple Enelby EiJunCHN,7,OP15-118,Enel,4
https://onepiece.limitlesstcg.com/decks/list/6693,Purple Enelby EiJunCHN,7,OP15-060,Enel,1
https://onepiece.limitlesstcg.com/decks/list/6693,Purple Enelby EiJunCHN,7,OP15-075,El Thor,4
https://onepiece.limitlesstcg.com/decks/list/6693,Purple Enelby EiJunCHN,7,OP15-076,Lightning Beast Kiten,4
https://onepiece.limitlesstcg.com/decks/list/6693,Purple Enelby EiJunCHN,7,OP15-077,Lightning Dragon,4
https://onepiece.limitlesstcg.com/decks/list/6693,Purple Enelby EiJunCHN,7,OP15-078,Mamaragan,4
https://onepiece.limitlesstcg.com/decks/list/6693,Purple Enelby EiJunCHN,7,OP13-076,Divine Departure,2
https://onepiece.limitlesstcg.com/decks/list/6693,Purple Enelby EiJunCHN,7,OP15-074,Varie,2
https://onepiece.limitlesstcg.com/decks/list/6693,Purple Enelby EiJunCHN,7,OP05-077,Gamma Knife,3
https://onepiece.limitlesstcg.com/decks/list/6585,Purple Enelby Abyssausrede,8,OP15-058,Enel,1
https://onepiece.limitlesstcg.com/decks/list/6585,Purple Enelby Abyssausrede,8,OP12-071,Charlotte Pudding,4
https://onepiece.limitlesstcg.com/decks/list/6585,Purple Enelby Abyssausrede,8,OP15-061,Ohm,4
https://onepiece.limitlesstcg.com/decks/list/6585,Purple Enelby Abyssausrede,8,OP15-067,Shura,4
https://onepiece.limitlesstcg.com/decks/list/6585,Purple Enelby Abyssausrede,8,OP15-071,Holly,3
https://onepiece.limitlesstcg.com/decks/list/6585,Purple Enelby Abyssausrede,8,OP12-063,Vinsmoke Reiju,3
https://onepiece.limitlesstcg.com/decks/list/6585,Purple Enelby Abyssausrede,8,OP09-072,Franky,2
https://onepiece.limitlesstcg.com/decks/list/6585,Purple Enelby Abyssausrede,8,ST10-010,Trafalgar Law,1
https://onepiece.limitlesstcg.com/decks/list/6585,Purple Enelby Abyssausrede,8,OP10-067,Senor Pink,2
https://onepiece.limitlesstcg.com/decks/list/6585,Purple Enelby Abyssausrede,8,OP15-118,Enel,4
https://onepiece.limitlesstcg.com/decks/list/6585,Purple Enelby Abyssausrede,8,OP15-075,El Thor,4
https://onepiece.limitlesstcg.com/decks/list/6585,Purple Enelby Abyssausrede,8,OP15-076,Lightning Beast Kiten,4
https://onepiece.limitlesstcg.com/decks/list/6585,Purple Enelby Abyssausrede,8,OP15-077,Lightning Dragon,4
https://onepiece.limitlesstcg.com/decks/list/6585,Purple Enelby Abyssausrede,8,OP15-078,Mamaragan,4
https://onepiece.limitlesstcg.com/decks/list/6585,Purple Enelby Abyssausrede,8,OP15-074,Varie,2
https://onepiece.limitlesstcg.com/decks/list/6585,Purple Enelby Abyssausrede,8,OP13-076,Divine Departure,1
https://onepiece.limitlesstcg.com/decks/list/6585,Purple Enelby Abyssausrede,8,OP05-077,Gamma Knife,2
https://onepiece.limitlesstcg.com/decks/list/6585,Purple Enelby Abyssausrede,8,OP09-077,Gum-Gum Lightning,2
https://onepiece.limitlesstcg.com/decks/list/6694,Blue/Yellow Namiby freddi,9,OP11-041,Nami,1
https://onepiece.limitlesstcg.com/decks/list/6694,Blue/Yellow Namiby freddi,9,OP14-102,Kumacy,4
https://onepiece.limitlesstcg.com/decks/list/6694,Blue/Yellow Namiby freddi,9,OP11-106,Zeus,3
https://onepiece.limitlesstcg.com/decks/list/6694,Blue/Yellow Namiby freddi,9,OP14-110,Dr. Hogback,4
https://onepiece.limitlesstcg.com/decks/list/6694,Blue/Yellow Namiby freddi,9,OP14-111,Perona,4
https://onepiece.limitlesstcg.com/decks/list/6694,Blue/Yellow Namiby freddi,9,OP06-104,Kikunojo,3
https://onepiece.limitlesstcg.com/decks/list/6694,Blue/Yellow Namiby freddi,9,OP12-112,Baby 5,3
https://onepiece.limitlesstcg.com/decks/list/6694,Blue/Yellow Namiby freddi,9,OP16-056,Mr.3(Galdino),3
https://onepiece.limitlesstcg.com/decks/list/6694,Blue/Yellow Namiby freddi,9,PRB02-008,Marco,2
https://onepiece.limitlesstcg.com/decks/list/6694,Blue/Yellow Namiby freddi,9,OP15-113,Roronoa Zoro,1
https://onepiece.limitlesstcg.com/decks/list/6694,Blue/Yellow Namiby freddi,9,EB03-053,Nami,4
https://onepiece.limitlesstcg.com/decks/list/6694,Blue/Yellow Namiby freddi,9,EB04-058,Borsalino,4
https://onepiece.limitlesstcg.com/decks/list/6694,Blue/Yellow Namiby freddi,9,OP15-119,Monkey.D.Luffy,2
https://onepiece.limitlesstcg.com/decks/list/6694,Blue/Yellow Namiby freddi,9,EB03-055,Nico Robin,4
https://onepiece.limitlesstcg.com/decks/list/6694,Blue/Yellow Namiby freddi,9,OP14-104,Gecko Moria,4
https://onepiece.limitlesstcg.com/decks/list/6694,Blue/Yellow Namiby freddi,9,OP13-042,Edward.Newgate,3
https://onepiece.limitlesstcg.com/decks/list/6694,Blue/Yellow Namiby freddi,9,OP06-058,Gravity Blade Raging Tiger,2
https://onepiece.limitlesstcg.com/decks/list/6698,Blue/Yellow Namiby [DO] Luigi,10,OP11-041,Nami,1
https://onepiece.limitlesstcg.com/decks/list/6698,Blue/Yellow Namiby [DO] Luigi,10,OP14-102,Kumacy,4
https://onepiece.limitlesstcg.com/decks/list/6698,Blue/Yellow Namiby [DO] Luigi,10,OP11-106,Zeus,4
https://onepiece.limitlesstcg.com/decks/list/6698,Blue/Yellow Namiby [DO] Luigi,10,OP14-110,Dr. Hogback,4
https://onepiece.limitlesstcg.com/decks/list/6698,Blue/Yellow Namiby [DO] Luigi,10,OP14-111,Perona,4
https://onepiece.limitlesstcg.com/decks/list/6698,Blue/Yellow Namiby [DO] Luigi,10,OP06-104,Kikunojo,3
https://onepiece.limitlesstcg.com/decks/list/6698,Blue/Yellow Namiby [DO] Luigi,10,OP16-056,Mr.3(Galdino),3
https://onepiece.limitlesstcg.com/decks/list/6698,Blue/Yellow Namiby [DO] Luigi,10,OP12-112,Baby 5,2
https://onepiece.limitlesstcg.com/decks/list/6698,Blue/Yellow Namiby [DO] Luigi,10,PRB02-008,Marco,1
https://onepiece.limitlesstcg.com/decks/list/6698,Blue/Yellow Namiby [DO] Luigi,10,OP15-113,Roronoa Zoro,1
https://onepiece.limitlesstcg.com/decks/list/6698,Blue/Yellow Namiby [DO] Luigi,10,EB03-053,Nami,4
https://onepiece.limitlesstcg.com/decks/list/6698,Blue/Yellow Namiby [DO] Luigi,10,EB04-058,Borsalino,4
https://onepiece.limitlesstcg.com/decks/list/6698,Blue/Yellow Namiby [DO] Luigi,10,OP14-108,Silvers Rayleigh,3
https://onepiece.limitlesstcg.com/decks/list/6698,Blue/Yellow Namiby [DO] Luigi,10,EB03-055,Nico Robin,4
https://onepiece.limitlesstcg.com/decks/list/6698,Blue/Yellow Namiby [DO] Luigi,10,OP14-104,Gecko Moria,4
https://onepiece.limitlesstcg.com/decks/list/6698,Blue/Yellow Namiby [DO] Luigi,10,OP13-042,Edward.Newgate,3
https://onepiece.limitlesstcg.com/decks/list/6698,Blue/Yellow Namiby [DO] Luigi,10,OP06-058,Gravity Blade Raging Tiger,2
https://onepiece.limitlesstcg.com/decks/list/6697,Green/Blue Luffyby Pako,11,OP16-022,Monkey.D.Luffy,1
https://onepiece.limitlesstcg.com/decks/list/6697,Green/Blue Luffyby Pako,11,OP16-034,Monkey.D.Luffy,4
https://onepiece.limitlesstcg.com/decks/list/6697,Green/Blue Luffyby Pako,11,OP16-054,Mr.1(Daz.Bonez),4
https://onepiece.limitlesstcg.com/decks/list/6697,Green/Blue Luffyby Pako,11,OP16-055,Mr.2.Bon.Kurei(Bentham),4
https://onepiece.limitlesstcg.com/decks/list/6697,Green/Blue Luffyby Pako,11,ST30-014,Mr.3(Galdino),3
https://onepiece.limitlesstcg.com/decks/list/6697,Green/Blue Luffyby Pako,11,ST12-010,Emporio.Ivankov,2
https://onepiece.limitlesstcg.com/decks/list/6697,Green/Blue Luffyby Pako,11,OP16-045,Crocodile,4
https://onepiece.limitlesstcg.com/decks/list/6697,Green/Blue Luffyby Pako,11,OP16-056,Mr.3(Galdino),4
https://onepiece.limitlesstcg.com/decks/list/6697,Green/Blue Luffyby Pako,11,OP16-026,Emporio.Ivankov,2
https://onepiece.limitlesstcg.com/decks/list/6697,Green/Blue Luffyby Pako,11,OP16-048,Buggy,4
https://onepiece.limitlesstcg.com/decks/list/6697,Green/Blue Luffyby Pako,11,OP16-042,Prisoner of Impel Down,9
https://onepiece.limitlesstcg.com/decks/list/6697,Green/Blue Luffyby Pako,11,OP15-032,Brook,1
https://onepiece.limitlesstcg.com/decks/list/6697,Green/Blue Luffyby Pako,11,OP16-032,Boa Hancock,2
https://onepiece.limitlesstcg.com/decks/list/6697,Green/Blue Luffyby Pako,11,OP02-068,Gum-Gum Rain,1
https://onepiece.limitlesstcg.com/decks/list/6697,Green/Blue Luffyby Pako,11,OP16-038,Let's Go!! To the Navy Headquarters!!,2
https://onepiece.limitlesstcg.com/decks/list/6697,Green/Blue Luffyby Pako,11,OP12-037,Demon Aura Nine Sword Style Asura Blades Drawn Dead Man's Game,1
https://onepiece.limitlesstcg.com/decks/list/6697,Green/Blue Luffyby Pako,11,OP11-061,Gum-Gum Jet Culverin,1
https://onepiece.limitlesstcg.com/decks/list/6697,Green/Blue Luffyby Pako,11,OP06-058,Gravity Blade Raging Tiger,2
https://onepiece.limitlesstcg.com/decks/list/6700,Green/Purple Luffyby Doc. P,12,EB02-010,Monkey.D.Luffy,1
https://onepiece.limitlesstcg.com/decks/list/6700,Green/Purple Luffyby Doc. P,12,EB02-017,Nami,4
https://onepiece.limitlesstcg.com/decks/list/6700,Green/Purple Luffyby Doc. P,12,PRB02-012,Nami,4
https://onepiece.limitlesstcg.com/decks/list/6700,Green/Purple Luffyby Doc. P,12,ST18-001,Uso-Hachi,4
https://onepiece.limitlesstcg.com/decks/list/6700,Green/Purple Luffyby Doc. P,12,ST18-004,Zoro-Juurou,4
https://onepiece.limitlesstcg.com/decks/list/6700,Green/Purple Luffyby Doc. P,12,EB02-019,Roronoa Zoro,2
https://onepiece.limitlesstcg.com/decks/list/6700,Green/Purple Luffyby Doc. P,12,OP14-031,Nami,2
https://onepiece.limitlesstcg.com/decks/list/6700,Green/Purple Luffyby Doc. P,12,ST30-012,Monkey.D.Luffy,1
https://onepiece.limitlesstcg.com/decks/list/6700,Green/Purple Luffyby Doc. P,12,EB02-035,Sanji & Pudding,4
https://onepiece.limitlesstcg.com/decks/list/6700,Green/Purple Luffyby Doc. P,12,OP07-064,Sanji,4
https://onepiece.limitlesstcg.com/decks/list/6700,Green/Purple Luffyby Doc. P,12,OP13-118,Monkey.D.Luffy,2
https://onepiece.limitlesstcg.com/decks/list/6700,Green/Purple Luffyby Doc. P,12,EB02-061,Monkey.D.Luffy,1
https://onepiece.limitlesstcg.com/decks/list/6700,Green/Purple Luffyby Doc. P,12,OP15-032,Brook,1
https://onepiece.limitlesstcg.com/decks/list/6700,Green/Purple Luffyby Doc. P,12,OP15-078,Mamaragan,4
https://onepiece.limitlesstcg.com/decks/list/6700,Green/Purple Luffyby Doc. P,12,OP09-078,Gum-Gum Giant,4
https://onepiece.limitlesstcg.com/decks/list/6700,Green/Purple Luffyby Doc. P,12,OP12-037,Demon Aura Nine Sword Style Asura Blades Drawn Dead Man's Game,2
https://onepiece.limitlesstcg.com/decks/list/6700,Green/Purple Luffyby Doc. P,12,OP13-040,I Know You're Strong... So I'll Go All Out from the Very Start!!!,2
https://onepiece.limitlesstcg.com/decks/list/6700,Green/Purple Luffyby Doc. P,12,OP05-076,When You're at Sea You Fight against Pirates!!,1
https://onepiece.limitlesstcg.com/decks/list/6700,Green/Purple Luffyby Doc. P,12,OP08-036,Electrical Luna,2
https://onepiece.limitlesstcg.com/decks/list/6700,Green/Purple Luffyby Doc. P,12,EB02-041,Merry Go,2
https://onepiece.limitlesstcg.com/decks/list/6422,Purple Enelby Juan Méndez Casado,13,OP15-058,Enel,1
https://onepiece.limitlesstcg.com/decks/list/6422,Purple Enelby Juan Méndez Casado,13,OP12-071,Charlotte Pudding,4
https://onepiece.limitlesstcg.com/decks/list/6422,Purple Enelby Juan Méndez Casado,13,OP15-061,Ohm,4
https://onepiece.limitlesstcg.com/decks/list/6422,Purple Enelby Juan Méndez Casado,13,OP15-067,Shura,4
https://onepiece.limitlesstcg.com/decks/list/6422,Purple Enelby Juan Méndez Casado,13,OP15-071,Holly,4
https://onepiece.limitlesstcg.com/decks/list/6422,Purple Enelby Juan Méndez Casado,13,OP09-072,Franky,3
https://onepiece.limitlesstcg.com/decks/list/6422,Purple Enelby Juan Méndez Casado,13,OP12-063,Vinsmoke Reiju,2
https://onepiece.limitlesstcg.com/decks/list/6422,Purple Enelby Juan Méndez Casado,13,OP10-067,Senor Pink,1
https://onepiece.limitlesstcg.com/decks/list/6422,Purple Enelby Juan Méndez Casado,13,OP15-118,Enel,4
https://onepiece.limitlesstcg.com/decks/list/6422,Purple Enelby Juan Méndez Casado,13,OP15-060,Enel,1
https://onepiece.limitlesstcg.com/decks/list/6422,Purple Enelby Juan Méndez Casado,13,OP15-075,El Thor,4
https://onepiece.limitlesstcg.com/decks/list/6422,Purple Enelby Juan Méndez Casado,13,OP15-076,Lightning Beast Kiten,4
https://onepiece.limitlesstcg.com/decks/list/6422,Purple Enelby Juan Méndez Casado,13,OP15-077,Lightning Dragon,4
https://onepiece.limitlesstcg.com/decks/list/6422,Purple Enelby Juan Méndez Casado,13,OP15-078,Mamaragan,4
https://onepiece.limitlesstcg.com/decks/list/6422,Purple Enelby Juan Méndez Casado,13,OP15-074,Varie,3
https://onepiece.limitlesstcg.com/decks/list/6422,Purple Enelby Juan Méndez Casado,13,OP13-076,Divine Departure,1
https://onepiece.limitlesstcg.com/decks/list/6422,Purple Enelby Juan Méndez Casado,13,OP05-077,Gamma Knife,3
https://onepiece.limitlesstcg.com/decks/list/6696,Purple Enelby Leo,14,OP15-058,Enel,1
https://onepiece.limitlesstcg.com/decks/list/6696,Purple Enelby Leo,14,OP15-061,Ohm,4
https://onepiece.limitlesstcg.com/decks/list/6696,Purple Enelby Leo,14,OP15-066,Satori,4
https://onepiece.limitlesstcg.com/decks/list/6696,Purple Enelby Leo,14,OP15-067,Shura,4
https://onepiece.limitlesstcg.com/decks/list/6696,Purple Enelby Leo,14,OP12-071,Charlotte Pudding,2
https://onepiece.limitlesstcg.com/decks/list/6696,Purple Enelby Leo,14,OP12-063,Vinsmoke Reiju,4
https://onepiece.limitlesstcg.com/decks/list/6696,Purple Enelby Leo,14,OP09-072,Franky,2
https://onepiece.limitlesstcg.com/decks/list/6696,Purple Enelby Leo,14,OP10-067,Senor Pink,1
https://onepiece.limitlesstcg.com/decks/list/6696,Purple Enelby Leo,14,OP15-118,Enel,4
https://onepiece.limitlesstcg.com/decks/list/6696,Purple Enelby Leo,14,OP15-060,Enel,1
https://onepiece.limitlesstcg.com/decks/list/6696,Purple Enelby Leo,14,OP15-074,Varie,4
https://onepiece.limitlesstcg.com/decks/list/6696,Purple Enelby Leo,14,OP15-075,El Thor,4
https://onepiece.limitlesstcg.com/decks/list/6696,Purple Enelby Leo,14,OP15-076,Lightning Beast Kiten,4
https://onepiece.limitlesstcg.com/decks/list/6696,Purple Enelby Leo,14,OP15-077,Lightning Dragon,4
https://onepiece.limitlesstcg.com/decks/list/6696,Purple Enelby Leo,14,OP15-078,Mamaragan,4
https://onepiece.limitlesstcg.com/decks/list/6696,Purple Enelby Leo,14,OP13-076,Divine Departure,1
https://onepiece.limitlesstcg.com/decks/list/6696,Purple Enelby Leo,14,OP05-077,Gamma Knife,3
https://onepiece.limitlesstcg.com/decks/list/6695,Red/Blue Aceby Nikolay Baydanov,15,OP13-002,Portgas.D.Ace,1
https://onepiece.limitlesstcg.com/decks/list/6695,Red/Blue Aceby Nikolay Baydanov,15,ST22-002,Izo,4
https://onepiece.limitlesstcg.com/decks/list/6695,Red/Blue Aceby Nikolay Baydanov,15,OP13-016,Monkey.D.Garp,4
https://onepiece.limitlesstcg.com/decks/list/6695,Red/Blue Aceby Nikolay Baydanov,15,OP13-043,Otama,4
https://onepiece.limitlesstcg.com/decks/list/6695,Red/Blue Aceby Nikolay Baydanov,15,PRB02-008,Marco,4
https://onepiece.limitlesstcg.com/decks/list/6695,Red/Blue Aceby Nikolay Baydanov,15,OP16-056,Mr.3(Galdino),4
https://onepiece.limitlesstcg.com/decks/list/6695,Red/Blue Aceby Nikolay Baydanov,15,OP13-054,Yamato,4
https://onepiece.limitlesstcg.com/decks/list/6695,Red/Blue Aceby Nikolay Baydanov,15,OP08-047,Jozu,4
https://onepiece.limitlesstcg.com/decks/list/6695,Red/Blue Aceby Nikolay Baydanov,15,ST23-001,Uta,3
https://onepiece.limitlesstcg.com/decks/list/6695,Red/Blue Aceby Nikolay Baydanov,15,EB04-007,Roronoa Zoro,4
https://onepiece.limitlesstcg.com/decks/list/6695,Red/Blue Aceby Nikolay Baydanov,15,OP16-004,Curiel,3
https://onepiece.limitlesstcg.com/decks/list/6695,Red/Blue Aceby Nikolay Baydanov,15,OP13-042,Edward.Newgate,4
https://onepiece.limitlesstcg.com/decks/list/6695,Red/Blue Aceby Nikolay Baydanov,15,OP09-118,Gol.D.Roger,1
https://onepiece.limitlesstcg.com/decks/list/6695,Red/Blue Aceby Nikolay Baydanov,15,ST22-015,I Am Whitebeard!!,4
https://onepiece.limitlesstcg.com/decks/list/6695,Red/Blue Aceby Nikolay Baydanov,15,OP16-021,Moby Dick,3
https://onepiece.limitlesstcg.com/decks/list/6699,Purple Enelby Wrtx,16,OP15-058,Enel,1
https://onepiece.limitlesstcg.com/decks/list/6699,Purple Enelby Wrtx,16,OP12-071,Charlotte Pudding,4
https://onepiece.limitlesstcg.com/decks/list/6699,Purple Enelby Wrtx,16,OP15-061,Ohm,4
https://onepiece.limitlesstcg.com/decks/list/6699,Purple Enelby Wrtx,16,OP15-067,Shura,4
https://onepiece.limitlesstcg.com/decks/list/6699,Purple Enelby Wrtx,16,OP15-066,Satori,2
https://onepiece.limitlesstcg.com/decks/list/6699,Purple Enelby Wrtx,16,OP12-063,Vinsmoke Reiju,3
https://onepiece.limitlesstcg.com/decks/list/6699,Purple Enelby Wrtx,16,OP09-072,Franky,2
https://onepiece.limitlesstcg.com/decks/list/6699,Purple Enelby Wrtx,16,ST10-010,Trafalgar Law,1
https://onepiece.limitlesstcg.com/decks/list/6699,Purple Enelby Wrtx,16,OP10-067,Senor Pink,3
https://onepiece.limitlesstcg.com/decks/list/6699,Purple Enelby Wrtx,16,OP15-118,Enel,4
https://onepiece.limitlesstcg.com/decks/list/6699,Purple Enelby Wrtx,16,OP15-075,El Thor,4
https://onepiece.limitlesstcg.com/decks/list/6699,Purple Enelby Wrtx,16,OP15-076,Lightning Beast Kiten,4
https://onepiece.limitlesstcg.com/decks/list/6699,Purple Enelby Wrtx,16,OP15-077,Lightning Dragon,4
https://onepiece.limitlesstcg.com/decks/list/6699,Purple Enelby Wrtx,16,OP15-078,Mamaragan,4
https://onepiece.limitlesstcg.com/decks/list/6699,Purple Enelby Wrtx,16,OP15-074,Varie,3
https://onepiece.limitlesstcg.com/decks/list/6699,Purple Enelby Wrtx,16,OP13-076,Divine Departure,1
https://onepiece.limitlesstcg.com/decks/list/6699,Purple Enelby Wrtx,16,OP05-077,Gamma Knife,3
https://onepiece.limitlesstcg.com/decks/list/6537,Green/Blue Luffyby Emre5494,17,OP16-022,Monkey.D.Luffy,1
https://onepiece.limitlesstcg.com/decks/list/6537,Green/Blue Luffyby Emre5494,17,OP16-034,Monkey.D.Luffy,4
https://onepiece.limitlesstcg.com/decks/list/6537,Green/Blue Luffyby Emre5494,17,OP16-054,Mr.1(Daz.Bonez),4
https://onepiece.limitlesstcg.com/decks/list/6537,Green/Blue Luffyby Emre5494,17,OP16-055,Mr.2.Bon.Kurei(Bentham),4
https://onepiece.limitlesstcg.com/decks/list/6537,Green/Blue Luffyby Emre5494,17,ST30-014,Mr.3(Galdino),3
https://onepiece.limitlesstcg.com/decks/list/6537,Green/Blue Luffyby Emre5494,17,ST12-010,Emporio.Ivankov,2
https://onepiece.limitlesstcg.com/decks/list/6537,Green/Blue Luffyby Emre5494,17,OP16-045,Crocodile,4
https://onepiece.limitlesstcg.com/decks/list/6537,Green/Blue Luffyby Emre5494,17,OP16-056,Mr.3(Galdino),4
https://onepiece.limitlesstcg.com/decks/list/6537,Green/Blue Luffyby Emre5494,17,OP16-026,Emporio.Ivankov,2
https://onepiece.limitlesstcg.com/decks/list/6537,Green/Blue Luffyby Emre5494,17,OP16-048,Buggy,4
https://onepiece.limitlesstcg.com/decks/list/6537,Green/Blue Luffyby Emre5494,17,OP16-042,Prisoner of Impel Down,9
https://onepiece.limitlesstcg.com/decks/list/6537,Green/Blue Luffyby Emre5494,17,OP15-032,Brook,1
https://onepiece.limitlesstcg.com/decks/list/6537,Green/Blue Luffyby Emre5494,17,OP16-032,Boa Hancock,2
https://onepiece.limitlesstcg.com/decks/list/6537,Green/Blue Luffyby Emre5494,17,OP02-068,Gum-Gum Rain,1
https://onepiece.limitlesstcg.com/decks/list/6537,Green/Blue Luffyby Emre5494,17,OP16-038,Let's Go!! To the Navy Headquarters!!,2
https://onepiece.limitlesstcg.com/decks/list/6537,Green/Blue Luffyby Emre5494,17,EB01-028,Gum-Gum Champion Rifle,1
https://onepiece.limitlesstcg.com/decks/list/6537,Green/Blue Luffyby Emre5494,17,OP12-037,Demon Aura Nine Sword Style Asura Blades Drawn Dead Man's Game,1
https://onepiece.limitlesstcg.com/decks/list/6537,Green/Blue Luffyby Emre5494,17,OP11-061,Gum-Gum Jet Culverin,1
https://onepiece.limitlesstcg.com/decks/list/6537,Green/Blue Luffyby Emre5494,17,OP06-058,Gravity Blade Raging Tiger,1
https://onepiece.limitlesstcg.com/decks/list/6715,Blue/Yellow Namiby Hassan,18,OP11-041,Nami,1
https://onepiece.limitlesstcg.com/decks/list/6715,Blue/Yellow Namiby Hassan,18,OP11-106,Zeus,4
https://onepiece.limitlesstcg.com/decks/list/6715,Blue/Yellow Namiby Hassan,18,P-096,Girl,4
https://onepiece.limitlesstcg.com/decks/list/6715,Blue/Yellow Namiby Hassan,18,OP16-056,Mr.3(Galdino),4
https://onepiece.limitlesstcg.com/decks/list/6715,Blue/Yellow Namiby Hassan,18,OP10-049,Sabo,3
https://onepiece.limitlesstcg.com/decks/list/6715,Blue/Yellow Namiby Hassan,18,OP12-112,Baby 5,3
https://onepiece.limitlesstcg.com/decks/list/6715,Blue/Yellow Namiby Hassan,18,EB03-053,Nami,4
https://onepiece.limitlesstcg.com/decks/list/6715,Blue/Yellow Namiby Hassan,18,OP15-114,Wyper,4
https://onepiece.limitlesstcg.com/decks/list/6715,Blue/Yellow Namiby Hassan,18,OP15-119,Monkey.D.Luffy,4
https://onepiece.limitlesstcg.com/decks/list/6715,Blue/Yellow Namiby Hassan,18,EB04-058,Borsalino,4
https://onepiece.limitlesstcg.com/decks/list/6715,Blue/Yellow Namiby Hassan,18,EB03-024,Nefeltari Vivi,3
https://onepiece.limitlesstcg.com/decks/list/6715,Blue/Yellow Namiby Hassan,18,EB03-055,Nico Robin,4
https://onepiece.limitlesstcg.com/decks/list/6715,Blue/Yellow Namiby Hassan,18,OP15-109,Nico Robin,4
https://onepiece.limitlesstcg.com/decks/list/6715,Blue/Yellow Namiby Hassan,18,OP13-042,Edward.Newgate,3
https://onepiece.limitlesstcg.com/decks/list/6715,Blue/Yellow Namiby Hassan,18,OP06-058,Gravity Blade Raging Tiger,2
https://onepiece.limitlesstcg.com/decks/list/6713,Green/Blue Luffyby JenteVH,19,OP16-022,Monkey.D.Luffy,1
https://onepiece.limitlesstcg.com/decks/list/6713,Green/Blue Luffyby JenteVH,19,OP16-034,Monkey.D.Luffy,4
https://onepiece.limitlesstcg.com/decks/list/6713,Green/Blue Luffyby JenteVH,19,OP16-054,Mr.1(Daz.Bonez),4
https://onepiece.limitlesstcg.com/decks/list/6713,Green/Blue Luffyby JenteVH,19,OP16-055,Mr.2.Bon.Kurei(Bentham),4
https://onepiece.limitlesstcg.com/decks/list/6713,Green/Blue Luffyby JenteVH,19,ST30-014,Mr.3(Galdino),3
https://onepiece.limitlesstcg.com/decks/list/6713,Green/Blue Luffyby JenteVH,19,ST12-010,Emporio.Ivankov,2
https://onepiece.limitlesstcg.com/decks/list/6713,Green/Blue Luffyby JenteVH,19,OP16-045,Crocodile,4
https://onepiece.limitlesstcg.com/decks/list/6713,Green/Blue Luffyby JenteVH,19,OP16-056,Mr.3(Galdino),4
https://onepiece.limitlesstcg.com/decks/list/6713,Green/Blue Luffyby JenteVH,19,OP16-048,Buggy,4
https://onepiece.limitlesstcg.com/decks/list/6713,Green/Blue Luffyby JenteVH,19,OP16-042,Prisoner of Impel Down,9
https://onepiece.limitlesstcg.com/decks/list/6713,Green/Blue Luffyby JenteVH,19,OP15-032,Brook,2
https://onepiece.limitlesstcg.com/decks/list/6713,Green/Blue Luffyby JenteVH,19,OP16-032,Boa Hancock,3
https://onepiece.limitlesstcg.com/decks/list/6713,Green/Blue Luffyby JenteVH,19,OP02-068,Gum-Gum Rain,1
https://onepiece.limitlesstcg.com/decks/list/6713,Green/Blue Luffyby JenteVH,19,OP16-038,Let's Go!! To the Navy Headquarters!!,2
https://onepiece.limitlesstcg.com/decks/list/6713,Green/Blue Luffyby JenteVH,19,OP12-037,Demon Aura Nine Sword Style Asura Blades Drawn Dead Man's Game,1
https://onepiece.limitlesstcg.com/decks/list/6713,Green/Blue Luffyby JenteVH,19,OP11-061,Gum-Gum Jet Culverin,1
https://onepiece.limitlesstcg.com/decks/list/6713,Green/Blue Luffyby JenteVH,19,OP06-058,Gravity Blade Raging Tiger,2
https://onepiece.limitlesstcg.com/decks/list/6701,Red/Green Luffyby Tumasz,20,OP13-001,Monkey.D.Luffy,1
https://onepiece.limitlesstcg.com/decks/list/6701,Red/Green Luffyby Tumasz,20,OP13-016,Monkey.D.Garp,4
https://onepiece.limitlesstcg.com/decks/list/6701,Red/Green Luffyby Tumasz,20,OP15-035,Laboon,4
https://onepiece.limitlesstcg.com/decks/list/6701,Red/Green Luffyby Tumasz,20,EB04-002,Jewelry Bonney,4
https://onepiece.limitlesstcg.com/decks/list/6701,Red/Green Luffyby Tumasz,20,EB02-017,Nami,2
https://onepiece.limitlesstcg.com/decks/list/6701,Red/Green Luffyby Tumasz,20,ST21-003,Sanji,2
https://onepiece.limitlesstcg.com/decks/list/6701,Red/Green Luffyby Tumasz,20,OP14-022,Usopp,4
https://onepiece.limitlesstcg.com/decks/list/6701,Red/Green Luffyby Tumasz,20,OP14-031,Nami,4
https://onepiece.limitlesstcg.com/decks/list/6701,Red/Green Luffyby Tumasz,20,OP13-027,Sanji,4
https://onepiece.limitlesstcg.com/decks/list/6701,Red/Green Luffyby Tumasz,20,OP13-118,Monkey.D.Luffy,4
https://onepiece.limitlesstcg.com/decks/list/6701,Red/Green Luffyby Tumasz,20,OP15-032,Brook,2
https://onepiece.limitlesstcg.com/decks/list/6701,Red/Green Luffyby Tumasz,20,EB04-007,Roronoa Zoro,4
https://onepiece.limitlesstcg.com/decks/list/6701,Red/Green Luffyby Tumasz,20,OP13-028,Shanks,2
https://onepiece.limitlesstcg.com/decks/list/6701,Red/Green Luffyby Tumasz,20,OP13-040,I Know You're Strong... So I'll Go All Out from the Very Start!!!,2
https://onepiece.limitlesstcg.com/decks/list/6701,Red/Green Luffyby Tumasz,20,OP05-038,Charlestone,4
https://onepiece.limitlesstcg.com/decks/list/6701,Red/Green Luffyby Tumasz,20,OP08-036,Electrical Luna,4
https://onepiece.limitlesstcg.com/decks/list/6704,Blue/Yellow Hancockby Revilloso,21,OP14-041,Boa Hancock,1
https://onepiece.limitlesstcg.com/decks/list/6704,Blue/Yellow Hancockby Revilloso,21,OP14-103,Gloriosa (Grandma Nyon),3
https://onepiece.limitlesstcg.com/decks/list/6704,Blue/Yellow Hancockby Revilloso,21,OP06-106,Kouzuki Hiyori,2
https://onepiece.limitlesstcg.com/decks/list/6704,Blue/Yellow Hancockby Revilloso,21,OP08-050,Namule,4
https://onepiece.limitlesstcg.com/decks/list/6704,Blue/Yellow Hancockby Revilloso,21,OP14-114,Ran,4
https://onepiece.limitlesstcg.com/decks/list/6704,Blue/Yellow Hancockby Revilloso,21,OP15-113,Roronoa Zoro,4
https://onepiece.limitlesstcg.com/decks/list/6704,Blue/Yellow Hancockby Revilloso,21,ST17-004,Boa Hancock,2
https://onepiece.limitlesstcg.com/decks/list/6704,Blue/Yellow Hancockby Revilloso,21,EB04-058,Borsalino,4
https://onepiece.limitlesstcg.com/decks/list/6704,Blue/Yellow Hancockby Revilloso,21,OP16-113,Boa Marigold,4
https://onepiece.limitlesstcg.com/decks/list/6704,Blue/Yellow Hancockby Revilloso,21,OP14-105,Gorgon Sisters,4
https://onepiece.limitlesstcg.com/decks/list/6704,Blue/Yellow Hancockby Revilloso,21,OP14-107,Shakuyaku,4
https://onepiece.limitlesstcg.com/decks/list/6704,Blue/Yellow Hancockby Revilloso,21,OP12-119,Bartholomew Kuma,2
https://onepiece.limitlesstcg.com/decks/list/6704,Blue/Yellow Hancockby Revilloso,21,OP14-104,Gecko Moria,4
https://onepiece.limitlesstcg.com/decks/list/6704,Blue/Yellow Hancockby Revilloso,21,OP16-119,Marshall.D.Teach,2
https://onepiece.limitlesstcg.com/decks/list/6704,Blue/Yellow Hancockby Revilloso,21,OP14-112,Boa Hancock,3
https://onepiece.limitlesstcg.com/decks/list/6704,Blue/Yellow Hancockby Revilloso,21,OP06-115,You're the One Who Should Disappear.,1
https://onepiece.limitlesstcg.com/decks/list/6704,Blue/Yellow Hancockby Revilloso,21,OP14-118,You'll Frighten Me... ♡,1
https://onepiece.limitlesstcg.com/decks/list/6704,Blue/Yellow Hancockby Revilloso,21,OP07-057,Perfume Femur,1
https://onepiece.limitlesstcg.com/decks/list/6704,Blue/Yellow Hancockby Revilloso,21,OP06-058,Gravity Blade Raging Tiger,1
https://onepiece.limitlesstcg.com/decks/list/6712,Blue/Yellow Namiby Giovannino_Gamer,22,OP11-041,Nami,1
https://onepiece.limitlesstcg.com/decks/list/6712,Blue/Yellow Namiby Giovannino_Gamer,22,OP14-102,Kumacy,4
https://onepiece.limitlesstcg.com/decks/list/6712,Blue/Yellow Namiby Giovannino_Gamer,22,OP11-106,Zeus,4
https://onepiece.limitlesstcg.com/decks/list/6712,Blue/Yellow Namiby Giovannino_Gamer,22,PRB02-008,Marco,4
https://onepiece.limitlesstcg.com/decks/list/6712,Blue/Yellow Namiby Giovannino_Gamer,22,OP14-110,Dr. Hogback,4
https://onepiece.limitlesstcg.com/decks/list/6712,Blue/Yellow Namiby Giovannino_Gamer,22,OP14-111,Perona,4
https://onepiece.limitlesstcg.com/decks/list/6712,Blue/Yellow Namiby Giovannino_Gamer,22,OP16-056,Mr.3(Galdino),4
https://onepiece.limitlesstcg.com/decks/list/6712,Blue/Yellow Namiby Giovannino_Gamer,22,OP06-104,Kikunojo,3
https://onepiece.limitlesstcg.com/decks/list/6712,Blue/Yellow Namiby Giovannino_Gamer,22,OP12-112,Baby 5,3
https://onepiece.limitlesstcg.com/decks/list/6712,Blue/Yellow Namiby Giovannino_Gamer,22,EB03-053,Nami,4
https://onepiece.limitlesstcg.com/decks/list/6712,Blue/Yellow Namiby Giovannino_Gamer,22,EB04-058,Borsalino,4
https://onepiece.limitlesstcg.com/decks/list/6712,Blue/Yellow Namiby Giovannino_Gamer,22,EB03-055,Nico Robin,4
https://onepiece.limitlesstcg.com/decks/list/6712,Blue/Yellow Namiby Giovannino_Gamer,22,OP14-104,Gecko Moria,4
https://onepiece.limitlesstcg.com/decks/list/6712,Blue/Yellow Namiby Giovannino_Gamer,22,OP13-042,Edward.Newgate,3
https://onepiece.limitlesstcg.com/decks/list/6712,Blue/Yellow Namiby Giovannino_Gamer,22,OP06-058,Gravity Blade Raging Tiger,1
https://onepiece.limitlesstcg.com/decks/list/6708,Blue/Yellow Namiby David Sturm,23,OP11-041,Nami,1
https://onepiece.limitlesstcg.com/decks/list/6708,Blue/Yellow Namiby David Sturm,23,OP15-108,Nami,4
https://onepiece.limitlesstcg.com/decks/list/6708,Blue/Yellow Namiby David Sturm,23,OP11-106,Zeus,2
https://onepiece.limitlesstcg.com/decks/list/6708,Blue/Yellow Namiby David Sturm,23,OP15-047,Sanji,2
https://onepiece.limitlesstcg.com/decks/list/6708,Blue/Yellow Namiby David Sturm,23,OP12-112,Baby 5,4
https://onepiece.limitlesstcg.com/decks/list/6708,Blue/Yellow Namiby David Sturm,23,OP16-056,Mr.3(Galdino),4
https://onepiece.limitlesstcg.com/decks/list/6708,Blue/Yellow Namiby David Sturm,23,OP06-104,Kikunojo,2
https://onepiece.limitlesstcg.com/decks/list/6708,Blue/Yellow Namiby David Sturm,23,OP15-113,Roronoa Zoro,2
https://onepiece.limitlesstcg.com/decks/list/6708,Blue/Yellow Namiby David Sturm,23,EB03-053,Nami,4
https://onepiece.limitlesstcg.com/decks/list/6708,Blue/Yellow Namiby David Sturm,23,OP15-114,Wyper,3
https://onepiece.limitlesstcg.com/decks/list/6708,Blue/Yellow Namiby David Sturm,23,OP15-119,Monkey.D.Luffy,3
https://onepiece.limitlesstcg.com/decks/list/6708,Blue/Yellow Namiby David Sturm,23,EB04-058,Borsalino,3
https://onepiece.limitlesstcg.com/decks/list/6708,Blue/Yellow Namiby David Sturm,23,OP14-108,Silvers Rayleigh,2
https://onepiece.limitlesstcg.com/decks/list/6708,Blue/Yellow Namiby David Sturm,23,OP15-109,Nico Robin,4
https://onepiece.limitlesstcg.com/decks/list/6708,Blue/Yellow Namiby David Sturm,23,EB03-055,Nico Robin,2
https://onepiece.limitlesstcg.com/decks/list/6708,Blue/Yellow Namiby David Sturm,23,OP16-119,Marshall.D.Teach,4
https://onepiece.limitlesstcg.com/decks/list/6708,Blue/Yellow Namiby David Sturm,23,OP13-042,Edward.Newgate,2
https://onepiece.limitlesstcg.com/decks/list/6708,Blue/Yellow Namiby David Sturm,23,OP06-058,Gravity Blade Raging Tiger,3
https://onepiece.limitlesstcg.com/decks/list/6711,Green/Blue Luffyby Luca Caré,24,OP16-022,Monkey.D.Luffy,1
https://onepiece.limitlesstcg.com/decks/list/6711,Green/Blue Luffyby Luca Caré,24,OP16-034,Monkey.D.Luffy,4
https://onepiece.limitlesstcg.com/decks/list/6711,Green/Blue Luffyby Luca Caré,24,OP16-054,Mr.1(Daz.Bonez),4
https://onepiece.limitlesstcg.com/decks/list/6711,Green/Blue Luffyby Luca Caré,24,OP16-055,Mr.2.Bon.Kurei(Bentham),4
https://onepiece.limitlesstcg.com/decks/list/6711,Green/Blue Luffyby Luca Caré,24,ST30-014,Mr.3(Galdino),3
https://onepiece.limitlesstcg.com/decks/list/6711,Green/Blue Luffyby Luca Caré,24,ST12-010,Emporio.Ivankov,4
https://onepiece.limitlesstcg.com/decks/list/6711,Green/Blue Luffyby Luca Caré,24,OP16-045,Crocodile,4
https://onepiece.limitlesstcg.com/decks/list/6711,Green/Blue Luffyby Luca Caré,24,OP16-056,Mr.3(Galdino),4
https://onepiece.limitlesstcg.com/decks/list/6711,Green/Blue Luffyby Luca Caré,24,OP16-048,Buggy,4
https://onepiece.limitlesstcg.com/decks/list/6711,Green/Blue Luffyby Luca Caré,24,OP16-042,Prisoner of Impel Down,8
https://onepiece.limitlesstcg.com/decks/list/6711,Green/Blue Luffyby Luca Caré,24,OP15-032,Brook,1
https://onepiece.limitlesstcg.com/decks/list/6711,Green/Blue Luffyby Luca Caré,24,OP16-032,Boa Hancock,3
https://onepiece.limitlesstcg.com/decks/list/6711,Green/Blue Luffyby Luca Caré,24,OP02-068,Gum-Gum Rain,1
https://onepiece.limitlesstcg.com/decks/list/6711,Green/Blue Luffyby Luca Caré,24,OP16-038,Let's Go!! To the Navy Headquarters!!,2
https://onepiece.limitlesstcg.com/decks/list/6711,Green/Blue Luffyby Luca Caré,24,EB01-028,Gum-Gum Champion Rifle,1
https://onepiece.limitlesstcg.com/decks/list/6711,Green/Blue Luffyby Luca Caré,24,OP12-037,Demon Aura Nine Sword Style Asura Blades Drawn Dead Man's Game,1
https://onepiece.limitlesstcg.com/decks/list/6711,Green/Blue Luffyby Luca Caré,24,OP11-061,Gum-Gum Jet Culverin,1
https://onepiece.limitlesstcg.com/decks/list/6711,Green/Blue Luffyby Luca Caré,24,OP06-058,Gravity Blade Raging Tiger,1
https://onepiece.limitlesstcg.com/decks/list/6707,Blue/Yellow Namiby DennisW,25,OP11-041,Nami,1
https://onepiece.limitlesstcg.com/decks/list/6707,Blue/Yellow Namiby DennisW,25,OP14-102,Kumacy,4
https://onepiece.limitlesstcg.com/decks/list/6707,Blue/Yellow Namiby DennisW,25,OP11-106,Zeus,4
https://onepiece.limitlesstcg.com/decks/list/6707,Blue/Yellow Namiby DennisW,25,OP14-110,Dr. Hogback,4
https://onepiece.limitlesstcg.com/decks/list/6707,Blue/Yellow Namiby DennisW,25,OP14-111,Perona,4
https://onepiece.limitlesstcg.com/decks/list/6707,Blue/Yellow Namiby DennisW,25,OP16-056,Mr.3(Galdino),4
https://onepiece.limitlesstcg.com/decks/list/6707,Blue/Yellow Namiby DennisW,25,OP06-104,Kikunojo,3
https://onepiece.limitlesstcg.com/decks/list/6707,Blue/Yellow Namiby DennisW,25,OP12-112,Baby 5,2
https://onepiece.limitlesstcg.com/decks/list/6707,Blue/Yellow Namiby DennisW,25,PRB02-008,Marco,2
https://onepiece.limitlesstcg.com/decks/list/6707,Blue/Yellow Namiby DennisW,25,EB03-053,Nami,4
https://onepiece.limitlesstcg.com/decks/list/6707,Blue/Yellow Namiby DennisW,25,EB04-058,Borsalino,4
https://onepiece.limitlesstcg.com/decks/list/6707,Blue/Yellow Namiby DennisW,25,OP15-114,Wyper,2
https://onepiece.limitlesstcg.com/decks/list/6707,Blue/Yellow Namiby DennisW,25,EB03-055,Nico Robin,4
https://onepiece.limitlesstcg.com/decks/list/6707,Blue/Yellow Namiby DennisW,25,OP14-104,Gecko Moria,4
https://onepiece.limitlesstcg.com/decks/list/6707,Blue/Yellow Namiby DennisW,25,OP13-042,Edward.Newgate,3
https://onepiece.limitlesstcg.com/decks/list/6707,Blue/Yellow Namiby DennisW,25,OP06-058,Gravity Blade Raging Tiger,2
https://onepiece.limitlesstcg.com/decks/list/6705,Purple Enelby Javi Ortiz,26,OP15-058,Enel,1
https://onepiece.limitlesstcg.com/decks/list/6705,Purple Enelby Javi Ortiz,26,OP12-071,Charlotte Pudding,4
https://onepiece.limitlesstcg.com/decks/list/6705,Purple Enelby Javi Ortiz,26,OP15-061,Ohm,4
https://onepiece.limitlesstcg.com/decks/list/6705,Purple Enelby Javi Ortiz,26,OP15-067,Shura,4
https://onepiece.limitlesstcg.com/decks/list/6705,Purple Enelby Javi Ortiz,26,OP15-071,Holly,4
https://onepiece.limitlesstcg.com/decks/list/6705,Purple Enelby Javi Ortiz,26,OP09-072,Franky,3
https://onepiece.limitlesstcg.com/decks/list/6705,Purple Enelby Javi Ortiz,26,OP12-063,Vinsmoke Reiju,2
https://onepiece.limitlesstcg.com/decks/list/6705,Purple Enelby Javi Ortiz,26,OP10-067,Senor Pink,2
https://onepiece.limitlesstcg.com/decks/list/6705,Purple Enelby Javi Ortiz,26,OP15-118,Enel,4
https://onepiece.limitlesstcg.com/decks/list/6705,Purple Enelby Javi Ortiz,26,OP15-075,El Thor,4
https://onepiece.limitlesstcg.com/decks/list/6705,Purple Enelby Javi Ortiz,26,OP15-076,Lightning Beast Kiten,4
https://onepiece.limitlesstcg.com/decks/list/6705,Purple Enelby Javi Ortiz,26,OP15-077,Lightning Dragon,4
https://onepiece.limitlesstcg.com/decks/list/6705,Purple Enelby Javi Ortiz,26,OP15-078,Mamaragan,4
https://onepiece.limitlesstcg.com/decks/list/6705,Purple Enelby Javi Ortiz,26,OP15-074,Varie,3
https://onepiece.limitlesstcg.com/decks/list/6705,Purple Enelby Javi Ortiz,26,OP13-076,Divine Departure,1
https://onepiece.limitlesstcg.com/decks/list/6705,Purple Enelby Javi Ortiz,26,OP05-077,Gamma Knife,3
https://onepiece.limitlesstcg.com/decks/list/6702,Green/Blue Luffyby Hungry,27,OP16-022,Monkey.D.Luffy,1
https://onepiece.limitlesstcg.com/decks/list/6702,Green/Blue Luffyby Hungry,27,OP16-034,Monkey.D.Luffy,4
https://onepiece.limitlesstcg.com/decks/list/6702,Green/Blue Luffyby Hungry,27,OP16-054,Mr.1(Daz.Bonez),4
https://onepiece.limitlesstcg.com/decks/list/6702,Green/Blue Luffyby Hungry,27,OP16-055,Mr.2.Bon.Kurei(Bentham),4
https://onepiece.limitlesstcg.com/decks/list/6702,Green/Blue Luffyby Hungry,27,ST30-014,Mr.3(Galdino),3
https://onepiece.limitlesstcg.com/decks/list/6702,Green/Blue Luffyby Hungry,27,OP16-045,Crocodile,4
https://onepiece.limitlesstcg.com/decks/list/6702,Green/Blue Luffyby Hungry,27,OP16-056,Mr.3(Galdino),4
https://onepiece.limitlesstcg.com/decks/list/6702,Green/Blue Luffyby Hungry,27,OP16-026,Emporio.Ivankov,2
https://onepiece.limitlesstcg.com/decks/list/6702,Green/Blue Luffyby Hungry,27,OP16-048,Buggy,4
https://onepiece.limitlesstcg.com/decks/list/6702,Green/Blue Luffyby Hungry,27,OP16-042,Prisoner of Impel Down,9
https://onepiece.limitlesstcg.com/decks/list/6702,Green/Blue Luffyby Hungry,27,OP15-032,Brook,1
https://onepiece.limitlesstcg.com/decks/list/6702,Green/Blue Luffyby Hungry,27,OP16-032,Boa Hancock,3
https://onepiece.limitlesstcg.com/decks/list/6702,Green/Blue Luffyby Hungry,27,OP02-068,Gum-Gum Rain,1
https://onepiece.limitlesstcg.com/decks/list/6702,Green/Blue Luffyby Hungry,27,OP16-038,Let's Go!! To the Navy Headquarters!!,2
https://onepiece.limitlesstcg.com/decks/list/6702,Green/Blue Luffyby Hungry,27,OP12-037,Demon Aura Nine Sword Style Asura Blades Drawn Dead Man's Game,1
https://onepiece.limitlesstcg.com/decks/list/6702,Green/Blue Luffyby Hungry,27,OP11-061,Gum-Gum Jet Culverin,1
https://onepiece.limitlesstcg.com/decks/list/6702,Green/Blue Luffyby Hungry,27,OP06-058,Gravity Blade Raging Tiger,3
https://onepiece.limitlesstcg.com/decks/list/6703,Green/Blue Luffyby Yosh,28,OP16-022,Monkey.D.Luffy,1
https://onepiece.limitlesstcg.com/decks/list/6703,Green/Blue Luffyby Yosh,28,OP16-034,Monkey.D.Luffy,4
https://onepiece.limitlesstcg.com/decks/list/6703,Green/Blue Luffyby Yosh,28,OP16-054,Mr.1(Daz.Bonez),4
https://onepiece.limitlesstcg.com/decks/list/6703,Green/Blue Luffyby Yosh,28,OP16-055,Mr.2.Bon.Kurei(Bentham),4
https://onepiece.limitlesstcg.com/decks/list/6703,Green/Blue Luffyby Yosh,28,ST30-014,Mr.3(Galdino),3
https://onepiece.limitlesstcg.com/decks/list/6703,Green/Blue Luffyby Yosh,28,ST12-010,Emporio.Ivankov,2
https://onepiece.limitlesstcg.com/decks/list/6703,Green/Blue Luffyby Yosh,28,OP16-045,Crocodile,4
https://onepiece.limitlesstcg.com/decks/list/6703,Green/Blue Luffyby Yosh,28,OP16-056,Mr.3(Galdino),4
https://onepiece.limitlesstcg.com/decks/list/6703,Green/Blue Luffyby Yosh,28,OP16-026,Emporio.Ivankov,2
https://onepiece.limitlesstcg.com/decks/list/6703,Green/Blue Luffyby Yosh,28,OP16-048,Buggy,4
https://onepiece.limitlesstcg.com/decks/list/6703,Green/Blue Luffyby Yosh,28,OP16-042,Prisoner of Impel Down,9
https://onepiece.limitlesstcg.com/decks/list/6703,Green/Blue Luffyby Yosh,28,OP15-032,Brook,1
https://onepiece.limitlesstcg.com/decks/list/6703,Green/Blue Luffyby Yosh,28,OP16-032,Boa Hancock,3
https://onepiece.limitlesstcg.com/decks/list/6703,Green/Blue Luffyby Yosh,28,OP02-068,Gum-Gum Rain,1
https://onepiece.limitlesstcg.com/decks/list/6703,Green/Blue Luffyby Yosh,28,OP16-038,Let's Go!! To the Navy Headquarters!!,3
https://onepiece.limitlesstcg.com/decks/list/6703,Green/Blue Luffyby Yosh,28,OP12-037,Demon Aura Nine Sword Style Asura Blades Drawn Dead Man's Game,1
https://onepiece.limitlesstcg.com/decks/list/6703,Green/Blue Luffyby Yosh,28,OP06-058,Gravity Blade Raging Tiger,1
https://onepiece.limitlesstcg.com/decks/list/6706,Black/Yellow Blackbeardby SSL Blank,29,OP16-080,Marshall.D.Teach,1
https://onepiece.limitlesstcg.com/decks/list/6706,Black/Yellow Blackbeardby SSL Blank,29,OP09-095,Laffitte,4
https://onepiece.limitlesstcg.com/decks/list/6706,Black/Yellow Blackbeardby SSL Blank,29,OP13-113,Lilith,4
https://onepiece.limitlesstcg.com/decks/list/6706,Black/Yellow Blackbeardby SSL Blank,29,OP16-110,Vasco Shot,4
https://onepiece.limitlesstcg.com/decks/list/6706,Black/Yellow Blackbeardby SSL Blank,29,OP16-103,Van Augur,2
https://onepiece.limitlesstcg.com/decks/list/6706,Black/Yellow Blackbeardby SSL Blank,29,OP16-109,Doc Q,2
https://onepiece.limitlesstcg.com/decks/list/6706,Black/Yellow Blackbeardby SSL Blank,29,OP16-104,Catarina Devon,4
https://onepiece.limitlesstcg.com/decks/list/6706,Black/Yellow Blackbeardby SSL Blank,29,OP12-112,Baby 5,3
https://onepiece.limitlesstcg.com/decks/list/6706,Black/Yellow Blackbeardby SSL Blank,29,OP16-106,Sanjuan.Wolf,2
https://onepiece.limitlesstcg.com/decks/list/6706,Black/Yellow Blackbeardby SSL Blank,29,EB04-058,Borsalino,4
https://onepiece.limitlesstcg.com/decks/list/6706,Black/Yellow Blackbeardby SSL Blank,29,OP14-108,Silvers Rayleigh,4
https://onepiece.limitlesstcg.com/decks/list/6706,Black/Yellow Blackbeardby SSL Blank,29,OP16-108,Shiryu,4
https://onepiece.limitlesstcg.com/decks/list/6706,Black/Yellow Blackbeardby SSL Blank,29,OP16-119,Marshall.D.Teach,4
https://onepiece.limitlesstcg.com/decks/list/6706,Black/Yellow Blackbeardby SSL Blank,29,OP14-112,Boa Hancock,2
https://onepiece.limitlesstcg.com/decks/list/6706,Black/Yellow Blackbeardby SSL Blank,29,OP09-093,Marshall.D.Teach,4
https://onepiece.limitlesstcg.com/decks/list/6706,Black/Yellow Blackbeardby SSL Blank,29,OP14-118,You'll Frighten Me... ♡,1
https://onepiece.limitlesstcg.com/decks/list/6706,Black/Yellow Blackbeardby SSL Blank,29,OP16-116,Zehahahahaha!,2
https://onepiece.limitlesstcg.com/decks/list/6710,Blue/Yellow Namiby Raphael Neven,30,OP11-041,Nami,1
https://onepiece.limitlesstcg.com/decks/list/6710,Blue/Yellow Namiby Raphael Neven,30,OP11-106,Zeus,4
https://onepiece.limitlesstcg.com/decks/list/6710,Blue/Yellow Namiby Raphael Neven,30,P-096,Girl,4
https://onepiece.limitlesstcg.com/decks/list/6710,Blue/Yellow Namiby Raphael Neven,30,OP10-049,Sabo,4
https://onepiece.limitlesstcg.com/decks/list/6710,Blue/Yellow Namiby Raphael Neven,30,OP16-056,Mr.3(Galdino),4
https://onepiece.limitlesstcg.com/decks/list/6710,Blue/Yellow Namiby Raphael Neven,30,OP12-112,Baby 5,2
https://onepiece.limitlesstcg.com/decks/list/6710,Blue/Yellow Namiby Raphael Neven,30,EB03-053,Nami,4
https://onepiece.limitlesstcg.com/decks/list/6710,Blue/Yellow Namiby Raphael Neven,30,OP15-114,Wyper,4
https://onepiece.limitlesstcg.com/decks/list/6710,Blue/Yellow Namiby Raphael Neven,30,OP15-119,Monkey.D.Luffy,4
https://onepiece.limitlesstcg.com/decks/list/6710,Blue/Yellow Namiby Raphael Neven,30,EB04-058,Borsalino,4
https://onepiece.limitlesstcg.com/decks/list/6710,Blue/Yellow Namiby Raphael Neven,30,EB03-024,Nefeltari Vivi,3
https://onepiece.limitlesstcg.com/decks/list/6710,Blue/Yellow Namiby Raphael Neven,30,EB03-055,Nico Robin,4
https://onepiece.limitlesstcg.com/decks/list/6710,Blue/Yellow Namiby Raphael Neven,30,OP15-109,Nico Robin,4
https://onepiece.limitlesstcg.com/decks/list/6710,Blue/Yellow Namiby Raphael Neven,30,OP13-042,Edward.Newgate,3
https://onepiece.limitlesstcg.com/decks/list/6710,Blue/Yellow Namiby Raphael Neven,30,OP06-058,Gravity Blade Raging Tiger,2
https://onepiece.limitlesstcg.com/decks/list/6709,Green/Blue Luffyby Babbo8x,31,OP16-022,Monkey.D.Luffy,1
https://onepiece.limitlesstcg.com/decks/list/6709,Green/Blue Luffyby Babbo8x,31,OP16-034,Monkey.D.Luffy,4
https://onepiece.limitlesstcg.com/decks/list/6709,Green/Blue Luffyby Babbo8x,31,OP16-054,Mr.1(Daz.Bonez),4
https://onepiece.limitlesstcg.com/decks/list/6709,Green/Blue Luffyby Babbo8x,31,OP16-055,Mr.2.Bon.Kurei(Bentham),4
https://onepiece.limitlesstcg.com/decks/list/6709,Green/Blue Luffyby Babbo8x,31,ST30-014,Mr.3(Galdino),3
https://onepiece.limitlesstcg.com/decks/list/6709,Green/Blue Luffyby Babbo8x,31,OP16-027,Jinbe,2
https://onepiece.limitlesstcg.com/decks/list/6709,Green/Blue Luffyby Babbo8x,31,OP16-056,Mr.3(Galdino),4
https://onepiece.limitlesstcg.com/decks/list/6709,Green/Blue Luffyby Babbo8x,31,OP16-026,Emporio.Ivankov,3
https://onepiece.limitlesstcg.com/decks/list/6709,Green/Blue Luffyby Babbo8x,31,OP16-045,Crocodile,3
https://onepiece.limitlesstcg.com/decks/list/6709,Green/Blue Luffyby Babbo8x,31,OP16-048,Buggy,4
https://onepiece.limitlesstcg.com/decks/list/6709,Green/Blue Luffyby Babbo8x,31,OP16-042,Prisoner of Impel Down,8
https://onepiece.limitlesstcg.com/decks/list/6709,Green/Blue Luffyby Babbo8x,31,OP15-032,Brook,2
https://onepiece.limitlesstcg.com/decks/list/6709,Green/Blue Luffyby Babbo8x,31,OP16-032,Boa Hancock,3
https://onepiece.limitlesstcg.com/decks/list/6709,Green/Blue Luffyby Babbo8x,31,OP02-068,Gum-Gum Rain,1
https://onepiece.limitlesstcg.com/decks/list/6709,Green/Blue Luffyby Babbo8x,31,OP16-038,Let's Go!! To the Navy Headquarters!!,2
https://onepiece.limitlesstcg.com/decks/list/6709,Green/Blue Luffyby Babbo8x,31,OP12-037,Demon Aura Nine Sword Style Asura Blades Drawn Dead Man's Game,1
https://onepiece.limitlesstcg.com/decks/list/6709,Green/Blue Luffyby Babbo8x,31,OP06-058,Gravity Blade Raging Tiger,2
https://onepiece.limitlesstcg.com/decks/list/6714,Purple/Yellow Rosinanteby Vins,32,OP12-061,Donquixote Rosinante,1
https://onepiece.limitlesstcg.com/decks/list/6714,Purple/Yellow Rosinanteby Vins,32,OP12-108,Donquixote Rosinante,4
https://onepiece.limitlesstcg.com/decks/list/6714,Purple/Yellow Rosinanteby Vins,32,OP16-064,Koby,4
https://onepiece.limitlesstcg.com/decks/list/6714,Purple/Yellow Rosinanteby Vins,32,OP10-114,X.Drake,2
https://onepiece.limitlesstcg.com/decks/list/6714,Purple/Yellow Rosinanteby Vins,32,P-088,Trafalgar Law,4
https://onepiece.limitlesstcg.com/decks/list/6714,Purple/Yellow Rosinanteby Vins,32,P-093,Trafalgar Law,4
https://onepiece.limitlesstcg.com/decks/list/6714,Purple/Yellow Rosinanteby Vins,32,ST10-010,Trafalgar Law,3
https://onepiece.limitlesstcg.com/decks/list/6714,Purple/Yellow Rosinanteby Vins,32,EB04-058,Borsalino,4
https://onepiece.limitlesstcg.com/decks/list/6714,Purple/Yellow Rosinanteby Vins,32,OP15-114,Wyper,2
https://onepiece.limitlesstcg.com/decks/list/6714,Purple/Yellow Rosinanteby Vins,32,EB04-038,Rosinante & Law,4
https://onepiece.limitlesstcg.com/decks/list/6714,Purple/Yellow Rosinanteby Vins,32,OP16-065,Sakazuki,4
https://onepiece.limitlesstcg.com/decks/list/6714,Purple/Yellow Rosinanteby Vins,32,EB03-062,Trafalgar Law,1
https://onepiece.limitlesstcg.com/decks/list/6714,Purple/Yellow Rosinanteby Vins,32,OP15-078,Mamaragan,4
https://onepiece.limitlesstcg.com/decks/list/6714,Purple/Yellow Rosinanteby Vins,32,OP12-115,I Love You!!,4
https://onepiece.limitlesstcg.com/decks/list/6714,Purple/Yellow Rosinanteby Vins,32,OP09-077,Gum-Gum Lightning,2
https://onepiece.limitlesstcg.com/decks/list/6714,Purple/Yellow Rosinanteby Vins,32,OP16-078,Marineford,4
https://onepiece.limitlesstcg.com/decks/list/6537,Green/Blue Luffyby Hrvoje Hedžet,1,OP16-022,Monkey.D.Luffy,1
https://onepiece.limitlesstcg.com/decks/list/6537,Green/Blue Luffyby Hrvoje Hedžet,1,OP16-034,Monkey.D.Luffy,4
https://onepiece.limitlesstcg.com/decks/list/6537,Green/Blue Luffyby Hrvoje Hedžet,1,OP16-054,Mr.1(Daz.Bonez),4
https://onepiece.limitlesstcg.com/decks/list/6537,Green/Blue Luffyby Hrvoje Hedžet,1,OP16-055,Mr.2.Bon.Kurei(Bentham),4
https://onepiece.limitlesstcg.com/decks/list/6537,Green/Blue Luffyby Hrvoje Hedžet,1,ST30-014,Mr.3(Galdino),3
https://onepiece.limitlesstcg.com/decks/list/6537,Green/Blue Luffyby Hrvoje Hedžet,1,ST12-010,Emporio.Ivankov,2
https://onepiece.limitlesstcg.com/decks/list/6537,Green/Blue Luffyby Hrvoje Hedžet,1,OP16-045,Crocodile,4
https://onepiece.limitlesstcg.com/decks/list/6537,Green/Blue Luffyby Hrvoje Hedžet,1,OP16-056,Mr.3(Galdino),4
https://onepiece.limitlesstcg.com/decks/list/6537,Green/Blue Luffyby Hrvoje Hedžet,1,OP16-026,Emporio.Ivankov,2
https://onepiece.limitlesstcg.com/decks/list/6537,Green/Blue Luffyby Hrvoje Hedžet,1,OP16-048,Buggy,4
https://onepiece.limitlesstcg.com/decks/list/6537,Green/Blue Luffyby Hrvoje Hedžet,1,OP16-042,Prisoner of Impel Down,9
https://onepiece.limitlesstcg.com/decks/list/6537,Green/Blue Luffyby Hrvoje Hedžet,1,OP15-032,Brook,1
https://onepiece.limitlesstcg.com/decks/list/6537,Green/Blue Luffyby Hrvoje Hedžet,1,OP16-032,Boa Hancock,2
https://onepiece.limitlesstcg.com/decks/list/6537,Green/Blue Luffyby Hrvoje Hedžet,1,OP02-068,Gum-Gum Rain,1
https://onepiece.limitlesstcg.com/decks/list/6537,Green/Blue Luffyby Hrvoje Hedžet,1,OP16-038,Let's Go!! To the Navy Headquarters!!,2
https://onepiece.limitlesstcg.com/decks/list/6537,Green/Blue Luffyby Hrvoje Hedžet,1,EB01-028,Gum-Gum Champion Rifle,1
https://onepiece.limitlesstcg.com/decks/list/6537,Green/Blue Luffyby Hrvoje Hedžet,1,OP12-037,Demon Aura Nine Sword Style Asura Blades Drawn Dead Man's Game,1
https://onepiece.limitlesstcg.com/decks/list/6537,Green/Blue Luffyby Hrvoje Hedžet,1,OP11-061,Gum-Gum Jet Culverin,1
https://onepiece.limitlesstcg.com/decks/list/6537,Green/Blue Luffyby Hrvoje Hedžet,1,OP06-058,Gravity Blade Raging Tiger,1
https://onepiece.limitlesstcg.com/decks/list/6538,Green/Blue Luffyby Žan Kralj,2,OP16-022,Monkey.D.Luffy,1
https://onepiece.limitlesstcg.com/decks/list/6538,Green/Blue Luffyby Žan Kralj,2,OP16-034,Monkey.D.Luffy,4
https://onepiece.limitlesstcg.com/decks/list/6538,Green/Blue Luffyby Žan Kralj,2,OP16-054,Mr.1(Daz.Bonez),4
https://onepiece.limitlesstcg.com/decks/list/6538,Green/Blue Luffyby Žan Kralj,2,OP16-055,Mr.2.Bon.Kurei(Bentham),4
https://onepiece.limitlesstcg.com/decks/list/6538,Green/Blue Luffyby Žan Kralj,2,ST30-014,Mr.3(Galdino),3
https://onepiece.limitlesstcg.com/decks/list/6538,Green/Blue Luffyby Žan Kralj,2,ST12-010,Emporio.Ivankov,4
https://onepiece.limitlesstcg.com/decks/list/6538,Green/Blue Luffyby Žan Kralj,2,OP16-056,Mr.3(Galdino),4
https://onepiece.limitlesstcg.com/decks/list/6538,Green/Blue Luffyby Žan Kralj,2,OP16-045,Crocodile,3
https://onepiece.limitlesstcg.com/decks/list/6538,Green/Blue Luffyby Žan Kralj,2,OP16-026,Emporio.Ivankov,2
https://onepiece.limitlesstcg.com/decks/list/6538,Green/Blue Luffyby Žan Kralj,2,OP16-048,Buggy,4
https://onepiece.limitlesstcg.com/decks/list/6538,Green/Blue Luffyby Žan Kralj,2,OP16-042,Prisoner of Impel Down,9
https://onepiece.limitlesstcg.com/decks/list/6538,Green/Blue Luffyby Žan Kralj,2,OP16-032,Boa Hancock,3
https://onepiece.limitlesstcg.com/decks/list/6538,Green/Blue Luffyby Žan Kralj,2,OP02-068,Gum-Gum Rain,1
https://onepiece.limitlesstcg.com/decks/list/6538,Green/Blue Luffyby Žan Kralj,2,OP16-038,Let's Go!! To the Navy Headquarters!!,3
https://onepiece.limitlesstcg.com/decks/list/6538,Green/Blue Luffyby Žan Kralj,2,OP06-058,Gravity Blade Raging Tiger,2
https://onepiece.limitlesstcg.com/decks/list/6539,Purple/Yellow Rosinanteby Gamba,3,OP12-061,Donquixote Rosinante,1
https://onepiece.limitlesstcg.com/decks/list/6539,Purple/Yellow Rosinanteby Gamba,3,OP16-064,Koby,4
https://onepiece.limitlesstcg.com/decks/list/6539,Purple/Yellow Rosinanteby Gamba,3,OP12-108,Donquixote Rosinante,3
https://onepiece.limitlesstcg.com/decks/list/6539,Purple/Yellow Rosinanteby Gamba,3,OP10-114,X.Drake,2
https://onepiece.limitlesstcg.com/decks/list/6539,Purple/Yellow Rosinanteby Gamba,3,P-088,Trafalgar Law,4
https://onepiece.limitlesstcg.com/decks/list/6539,Purple/Yellow Rosinanteby Gamba,3,P-093,Trafalgar Law,4
https://onepiece.limitlesstcg.com/decks/list/6539,Purple/Yellow Rosinanteby Gamba,3,ST10-010,Trafalgar Law,3
https://onepiece.limitlesstcg.com/decks/list/6539,Purple/Yellow Rosinanteby Gamba,3,OP16-068,Trafalgar Law,2
https://onepiece.limitlesstcg.com/decks/list/6539,Purple/Yellow Rosinanteby Gamba,3,EB04-058,Borsalino,4
https://onepiece.limitlesstcg.com/decks/list/6539,Purple/Yellow Rosinanteby Gamba,3,EB04-038,Rosinante & Law,4
https://onepiece.limitlesstcg.com/decks/list/6539,Purple/Yellow Rosinanteby Gamba,3,OP16-065,Sakazuki,4
https://onepiece.limitlesstcg.com/decks/list/6539,Purple/Yellow Rosinanteby Gamba,3,EB03-062,Trafalgar Law,1
https://onepiece.limitlesstcg.com/decks/list/6539,Purple/Yellow Rosinanteby Gamba,3,OP15-078,Mamaragan,4
https://onepiece.limitlesstcg.com/decks/list/6539,Purple/Yellow Rosinanteby Gamba,3,OP13-076,Divine Departure,2
https://onepiece.limitlesstcg.com/decks/list/6539,Purple/Yellow Rosinanteby Gamba,3,OP12-115,I Love You!!,4
https://onepiece.limitlesstcg.com/decks/list/6539,Purple/Yellow Rosinanteby Gamba,3,OP09-077,Gum-Gum Lightning,2
https://onepiece.limitlesstcg.com/decks/list/6539,Purple/Yellow Rosinanteby Gamba,3,OP16-078,Marineford,3
https://onepiece.limitlesstcg.com/decks/list/6540,Green/Blue Luffyby Hendrok,4,OP16-022,Monkey.D.Luffy,1
https://onepiece.limitlesstcg.com/decks/list/6540,Green/Blue Luffyby Hendrok,4,OP16-034,Monkey.D.Luffy,4
https://onepiece.limitlesstcg.com/decks/list/6540,Green/Blue Luffyby Hendrok,4,OP16-054,Mr.1(Daz.Bonez),4
https://onepiece.limitlesstcg.com/decks/list/6540,Green/Blue Luffyby Hendrok,4,OP16-055,Mr.2.Bon.Kurei(Bentham),4
https://onepiece.limitlesstcg.com/decks/list/6540,Green/Blue Luffyby Hendrok,4,OP16-027,Jinbe,2
https://onepiece.limitlesstcg.com/decks/list/6540,Green/Blue Luffyby Hendrok,4,ST30-014,Mr.3(Galdino),2
https://onepiece.limitlesstcg.com/decks/list/6540,Green/Blue Luffyby Hendrok,4,ST12-010,Emporio.Ivankov,4
https://onepiece.limitlesstcg.com/decks/list/6540,Green/Blue Luffyby Hendrok,4,OP16-045,Crocodile,4
https://onepiece.limitlesstcg.com/decks/list/6540,Green/Blue Luffyby Hendrok,4,OP16-056,Mr.3(Galdino),4
https://onepiece.limitlesstcg.com/decks/list/6540,Green/Blue Luffyby Hendrok,4,OP16-048,Buggy,4
https://onepiece.limitlesstcg.com/decks/list/6540,Green/Blue Luffyby Hendrok,4,OP16-042,Prisoner of Impel Down,8
https://onepiece.limitlesstcg.com/decks/list/6540,Green/Blue Luffyby Hendrok,4,OP15-032,Brook,1
https://onepiece.limitlesstcg.com/decks/list/6540,Green/Blue Luffyby Hendrok,4,OP16-032,Boa Hancock,3
https://onepiece.limitlesstcg.com/decks/list/6540,Green/Blue Luffyby Hendrok,4,OP02-068,Gum-Gum Rain,1
https://onepiece.limitlesstcg.com/decks/list/6540,Green/Blue Luffyby Hendrok,4,OP16-038,Let's Go!! To the Navy Headquarters!!,3
https://onepiece.limitlesstcg.com/decks/list/6540,Green/Blue Luffyby Hendrok,4,OP06-058,Gravity Blade Raging Tiger,2
https://onepiece.limitlesstcg.com/decks/list/6541,Black Yamatoby Vincaru,5,OP16-079,Yamato,1
https://onepiece.limitlesstcg.com/decks/list/6541,Black Yamatoby Vincaru,5,OP16-091,Nami,4
https://onepiece.limitlesstcg.com/decks/list/6541,Black Yamatoby Vincaru,5,OP16-092,Nico Robin,4
https://onepiece.limitlesstcg.com/decks/list/6541,Black Yamatoby Vincaru,5,OP16-087,Shinobu,4
https://onepiece.limitlesstcg.com/decks/list/6541,Black Yamatoby Vincaru,5,OP16-081,Otama,2
https://onepiece.limitlesstcg.com/decks/list/6541,Black Yamatoby Vincaru,5,OP16-088,Shimotsuki Ushimaru,2
https://onepiece.limitlesstcg.com/decks/list/6541,Black Yamatoby Vincaru,5,OP16-095,Monkey.D.Luffy,2
https://onepiece.limitlesstcg.com/decks/list/6541,Black Yamatoby Vincaru,5,OP13-093,Morgans,2
https://onepiece.limitlesstcg.com/decks/list/6541,Black Yamatoby Vincaru,5,OP16-082,Kin'emon,4
https://onepiece.limitlesstcg.com/decks/list/6541,Black Yamatoby Vincaru,5,OP16-084,Kouzuki Momonosuke,4
https://onepiece.limitlesstcg.com/decks/list/6541,Black Yamatoby Vincaru,5,OP16-098,Yamato,4
https://onepiece.limitlesstcg.com/decks/list/6541,Black Yamatoby Vincaru,5,OP16-096,Yamato,4
https://onepiece.limitlesstcg.com/decks/list/6541,Black Yamatoby Vincaru,5,OP16-097,Yamato,4
https://onepiece.limitlesstcg.com/decks/list/6541,Black Yamatoby Vincaru,5,OP16-085,Kouzuki Momonosuke,4
https://onepiece.limitlesstcg.com/decks/list/6541,Black Yamatoby Vincaru,5,OP16-099,I've Come Here... To Cut Those Chains!!!,3
https://onepiece.limitlesstcg.com/decks/list/6541,Black Yamatoby Vincaru,5,OP14-096,Ground Death,2
https://onepiece.limitlesstcg.com/decks/list/6541,Black Yamatoby Vincaru,5,OP11-097,After All These Years I'm Losing My Edge!!!,1
https://onepiece.limitlesstcg.com/decks/list/6542,Black/Yellow Blackbeardby (⌐■_■),6,OP16-080,Marshall.D.Teach,1
https://onepiece.limitlesstcg.com/decks/list/6542,Black/Yellow Blackbeardby (⌐■_■),6,OP09-095,Laffitte,4
https://onepiece.limitlesstcg.com/decks/list/6542,Black/Yellow Blackbeardby (⌐■_■),6,OP13-113,Lilith,4
https://onepiece.limitlesstcg.com/decks/list/6542,Black/Yellow Blackbeardby (⌐■_■),6,OP16-110,Vasco Shot,4
https://onepiece.limitlesstcg.com/decks/list/6542,Black/Yellow Blackbeardby (⌐■_■),6,OP16-103,Van Augur,2
https://onepiece.limitlesstcg.com/decks/list/6542,Black/Yellow Blackbeardby (⌐■_■),6,OP12-112,Baby 5,4
https://onepiece.limitlesstcg.com/decks/list/6542,Black/Yellow Blackbeardby (⌐■_■),6,OP16-104,Catarina Devon,4
https://onepiece.limitlesstcg.com/decks/list/6542,Black/Yellow Blackbeardby (⌐■_■),6,OP16-106,Sanjuan.Wolf,3
https://onepiece.limitlesstcg.com/decks/list/6542,Black/Yellow Blackbeardby (⌐■_■),6,EB04-058,Borsalino,4
https://onepiece.limitlesstcg.com/decks/list/6542,Black/Yellow Blackbeardby (⌐■_■),6,OP16-108,Shiryu,4
https://onepiece.limitlesstcg.com/decks/list/6542,Black/Yellow Blackbeardby (⌐■_■),6,OP14-108,Silvers Rayleigh,3
https://onepiece.limitlesstcg.com/decks/list/6542,Black/Yellow Blackbeardby (⌐■_■),6,OP16-119,Marshall.D.Teach,4
https://onepiece.limitlesstcg.com/decks/list/6542,Black/Yellow Blackbeardby (⌐■_■),6,OP14-112,Boa Hancock,1
https://onepiece.limitlesstcg.com/decks/list/6542,Black/Yellow Blackbeardby (⌐■_■),6,OP09-093,Marshall.D.Teach,4
https://onepiece.limitlesstcg.com/decks/list/6542,Black/Yellow Blackbeardby (⌐■_■),6,OP14-118,You'll Frighten Me... ♡,1
https://onepiece.limitlesstcg.com/decks/list/6542,Black/Yellow Blackbeardby (⌐■_■),6,OP16-115,Black Vortex,1
https://onepiece.limitlesstcg.com/decks/list/6542,Black/Yellow Blackbeardby (⌐■_■),6,OP16-116,Zehahahahaha!,3
https://onepiece.limitlesstcg.com/decks/list/6543,Purple/Yellow Rosinanteby Francesco Liuzzi,7,OP12-061,Donquixote Rosinante,1
https://onepiece.limitlesstcg.com/decks/list/6543,Purple/Yellow Rosinanteby Francesco Liuzzi,7,OP16-064,Koby,4
https://onepiece.limitlesstcg.com/decks/list/6543,Purple/Yellow Rosinanteby Francesco Liuzzi,7,OP12-108,Donquixote Rosinante,3
https://onepiece.limitlesstcg.com/decks/list/6543,Purple/Yellow Rosinanteby Francesco Liuzzi,7,OP10-114,X.Drake,2
https://onepiece.limitlesstcg.com/decks/list/6543,Purple/Yellow Rosinanteby Francesco Liuzzi,7,ST10-010,Trafalgar Law,4
https://onepiece.limitlesstcg.com/decks/list/6543,Purple/Yellow Rosinanteby Francesco Liuzzi,7,P-088,Trafalgar Law,4
https://onepiece.limitlesstcg.com/decks/list/6543,Purple/Yellow Rosinanteby Francesco Liuzzi,7,P-093,Trafalgar Law,4
https://onepiece.limitlesstcg.com/decks/list/6543,Purple/Yellow Rosinanteby Francesco Liuzzi,7,EB04-058,Borsalino,4
https://onepiece.limitlesstcg.com/decks/list/6543,Purple/Yellow Rosinanteby Francesco Liuzzi,7,EB04-038,Rosinante & Law,4
https://onepiece.limitlesstcg.com/decks/list/6543,Purple/Yellow Rosinanteby Francesco Liuzzi,7,OP16-065,Sakazuki,4
https://onepiece.limitlesstcg.com/decks/list/6543,Purple/Yellow Rosinanteby Francesco Liuzzi,7,EB03-062,Trafalgar Law,1
https://onepiece.limitlesstcg.com/decks/list/6543,Purple/Yellow Rosinanteby Francesco Liuzzi,7,OP15-078,Mamaragan,4
https://onepiece.limitlesstcg.com/decks/list/6543,Purple/Yellow Rosinanteby Francesco Liuzzi,7,OP13-076,Divine Departure,1
https://onepiece.limitlesstcg.com/decks/list/6543,Purple/Yellow Rosinanteby Francesco Liuzzi,7,OP12-115,I Love You!!,4
https://onepiece.limitlesstcg.com/decks/list/6543,Purple/Yellow Rosinanteby Francesco Liuzzi,7,OP09-077,Gum-Gum Lightning,2
https://onepiece.limitlesstcg.com/decks/list/6543,Purple/Yellow Rosinanteby Francesco Liuzzi,7,OP07-076,Slow-Slow Beam Sword,1
https://onepiece.limitlesstcg.com/decks/list/6543,Purple/Yellow Rosinanteby Francesco Liuzzi,7,OP16-078,Marineford,4
https://onepiece.limitlesstcg.com/decks/list/6544,Blue/Yellow Hancockby Wladimir,8,OP14-041,Boa Hancock,1
https://onepiece.limitlesstcg.com/decks/list/6544,Blue/Yellow Hancockby Wladimir,8,OP14-103,Gloriosa (Grandma Nyon),3
https://onepiece.limitlesstcg.com/decks/list/6544,Blue/Yellow Hancockby Wladimir,8,OP06-106,Kouzuki Hiyori,1
https://onepiece.limitlesstcg.com/decks/list/6544,Blue/Yellow Hancockby Wladimir,8,OP14-114,Ran,4
https://onepiece.limitlesstcg.com/decks/list/6544,Blue/Yellow Hancockby Wladimir,8,OP15-113,Roronoa Zoro,4
https://onepiece.limitlesstcg.com/decks/list/6544,Blue/Yellow Hancockby Wladimir,8,OP16-111,Boa Sandersonia,3
https://onepiece.limitlesstcg.com/decks/list/6544,Blue/Yellow Hancockby Wladimir,8,EB04-058,Borsalino,4
https://onepiece.limitlesstcg.com/decks/list/6544,Blue/Yellow Hancockby Wladimir,8,OP16-113,Boa Marigold,4
https://onepiece.limitlesstcg.com/decks/list/6544,Blue/Yellow Hancockby Wladimir,8,OP11-054,Nami,2
https://onepiece.limitlesstcg.com/decks/list/6544,Blue/Yellow Hancockby Wladimir,8,OP14-105,Gorgon Sisters,4
https://onepiece.limitlesstcg.com/decks/list/6544,Blue/Yellow Hancockby Wladimir,8,OP14-107,Shakuyaku,4
https://onepiece.limitlesstcg.com/decks/list/6544,Blue/Yellow Hancockby Wladimir,8,OP12-119,Bartholomew Kuma,3
https://onepiece.limitlesstcg.com/decks/list/6544,Blue/Yellow Hancockby Wladimir,8,OP14-104,Gecko Moria,4
https://onepiece.limitlesstcg.com/decks/list/6544,Blue/Yellow Hancockby Wladimir,8,OP16-119,Marshall.D.Teach,3
https://onepiece.limitlesstcg.com/decks/list/6544,Blue/Yellow Hancockby Wladimir,8,OP14-112,Boa Hancock,4
https://onepiece.limitlesstcg.com/decks/list/6544,Blue/Yellow Hancockby Wladimir,8,OP06-115,You're the One Who Should Disappear.,2
https://onepiece.limitlesstcg.com/decks/list/6544,Blue/Yellow Hancockby Wladimir,8,OP07-057,Perfume Femur,1
https://onepiece.limitlesstcg.com/decks/list/6545,Purple Sengokuby Lonotus,9,OP16-060,Sengoku,1
https://onepiece.limitlesstcg.com/decks/list/6545,Purple Sengokuby Lonotus,9,OP16-064,Koby,4
https://onepiece.limitlesstcg.com/decks/list/6545,Purple Sengokuby Lonotus,9,OP16-067,Tsuru,4
https://onepiece.limitlesstcg.com/decks/list/6545,Purple Sengokuby Lonotus,9,OP16-070,Donquixote Rosinante,4
https://onepiece.limitlesstcg.com/decks/list/6545,Purple Sengokuby Lonotus,9,EB01-061,Mr.2.Bon.Kurei(Bentham),3
https://onepiece.limitlesstcg.com/decks/list/6545,Purple Sengokuby Lonotus,9,OP16-066,Sengoku,4
https://onepiece.limitlesstcg.com/decks/list/6545,Purple Sengokuby Lonotus,9,OP16-062,Younger Brother Marine,2
https://onepiece.limitlesstcg.com/decks/list/6545,Purple Sengokuby Lonotus,9,OP16-063,Kuzan,4
https://onepiece.limitlesstcg.com/decks/list/6545,Purple Sengokuby Lonotus,9,OP16-065,Sakazuki,4
https://onepiece.limitlesstcg.com/decks/list/6545,Purple Sengokuby Lonotus,9,OP16-073,Borsalino,4
https://onepiece.limitlesstcg.com/decks/list/6545,Purple Sengokuby Lonotus,9,OP15-078,Mamaragan,4
https://onepiece.limitlesstcg.com/decks/list/6545,Purple Sengokuby Lonotus,9,OP16-076,The Three Admirals!!,4
https://onepiece.limitlesstcg.com/decks/list/6545,Purple Sengokuby Lonotus,9,OP16-077,"""Buddha"" Sengoku",4
https://onepiece.limitlesstcg.com/decks/list/6545,Purple Sengokuby Lonotus,9,OP09-077,Gum-Gum Lightning,2
https://onepiece.limitlesstcg.com/decks/list/6545,Purple Sengokuby Lonotus,9,OP16-078,Marineford,3
https://onepiece.limitlesstcg.com/decks/list/6546,Green/Blue Luffyby Beton112,10,OP16-022,Monkey.D.Luffy,1
https://onepiece.limitlesstcg.com/decks/list/6546,Green/Blue Luffyby Beton112,10,OP16-034,Monkey.D.Luffy,4
https://onepiece.limitlesstcg.com/decks/list/6546,Green/Blue Luffyby Beton112,10,OP16-054,Mr.1(Daz.Bonez),4
https://onepiece.limitlesstcg.com/decks/list/6546,Green/Blue Luffyby Beton112,10,OP16-055,Mr.2.Bon.Kurei(Bentham),4
https://onepiece.limitlesstcg.com/decks/list/6546,Green/Blue Luffyby Beton112,10,ST30-014,Mr.3(Galdino),2
https://onepiece.limitlesstcg.com/decks/list/6546,Green/Blue Luffyby Beton112,10,OP16-045,Crocodile,4
https://onepiece.limitlesstcg.com/decks/list/6546,Green/Blue Luffyby Beton112,10,OP16-056,Mr.3(Galdino),4
https://onepiece.limitlesstcg.com/decks/list/6546,Green/Blue Luffyby Beton112,10,OP16-026,Emporio.Ivankov,2
https://onepiece.limitlesstcg.com/decks/list/6546,Green/Blue Luffyby Beton112,10,OP16-048,Buggy,4
https://onepiece.limitlesstcg.com/decks/list/6546,Green/Blue Luffyby Beton112,10,OP16-050,Miss Olive,1
https://onepiece.limitlesstcg.com/decks/list/6546,Green/Blue Luffyby Beton112,10,OP16-042,Prisoner of Impel Down,8
https://onepiece.limitlesstcg.com/decks/list/6546,Green/Blue Luffyby Beton112,10,OP15-032,Brook,2
https://onepiece.limitlesstcg.com/decks/list/6546,Green/Blue Luffyby Beton112,10,OP16-032,Boa Hancock,3
https://onepiece.limitlesstcg.com/decks/list/6546,Green/Blue Luffyby Beton112,10,OP02-068,Gum-Gum Rain,1
https://onepiece.limitlesstcg.com/decks/list/6546,Green/Blue Luffyby Beton112,10,OP16-038,Let's Go!! To the Navy Headquarters!!,2
https://onepiece.limitlesstcg.com/decks/list/6546,Green/Blue Luffyby Beton112,10,OP12-037,Demon Aura Nine Sword Style Asura Blades Drawn Dead Man's Game,1
https://onepiece.limitlesstcg.com/decks/list/6546,Green/Blue Luffyby Beton112,10,OP13-040,I Know You're Strong... So I'll Go All Out from the Very Start!!!,1
https://onepiece.limitlesstcg.com/decks/list/6546,Green/Blue Luffyby Beton112,10,OP08-036,Electrical Luna,1
https://onepiece.limitlesstcg.com/decks/list/6546,Green/Blue Luffyby Beton112,10,OP06-058,Gravity Blade Raging Tiger,2
https://onepiece.limitlesstcg.com/decks/list/6547,Red/Blue Lucyby Peter Borschnek,11,OP15-002,Lucy,1
https://onepiece.limitlesstcg.com/decks/list/6547,Red/Blue Lucyby Peter Borschnek,11,OP15-040,Viola,4
https://onepiece.limitlesstcg.com/decks/list/6547,Red/Blue Lucyby Peter Borschnek,11,OP15-052,Leo,4
https://onepiece.limitlesstcg.com/decks/list/6547,Red/Blue Lucyby Peter Borschnek,11,OP15-053,Rebecca,4
https://onepiece.limitlesstcg.com/decks/list/6547,Red/Blue Lucyby Peter Borschnek,11,OP05-015,Belo Betty,2
https://onepiece.limitlesstcg.com/decks/list/6547,Red/Blue Lucyby Peter Borschnek,11,OP10-045,Cavendish,4
https://onepiece.limitlesstcg.com/decks/list/6547,Red/Blue Lucyby Peter Borschnek,11,OP08-047,Jozu,2
https://onepiece.limitlesstcg.com/decks/list/6547,Red/Blue Lucyby Peter Borschnek,11,OP15-046,Sabo,4
https://onepiece.limitlesstcg.com/decks/list/6547,Red/Blue Lucyby Peter Borschnek,11,OP09-118,Gol.D.Roger,1
https://onepiece.limitlesstcg.com/decks/list/6547,Red/Blue Lucyby Peter Borschnek,11,ST10-015,Gum-Gum Giant Sumo Slap,2
https://onepiece.limitlesstcg.com/decks/list/6547,Red/Blue Lucyby Peter Borschnek,11,OP05-019,Fire Fist,2
https://onepiece.limitlesstcg.com/decks/list/6547,Red/Blue Lucyby Peter Borschnek,11,OP15-054,And No One Else Can Have It! It's Our Memento of Him,4
https://onepiece.limitlesstcg.com/decks/list/6547,Red/Blue Lucyby Peter Borschnek,11,OP15-021,"Just Watch Me, Ace!!!",3
https://onepiece.limitlesstcg.com/decks/list/6547,Red/Blue Lucyby Peter Borschnek,11,OP10-060,Barrier-Barrier Pistol,4
https://onepiece.limitlesstcg.com/decks/list/6547,Red/Blue Lucyby Peter Borschnek,11,OP15-020,Fire Fist,4
https://onepiece.limitlesstcg.com/decks/list/6547,Red/Blue Lucyby Peter Borschnek,11,OP06-058,Gravity Blade Raging Tiger,2
https://onepiece.limitlesstcg.com/decks/list/6547,Red/Blue Lucyby Peter Borschnek,11,OP15-056,Would You Let Me Eat the Flame-Flame Fruit?,2
https://onepiece.limitlesstcg.com/decks/list/6547,Red/Blue Lucyby Peter Borschnek,11,OP15-057,Dressrosa Kingdom,2
https://onepiece.limitlesstcg.com/decks/list/6548,Green/Blue Luffyby holgair41,12,OP16-022,Monkey.D.Luffy,1
https://onepiece.limitlesstcg.com/decks/list/6548,Green/Blue Luffyby holgair41,12,OP16-034,Monkey.D.Luffy,4
https://onepiece.limitlesstcg.com/decks/list/6548,Green/Blue Luffyby holgair41,12,OP16-054,Mr.1(Daz.Bonez),4
https://onepiece.limitlesstcg.com/decks/list/6548,Green/Blue Luffyby holgair41,12,OP16-055,Mr.2.Bon.Kurei(Bentham),4
https://onepiece.limitlesstcg.com/decks/list/6548,Green/Blue Luffyby holgair41,12,OP16-027,Jinbe,3
https://onepiece.limitlesstcg.com/decks/list/6548,Green/Blue Luffyby holgair41,12,ST30-014,Mr.3(Galdino),2
https://onepiece.limitlesstcg.com/decks/list/6548,Green/Blue Luffyby holgair41,12,OP16-056,Mr.3(Galdino),4
https://onepiece.limitlesstcg.com/decks/list/6548,Green/Blue Luffyby holgair41,12,OP16-045,Crocodile,3
https://onepiece.limitlesstcg.com/decks/list/6548,Green/Blue Luffyby holgair41,12,OP16-026,Emporio.Ivankov,2
https://onepiece.limitlesstcg.com/decks/list/6548,Green/Blue Luffyby holgair41,12,OP16-048,Buggy,4
https://onepiece.limitlesstcg.com/decks/list/6548,Green/Blue Luffyby holgair41,12,OP16-042,Prisoner of Impel Down,8
https://onepiece.limitlesstcg.com/decks/list/6548,Green/Blue Luffyby holgair41,12,OP15-032,Brook,2
https://onepiece.limitlesstcg.com/decks/list/6548,Green/Blue Luffyby holgair41,12,OP16-032,Boa Hancock,3
https://onepiece.limitlesstcg.com/decks/list/6548,Green/Blue Luffyby holgair41,12,OP02-068,Gum-Gum Rain,1
https://onepiece.limitlesstcg.com/decks/list/6548,Green/Blue Luffyby holgair41,12,OP13-040,I Know You're Strong... So I'll Go All Out from the Very Start!!!,2
https://onepiece.limitlesstcg.com/decks/list/6548,Green/Blue Luffyby holgair41,12,OP16-038,Let's Go!! To the Navy Headquarters!!,2
https://onepiece.limitlesstcg.com/decks/list/6548,Green/Blue Luffyby holgair41,12,OP06-058,Gravity Blade Raging Tiger,2
https://onepiece.limitlesstcg.com/decks/list/6549,Green/Blue Luffyby Mateusz Bednarczyk,13,OP16-022,Monkey.D.Luffy,1
https://onepiece.limitlesstcg.com/decks/list/6549,Green/Blue Luffyby Mateusz Bednarczyk,13,OP16-034,Monkey.D.Luffy,4
https://onepiece.limitlesstcg.com/decks/list/6549,Green/Blue Luffyby Mateusz Bednarczyk,13,OP16-054,Mr.1(Daz.Bonez),4
https://onepiece.limitlesstcg.com/decks/list/6549,Green/Blue Luffyby Mateusz Bednarczyk,13,OP16-055,Mr.2.Bon.Kurei(Bentham),4
https://onepiece.limitlesstcg.com/decks/list/6549,Green/Blue Luffyby Mateusz Bednarczyk,13,ST30-014,Mr.3(Galdino),3
https://onepiece.limitlesstcg.com/decks/list/6549,Green/Blue Luffyby Mateusz Bednarczyk,13,OP16-037,Mr.3(Galdino),1
https://onepiece.limitlesstcg.com/decks/list/6549,Green/Blue Luffyby Mateusz Bednarczyk,13,ST12-010,Emporio.Ivankov,2
https://onepiece.limitlesstcg.com/decks/list/6549,Green/Blue Luffyby Mateusz Bednarczyk,13,OP16-045,Crocodile,4
https://onepiece.limitlesstcg.com/decks/list/6549,Green/Blue Luffyby Mateusz Bednarczyk,13,OP16-056,Mr.3(Galdino),4
https://onepiece.limitlesstcg.com/decks/list/6549,Green/Blue Luffyby Mateusz Bednarczyk,13,OP16-048,Buggy,4
https://onepiece.limitlesstcg.com/decks/list/6549,Green/Blue Luffyby Mateusz Bednarczyk,13,OP16-042,Prisoner of Impel Down,9
https://onepiece.limitlesstcg.com/decks/list/6549,Green/Blue Luffyby Mateusz Bednarczyk,13,OP15-032,Brook,1
https://onepiece.limitlesstcg.com/decks/list/6549,Green/Blue Luffyby Mateusz Bednarczyk,13,OP16-032,Boa Hancock,3
https://onepiece.limitlesstcg.com/decks/list/6549,Green/Blue Luffyby Mateusz Bednarczyk,13,OP02-068,Gum-Gum Rain,1
https://onepiece.limitlesstcg.com/decks/list/6549,Green/Blue Luffyby Mateusz Bednarczyk,13,OP16-038,Let's Go!! To the Navy Headquarters!!,2
https://onepiece.limitlesstcg.com/decks/list/6549,Green/Blue Luffyby Mateusz Bednarczyk,13,OP12-037,Demon Aura Nine Sword Style Asura Blades Drawn Dead Man's Game,1
https://onepiece.limitlesstcg.com/decks/list/6549,Green/Blue Luffyby Mateusz Bednarczyk,13,OP11-061,Gum-Gum Jet Culverin,1
https://onepiece.limitlesstcg.com/decks/list/6549,Green/Blue Luffyby Mateusz Bednarczyk,13,OP06-058,Gravity Blade Raging Tiger,2
https://onepiece.limitlesstcg.com/decks/list/6550,Purple/Yellow Rosinanteby kalinka,14,OP12-061,Donquixote Rosinante,1
https://onepiece.limitlesstcg.com/decks/list/6550,Purple/Yellow Rosinanteby kalinka,14,OP12-108,Donquixote Rosinante,4
https://onepiece.limitlesstcg.com/decks/list/6550,Purple/Yellow Rosinanteby kalinka,14,OP16-064,Koby,4
https://onepiece.limitlesstcg.com/decks/list/6550,Purple/Yellow Rosinanteby kalinka,14,OP10-114,X.Drake,3
https://onepiece.limitlesstcg.com/decks/list/6550,Purple/Yellow Rosinanteby kalinka,14,ST10-010,Trafalgar Law,4
https://onepiece.limitlesstcg.com/decks/list/6550,Purple/Yellow Rosinanteby kalinka,14,P-088,Trafalgar Law,4
https://onepiece.limitlesstcg.com/decks/list/6550,Purple/Yellow Rosinanteby kalinka,14,P-093,Trafalgar Law,4
https://onepiece.limitlesstcg.com/decks/list/6550,Purple/Yellow Rosinanteby kalinka,14,EB04-058,Borsalino,4
https://onepiece.limitlesstcg.com/decks/list/6550,Purple/Yellow Rosinanteby kalinka,14,EB04-038,Rosinante & Law,4
https://onepiece.limitlesstcg.com/decks/list/6550,Purple/Yellow Rosinanteby kalinka,14,OP16-065,Sakazuki,4
https://onepiece.limitlesstcg.com/decks/list/6550,Purple/Yellow Rosinanteby kalinka,14,EB03-062,Trafalgar Law,1
https://onepiece.limitlesstcg.com/decks/list/6550,Purple/Yellow Rosinanteby kalinka,14,OP15-078,Mamaragan,4
https://onepiece.limitlesstcg.com/decks/list/6550,Purple/Yellow Rosinanteby kalinka,14,OP13-076,Divine Departure,1
https://onepiece.limitlesstcg.com/decks/list/6550,Purple/Yellow Rosinanteby kalinka,14,OP12-115,I Love You!!,3
https://onepiece.limitlesstcg.com/decks/list/6550,Purple/Yellow Rosinanteby kalinka,14,OP09-077,Gum-Gum Lightning,3
https://onepiece.limitlesstcg.com/decks/list/6550,Purple/Yellow Rosinanteby kalinka,14,OP16-078,Marineford,3
https://onepiece.limitlesstcg.com/decks/list/6551,Blue/Yellow Namiby MaxMaxMax,15,OP11-041,Nami,1
https://onepiece.limitlesstcg.com/decks/list/6551,Blue/Yellow Namiby MaxMaxMax,15,OP14-102,Kumacy,4
https://onepiece.limitlesstcg.com/decks/list/6551,Blue/Yellow Namiby MaxMaxMax,15,OP11-106,Zeus,4
https://onepiece.limitlesstcg.com/decks/list/6551,Blue/Yellow Namiby MaxMaxMax,15,OP14-110,Dr. Hogback,4
https://onepiece.limitlesstcg.com/decks/list/6551,Blue/Yellow Namiby MaxMaxMax,15,OP14-111,Perona,4
https://onepiece.limitlesstcg.com/decks/list/6551,Blue/Yellow Namiby MaxMaxMax,15,OP16-056,Mr.3(Galdino),4
https://onepiece.limitlesstcg.com/decks/list/6551,Blue/Yellow Namiby MaxMaxMax,15,OP06-104,Kikunojo,3
https://onepiece.limitlesstcg.com/decks/list/6551,Blue/Yellow Namiby MaxMaxMax,15,OP12-112,Baby 5,3
https://onepiece.limitlesstcg.com/decks/list/6551,Blue/Yellow Namiby MaxMaxMax,15,PRB02-008,Marco,1
https://onepiece.limitlesstcg.com/decks/list/6551,Blue/Yellow Namiby MaxMaxMax,15,OP15-113,Roronoa Zoro,1
https://onepiece.limitlesstcg.com/decks/list/6551,Blue/Yellow Namiby MaxMaxMax,15,EB03-053,Nami,4
https://onepiece.limitlesstcg.com/decks/list/6551,Blue/Yellow Namiby MaxMaxMax,15,EB04-058,Borsalino,4
https://onepiece.limitlesstcg.com/decks/list/6551,Blue/Yellow Namiby MaxMaxMax,15,EB03-055,Nico Robin,4
https://onepiece.limitlesstcg.com/decks/list/6551,Blue/Yellow Namiby MaxMaxMax,15,OP14-104,Gecko Moria,4
https://onepiece.limitlesstcg.com/decks/list/6551,Blue/Yellow Namiby MaxMaxMax,15,OP16-119,Marshall.D.Teach,1
https://onepiece.limitlesstcg.com/decks/list/6551,Blue/Yellow Namiby MaxMaxMax,15,OP13-042,Edward.Newgate,3
https://onepiece.limitlesstcg.com/decks/list/6551,Blue/Yellow Namiby MaxMaxMax,15,OP06-058,Gravity Blade Raging Tiger,2
https://onepiece.limitlesstcg.com/decks/list/6552,Blue/Yellow Namiby Fabian Godglück,16,OP11-041,Nami,1
https://onepiece.limitlesstcg.com/decks/list/6552,Blue/Yellow Namiby Fabian Godglück,16,OP06-106,Kouzuki Hiyori,4
https://onepiece.limitlesstcg.com/decks/list/6552,Blue/Yellow Namiby Fabian Godglück,16,OP11-106,Zeus,4
https://onepiece.limitlesstcg.com/decks/list/6552,Blue/Yellow Namiby Fabian Godglück,16,OP15-047,Sanji,3
https://onepiece.limitlesstcg.com/decks/list/6552,Blue/Yellow Namiby Fabian Godglück,16,OP12-112,Baby 5,4
https://onepiece.limitlesstcg.com/decks/list/6552,Blue/Yellow Namiby Fabian Godglück,16,OP16-056,Mr.3(Galdino),4
https://onepiece.limitlesstcg.com/decks/list/6552,Blue/Yellow Namiby Fabian Godglück,16,OP06-104,Kikunojo,3
https://onepiece.limitlesstcg.com/decks/list/6552,Blue/Yellow Namiby Fabian Godglück,16,PRB02-008,Marco,3
https://onepiece.limitlesstcg.com/decks/list/6552,Blue/Yellow Namiby Fabian Godglück,16,EB03-053,Nami,4
https://onepiece.limitlesstcg.com/decks/list/6552,Blue/Yellow Namiby Fabian Godglück,16,EB04-058,Borsalino,4
https://onepiece.limitlesstcg.com/decks/list/6552,Blue/Yellow Namiby Fabian Godglück,16,OP14-108,Silvers Rayleigh,4
https://onepiece.limitlesstcg.com/decks/list/6552,Blue/Yellow Namiby Fabian Godglück,16,EB03-055,Nico Robin,4
https://onepiece.limitlesstcg.com/decks/list/6552,Blue/Yellow Namiby Fabian Godglück,16,OP16-119,Marshall.D.Teach,4
https://onepiece.limitlesstcg.com/decks/list/6552,Blue/Yellow Namiby Fabian Godglück,16,OP13-042,Edward.Newgate,3
https://onepiece.limitlesstcg.com/decks/list/6552,Blue/Yellow Namiby Fabian Godglück,16,OP06-058,Gravity Blade Raging Tiger,2
https://onepiece.limitlesstcg.com/decks/list/6553,Blue/Yellow Namiby Timäh,17,OP11-041,Nami,1
https://onepiece.limitlesstcg.com/decks/list/6553,Blue/Yellow Namiby Timäh,17,OP14-102,Kumacy,4
https://onepiece.limitlesstcg.com/decks/list/6553,Blue/Yellow Namiby Timäh,17,OP11-106,Zeus,4
https://onepiece.limitlesstcg.com/decks/list/6553,Blue/Yellow Namiby Timäh,17,OP14-110,Dr. Hogback,4
https://onepiece.limitlesstcg.com/decks/list/6553,Blue/Yellow Namiby Timäh,17,OP14-111,Perona,4
https://onepiece.limitlesstcg.com/decks/list/6553,Blue/Yellow Namiby Timäh,17,OP16-056,Mr.3(Galdino),4
https://onepiece.limitlesstcg.com/decks/list/6553,Blue/Yellow Namiby Timäh,17,OP06-104,Kikunojo,3
https://onepiece.limitlesstcg.com/decks/list/6553,Blue/Yellow Namiby Timäh,17,OP12-112,Baby 5,3
https://onepiece.limitlesstcg.com/decks/list/6553,Blue/Yellow Namiby Timäh,17,PRB02-008,Marco,1
https://onepiece.limitlesstcg.com/decks/list/6553,Blue/Yellow Namiby Timäh,17,OP15-113,Roronoa Zoro,1
https://onepiece.limitlesstcg.com/decks/list/6553,Blue/Yellow Namiby Timäh,17,EB03-053,Nami,4
https://onepiece.limitlesstcg.com/decks/list/6553,Blue/Yellow Namiby Timäh,17,EB04-058,Borsalino,4
https://onepiece.limitlesstcg.com/decks/list/6553,Blue/Yellow Namiby Timäh,17,OP15-119,Monkey.D.Luffy,2
https://onepiece.limitlesstcg.com/decks/list/6553,Blue/Yellow Namiby Timäh,17,EB03-055,Nico Robin,4
https://onepiece.limitlesstcg.com/decks/list/6553,Blue/Yellow Namiby Timäh,17,OP14-104,Gecko Moria,4
https://onepiece.limitlesstcg.com/decks/list/6553,Blue/Yellow Namiby Timäh,17,OP16-119,Marshall.D.Teach,1
https://onepiece.limitlesstcg.com/decks/list/6553,Blue/Yellow Namiby Timäh,17,OP13-042,Edward.Newgate,3
https://onepiece.limitlesstcg.com/decks/list/6554,Blue/Yellow Namiby Georgios Marios Bantis,18,OP11-041,Nami,1
https://onepiece.limitlesstcg.com/decks/list/6554,Blue/Yellow Namiby Georgios Marios Bantis,18,OP14-102,Kumacy,4
https://onepiece.limitlesstcg.com/decks/list/6554,Blue/Yellow Namiby Georgios Marios Bantis,18,OP06-106,Kouzuki Hiyori,3
https://onepiece.limitlesstcg.com/decks/list/6554,Blue/Yellow Namiby Georgios Marios Bantis,18,OP11-106,Zeus,3
https://onepiece.limitlesstcg.com/decks/list/6554,Blue/Yellow Namiby Georgios Marios Bantis,18,OP14-110,Dr. Hogback,4
https://onepiece.limitlesstcg.com/decks/list/6554,Blue/Yellow Namiby Georgios Marios Bantis,18,OP14-111,Perona,4
https://onepiece.limitlesstcg.com/decks/list/6554,Blue/Yellow Namiby Georgios Marios Bantis,18,OP16-056,Mr.3(Galdino),4
https://onepiece.limitlesstcg.com/decks/list/6554,Blue/Yellow Namiby Georgios Marios Bantis,18,OP06-104,Kikunojo,2
https://onepiece.limitlesstcg.com/decks/list/6554,Blue/Yellow Namiby Georgios Marios Bantis,18,PRB02-008,Marco,2
https://onepiece.limitlesstcg.com/decks/list/6554,Blue/Yellow Namiby Georgios Marios Bantis,18,OP15-113,Roronoa Zoro,1
https://onepiece.limitlesstcg.com/decks/list/6554,Blue/Yellow Namiby Georgios Marios Bantis,18,EB03-053,Nami,4
https://onepiece.limitlesstcg.com/decks/list/6554,Blue/Yellow Namiby Georgios Marios Bantis,18,EB04-058,Borsalino,4
https://onepiece.limitlesstcg.com/decks/list/6554,Blue/Yellow Namiby Georgios Marios Bantis,18,EB03-055,Nico Robin,4
https://onepiece.limitlesstcg.com/decks/list/6554,Blue/Yellow Namiby Georgios Marios Bantis,18,OP14-104,Gecko Moria,4
https://onepiece.limitlesstcg.com/decks/list/6554,Blue/Yellow Namiby Georgios Marios Bantis,18,OP16-119,Marshall.D.Teach,1
https://onepiece.limitlesstcg.com/decks/list/6554,Blue/Yellow Namiby Georgios Marios Bantis,18,OP13-042,Edward.Newgate,4
https://onepiece.limitlesstcg.com/decks/list/6554,Blue/Yellow Namiby Georgios Marios Bantis,18,OP06-058,Gravity Blade Raging Tiger,2
