Version is 1.42c.22
[LifeisSoup​#5268] Leader is Shanks [<mark><link="OP17-020">OP17-020</link></mark>]
[BigRato​#5650] Will select turn order
[BigRato​#5650] Chose to go Second
RZ1|HDR|1.42c|2|RZ1
RZ1|PLY|1|BigRato​#5650|OP17-099
RZ1|PLY|2|LifeisSoup​#5268|OP17-020
RZ1|1|1|EB04-058|0|25|0|0|0|0|0|0|0
RZ1|CHK|1|1|50|0|0|0|10|0|0|0|1|0
RZ1|2|1|OP17-110|0|37|0|1|0|0|0|0|0
RZ1|CHK|2|1|50|0|0|0|10|0|0|0|1|0
RZ1|3|1|OP17-104|0|9|0|2|0|0|0|0|0
RZ1|CHK|3|1|50|0|0|0|10|0|0|0|1|0
RZ1|4|1|OP17-108|0|17|0|3|0|0|0|0|0
RZ1|CHK|4|1|50|0|0|0|10|0|0|0|1|0
RZ1|5|1|OP17-112|0|43|0|4|0|0|0|0|0
RZ1|CHK|5|1|50|0|0|0|10|0|0|0|1|0
RZ1|6|1|OP17-112|0|42|0|5|0|0|0|0|0
RZ1|CHK|6|1|50|0|0|0|10|0|0|0|1|0
RZ1|7|1|OP17-109|0|21|0|6|0|0|0|0|0
RZ1|CHK|7|1|50|0|0|0|10|0|0|0|1|0
RZ1|8|1|OP17-112|0|43|0|7|0|0|0|0|0
RZ1|CHK|8|1|50|0|0|0|10|0|0|0|1|0
RZ1|9|1|EB04-058|0|27|0|8|0|0|0|0|0
RZ1|CHK|9|1|50|0|0|0|10|0|0|0|1|0
RZ1|10|1|OP17-113|0|13|0|9|0|0|0|0|0
RZ1|CHK|10|1|50|0|0|0|10|0|0|0|1|0
RZ1|11|1|OP17-107|0|18|0|10|0|0|0|0|0
RZ1|CHK|11|1|50|0|0|0|10|0|0|0|1|0
RZ1|12|1|OP17-104|0|17|0|11|0|0|0|0|0
RZ1|CHK|12|1|50|0|0|0|10|0|0|0|1|0
RZ1|13|1|OP17-115|0|44|0|12|0|0|0|0|0
RZ1|CHK|13|1|50|0|0|0|10|0|0|0|1|0
RZ1|14|1|OP17-104|0|18|0|13|0|0|0|0|0
RZ1|CHK|14|1|50|0|0|0|10|0|0|0|1|0
RZ1|15|1|OP17-107|0|20|0|14|0|0|0|0|0
RZ1|CHK|15|1|50|0|0|0|10|0|0|0|1|0
RZ1|16|1|OP17-109|0|25|0|15|0|0|0|0|0
RZ1|CHK|16|1|50|0|0|0|10|0|0|0|1|0
RZ1|17|1|OP17-110|0|40|0|16|0|0|0|0|0
RZ1|CHK|17|1|50|0|0|0|10|0|0|0|1|0
RZ1|18|1|OP17-103|0|37|0|17|0|0|0|0|0
RZ1|CHK|18|1|50|0|0|0|10|0|0|0|1|0
RZ1|19|1|OP17-108|0|25|0|18|0|0|0|0|0
RZ1|CHK|19|1|50|0|0|0|10|0|0|0|1|0
RZ1|20|1|OP17-116|0|47|0|19|0|0|0|0|0
RZ1|CHK|20|1|50|0|0|0|10|0|0|0|1|0
RZ1|21|1|OP17-106|0|35|0|20|0|0|0|0|0
RZ1|CHK|21|1|50|0|0|0|10|0|0|0|1|0
RZ1|22|1|OP17-102|0|31|0|21|0|0|0|0|0
RZ1|CHK|22|1|50|0|0|0|10|0|0|0|1|0
RZ1|23|1|OP17-113|0|25|0|22|0|0|0|0|0
RZ1|CHK|23|1|50|0|0|0|10|0|0|0|1|0
RZ1|24|1|OP17-110|0|42|0|23|0|0|0|0|0
RZ1|CHK|24|1|50|0|0|0|10|0|0|0|1|0
RZ1|25|1|OP17-109|0|31|0|24|0|0|0|0|0
RZ1|CHK|25|1|50|0|0|0|10|0|0|0|1|0
RZ1|26|1|OP16-119|0|44|0|25|0|0|0|0|0
RZ1|CHK|26|1|50|0|0|0|10|0|0|0|1|0
RZ1|27|1|OP17-116|0|47|0|26|0|0|0|0|0
RZ1|CHK|27|1|50|0|0|0|10|0|0|0|1|0
RZ1|28|1|OP17-113|0|30|0|27|0|0|0|0|0
RZ1|CHK|28|1|50|0|0|0|10|0|0|0|1|0
RZ1|29|1|OP17-114|0|42|0|28|0|0|0|0|0
RZ1|CHK|29|1|50|0|0|0|10|0|0|0|1|0
RZ1|30|1|OP17-109|0|35|0|29|0|0|0|0|0
RZ1|CHK|30|1|50|0|0|0|10|0|0|0|1|0
RZ1|31|1|OP17-112|0|46|0|30|0|0|0|0|0
RZ1|CHK|31|1|50|0|0|0|10|0|0|0|1|0
RZ1|32|1|OP17-117|0|48|0|31|0|0|0|0|0
RZ1|CHK|32|1|50|0|0|0|10|0|0|0|1|0
RZ1|33|1|OP17-104|0|35|0|32|0|0|0|0|0
RZ1|CHK|33|1|50|0|0|0|10|0|0|0|1|0
RZ1|34|1|OP17-108|0|37|0|33|0|0|0|0|0
RZ1|CHK|34|1|50|0|0|0|10|0|0|0|1|0
RZ1|35|1|OP17-107|0|37|0|34|0|0|0|0|0
RZ1|CHK|35|1|50|0|0|0|10|0|0|0|1|0
RZ1|36|1|OP17-102|0|38|0|35|0|0|0|0|0
RZ1|CHK|36|1|50|0|0|0|10|0|0|0|1|0
RZ1|37|1|EB04-058|0|40|0|36|0|0|0|0|0
RZ1|CHK|37|1|50|0|0|0|10|0|0|0|1|0
RZ1|38|1|OP17-106|0|42|0|37|0|0|0|0|0
RZ1|CHK|38|1|50|0|0|0|10|0|0|0|1|0
RZ1|39|1|OP17-103|0|43|0|38|0|0|0|0|0
RZ1|CHK|39|1|50|0|0|0|10|0|0|0|1|0
RZ1|40|1|OP17-114|0|45|0|39|0|0|0|0|0
RZ1|CHK|40|1|50|0|0|0|10|0|0|0|1|0
RZ1|41|1|OP17-115|0|48|0|41|0|0|0|0|0
RZ1|CHK|41|1|50|0|0|0|10|0|0|0|1|0
RZ1|42|1|OP17-103|0|46|0|42|0|0|0|0|0
RZ1|CHK|42|1|50|0|0|0|10|0|0|0|1|0
RZ1|43|1|OP17-113|0|44|0|43|0|0|0|0|0
RZ1|CHK|43|1|50|0|0|0|10|0|0|0|1|0
RZ1|44|1|EB04-058|0|45|0|44|0|0|0|0|0
RZ1|CHK|44|1|50|0|0|0|10|0|0|0|1|0
RZ1|45|1|OP16-119|0|48|0|45|0|0|0|0|0
RZ1|CHK|45|1|50|0|0|0|10|0|0|0|1|0
RZ1|46|1|OP17-106|0|47|0|46|0|0|0|0|0
RZ1|CHK|46|1|50|0|0|0|10|0|0|0|1|0
RZ1|47|1|OP17-117|0|49|0|48|0|0|0|0|0
RZ1|CHK|47|1|50|0|0|0|10|0|0|0|1|0
[BigRato​#5650] Drew card from deck: The 3 Sweet Commanders [<mark><link="OP17-114">OP17-114</link></mark>]
RZ1|48|1|OP17-114|0|49|1|0|1|1|0|0|0
RZ1|CHK|48|1|49|1|0|0|10|0|0|0|1|0
[BigRato​#5650] Drew card from deck: Maser Saber [<mark><link="OP17-117">OP17-117</link></mark>]
RZ1|49|1|OP17-117|0|48|1|1|1|1|0|0|0
RZ1|CHK|49|1|48|2|0|0|10|0|0|0|1|0
[BigRato​#5650] Drew card from deck: Charlotte Flampe [<mark><link="EB01-056">EB01-056</link></mark>]
RZ1|50|1|EB01-056|0|47|1|2|1|1|0|0|0
RZ1|CHK|50|1|47|3|0|0|10|0|0|0|1|0
[BigRato​#5650] Drew card from deck: Charlotte Smoothie [<mark><link="OP17-106">OP17-106</link></mark>]
RZ1|51|1|OP17-106|0|46|1|3|1|1|0|0|0
RZ1|CHK|51|1|46|4|0|0|10|0|0|0|1|0
[BigRato​#5650] Drew card from deck: Marshall D. Teach [<mark><link="OP16-119">OP16-119</link></mark>]
RZ1|52|1|OP16-119|0|45|1|4|1|1|0|0|0
RZ1|CHK|52|1|45|5|0|0|10|0|0|0|1|0
[BigRato​#5650] Hand before Mulligan: [OP17-114,OP17-117,EB01-056,OP17-106,OP16-119]
RZ1|53|2|OP17-036|0|45|0|0|0|0|0|0|0
RZ1|CHK|53|2|50|0|0|0|10|0|0|0|1|0
RZ1|54|2|ST16-004|0|38|0|1|0|0|0|0|0
RZ1|CHK|54|2|50|0|0|0|10|0|0|0|1|0
RZ1|55|2|ST16-004|0|39|0|2|0|0|0|0|0
RZ1|CHK|55|2|50|0|0|0|10|0|0|0|1|0
RZ1|56|2|ST32-002|0|30|0|3|0|0|0|0|0
RZ1|CHK|56|2|50|0|0|0|10|0|0|0|1|0
RZ1|57|2|OP17-032|0|8|0|4|0|0|0|0|0
RZ1|CHK|57|2|50|0|0|0|10|0|0|0|1|0
RZ1|58|2|OP17-031|0|26|0|5|0|0|0|0|0
RZ1|CHK|58|2|50|0|0|0|10|0|0|0|1|0
RZ1|59|2|OP17-033|0|22|0|6|0|0|0|0|0
RZ1|CHK|59|2|50|0|0|0|10|0|0|0|1|0
RZ1|60|2|OP17-038|0|45|0|7|0|0|0|0|0
RZ1|CHK|60|2|50|0|0|0|10|0|0|0|1|0
RZ1|61|2|OP17-029|0|21|0|8|0|0|0|0|0
RZ1|CHK|61|2|50|0|0|0|10|0|0|0|1|0
RZ1|62|2|ST32-002|0|32|0|10|0|0|0|0|0
RZ1|CHK|62|2|50|0|0|0|10|0|0|0|1|0
RZ1|63|2|OP13-031|0|34|0|11|0|0|0|0|0
RZ1|CHK|63|2|50|0|0|0|10|0|0|0|1|0
RZ1|64|2|OP17-027|0|38|0|12|0|0|0|0|0
RZ1|CHK|64|2|50|0|0|0|10|0|0|0|1|0
RZ1|65|2|OP17-029|0|25|0|13|0|0|0|0|0
RZ1|CHK|65|2|50|0|0|0|10|0|0|0|1|0
RZ1|66|2|OP17-031|0|32|0|14|0|0|0|0|0
RZ1|CHK|66|2|50|0|0|0|10|0|0|0|1|0
RZ1|67|2|OP17-022|0|43|0|15|0|0|0|0|0
RZ1|CHK|67|2|50|0|0|0|10|0|0|0|1|0
RZ1|68|2|OP17-036|0|46|0|16|0|0|0|0|0
RZ1|CHK|68|2|50|0|0|0|10|0|0|0|1|0
RZ1|69|2|OP17-022|0|44|0|17|0|0|0|0|0
RZ1|CHK|69|2|50|0|0|0|10|0|0|0|1|0
RZ1|70|2|OP17-032|0|23|0|18|0|0|0|0|0
RZ1|CHK|70|2|50|0|0|0|10|0|0|0|1|0
RZ1|71|2|OP17-022|0|45|0|19|0|0|0|0|0
RZ1|CHK|71|2|50|0|0|0|10|0|0|0|1|0
RZ1|72|2|OP17-021|0|22|0|20|0|0|0|0|0
RZ1|CHK|72|2|50|0|0|0|10|0|0|0|1|0
RZ1|73|2|ST32-001|0|25|0|21|0|0|0|0|0
RZ1|CHK|73|2|50|0|0|0|10|0|0|0|1|0
RZ1|74|2|OP17-032|0|25|0|22|0|0|0|0|0
RZ1|CHK|74|2|50|0|0|0|10|0|0|0|1|0
RZ1|75|2|ST32-002|0|39|0|23|0|0|0|0|0
RZ1|CHK|75|2|50|0|0|0|10|0|0|0|1|0
RZ1|76|2|OP17-029|0|31|0|24|0|0|0|0|0
RZ1|CHK|76|2|50|0|0|0|10|0|0|0|1|0
RZ1|77|2|OP17-027|0|43|0|25|0|0|0|0|0
RZ1|CHK|77|2|50|0|0|0|10|0|0|0|1|0
RZ1|78|2|OP17-033|0|34|0|26|0|0|0|0|0
RZ1|CHK|78|2|50|0|0|0|10|0|0|0|1|0
RZ1|79|2|OP17-028|0|32|0|27|0|0|0|0|0
RZ1|CHK|79|2|50|0|0|0|10|0|0|0|1|0
RZ1|80|2|OP17-031|0|38|0|28|0|0|0|0|0
RZ1|CHK|80|2|50|0|0|0|10|0|0|0|1|0
RZ1|81|2|ST32-002|0|40|0|29|0|0|0|0|0
RZ1|CHK|81|2|50|0|0|0|10|0|0|0|1|0
RZ1|82|2|OP17-022|0|45|0|30|0|0|0|0|0
RZ1|CHK|82|2|50|0|0|0|10|0|0|0|1|0
RZ1|83|2|OP17-027|0|44|0|31|0|0|0|0|0
RZ1|CHK|83|2|50|0|0|0|10|0|0|0|1|0
RZ1|84|2|OP17-037|0|48|0|32|0|0|0|0|0
RZ1|CHK|84|2|50|0|0|0|10|0|0|0|1|0
RZ1|85|2|ST32-001|0|37|0|33|0|0|0|0|0
RZ1|CHK|85|2|50|0|0|0|10|0|0|0|1|0
RZ1|86|2|OP17-027|0|45|0|34|0|0|0|0|0
RZ1|CHK|86|2|50|0|0|0|10|0|0|0|1|0
RZ1|87|2|ST32-001|0|38|0|35|0|0|0|0|0
RZ1|CHK|87|2|50|0|0|0|10|0|0|0|1|0
RZ1|88|2|OP17-037|0|49|0|36|0|0|0|0|0
RZ1|CHK|88|2|50|0|0|0|10|0|0|0|1|0
RZ1|89|2|OP17-032|0|39|0|37|0|0|0|0|0
RZ1|CHK|89|2|50|0|0|0|10|0|0|0|1|0
RZ1|90|2|OP17-033|0|43|0|38|0|0|0|0|0
RZ1|CHK|90|2|50|0|0|0|10|0|0|0|1|0
RZ1|91|2|OP17-028|0|41|0|39|0|0|0|0|0
RZ1|CHK|91|2|50|0|0|0|10|0|0|0|1|0
RZ1|92|2|OP17-037|0|49|0|40|0|0|0|0|0
RZ1|CHK|92|2|50|0|0|0|10|0|0|0|1|0
RZ1|93|2|OP17-031|0|45|0|41|0|0|0|0|0
RZ1|CHK|93|2|50|0|0|0|10|0|0|0|1|0
RZ1|94|2|OP17-029|0|44|0|42|0|0|0|0|0
RZ1|CHK|94|2|50|0|0|0|10|0|0|0|1|0
RZ1|95|2|OP17-033|0|45|0|44|0|0|0|0|0
RZ1|CHK|95|2|50|0|0|0|10|0|0|0|1|0
RZ1|96|2|OP17-034|0|46|0|45|0|0|0|0|0
RZ1|CHK|96|2|50|0|0|0|10|0|0|0|1|0
RZ1|97|2|OP17-038|0|49|0|46|0|0|0|0|0
RZ1|CHK|97|2|50|0|0|0|10|0|0|0|1|0
[LifeisSoup​#5268] Drew card from deck: Shanks [<mark><link="ST16-004">ST16-004</link></mark>]
RZ1|98|2|ST16-004|0|49|1|0|0|1|0|0|0
RZ1|CHK|98|2|49|1|0|0|10|0|0|0|1|0
[LifeisSoup​#5268] Drew card from deck: Trafalgar Law [<mark><link="OP13-031">OP13-031</link></mark>]
RZ1|99|2|OP13-031|0|48|1|1|0|1|0|0|0
RZ1|CHK|99|2|48|2|0|0|10|0|0|0|1|0
[LifeisSoup​#5268] Drew card from deck: Crone Oli [<mark><link="OP17-021">OP17-021</link></mark>]
RZ1|100|2|OP17-021|0|47|1|2|0|1|0|0|0
RZ1|CHK|100|2|47|3|0|0|10|0|0|0|1|0
[LifeisSoup​#5268] Drew card from deck: I Think He's Seen An Ugly Future [<mark><link="OP17-038">OP17-038</link></mark>]
RZ1|101|2|OP17-038|0|46|1|3|0|1|0|0|0
RZ1|CHK|101|2|46|4|0|0|10|0|0|0|1|0
[LifeisSoup​#5268] Drew card from deck: Rockstar [<mark><link="OP17-034">OP17-034</link></mark>]
RZ1|102|2|OP17-034|0|45|1|4|0|1|0|0|0
RZ1|CHK|102|2|45|5|0|0|10|0|0|0|1|0
RZ1|103|1|EB04-058|0|44|3|0|1|0|0|0|0
RZ1|CHK|103|1|44|5|0|1|10|0|0|0|1|0
RZ1|104|1|OP17-113|0|43|3|1|1|0|0|0|0
RZ1|CHK|104|1|43|5|0|2|10|0|0|0|1|0
RZ1|105|1|OP17-103|0|42|3|2|1|0|0|0|0
RZ1|CHK|105|1|42|5|0|3|10|0|0|0|1|0
RZ1|106|1|OP17-115|0|41|3|3|1|0|0|0|0
RZ1|CHK|106|1|41|5|0|4|10|0|0|0|1|0
RZ1|107|1|EB01-056|0|40|3|4|1|0|0|0|0
RZ1|CHK|107|1|40|5|0|5|10|0|0|0|1|0
RZ1|108|2|ST16-004|1|0|0|45|0|0|0|0|0
RZ1|CHK|108|2|46|4|0|0|10|0|0|0|1|0
RZ1|109|2|OP13-031|1|0|0|46|0|0|0|0|0
RZ1|CHK|109|2|47|3|0|0|10|0|0|0|1|0
RZ1|110|2|OP17-021|1|0|0|47|0|0|0|0|0
RZ1|CHK|110|2|48|2|0|0|10|0|0|0|1|0
RZ1|111|2|OP17-038|1|0|0|48|0|0|0|0|0
RZ1|CHK|111|2|49|1|0|0|10|0|0|0|1|0
RZ1|112|2|OP17-034|1|0|0|49|0|0|0|0|0
RZ1|CHK|112|2|50|0|0|0|10|0|0|0|1|0
RZ1|113|2|OP17-029|0|13|0|0|0|0|0|0|0
RZ1|CHK|113|2|50|0|0|0|10|0|0|0|1|0
RZ1|114|2|OP17-027|0|34|0|1|0|0|0|0|0
RZ1|CHK|114|2|50|0|0|0|10|0|0|0|1|0
RZ1|115|2|ST32-002|0|24|0|2|0|0|0|0|0
RZ1|CHK|115|2|50|0|0|0|10|0|0|0|1|0
RZ1|116|2|OP13-031|0|46|0|3|0|0|0|0|0
RZ1|CHK|116|2|50|0|0|0|10|0|0|0|1|0
RZ1|117|2|OP17-033|0|39|0|4|0|0|0|0|0
RZ1|CHK|117|2|50|0|0|0|10|0|0|0|1|0
RZ1|118|2|OP17-037|0|41|0|5|0|0|0|0|0
RZ1|CHK|118|2|50|0|0|0|10|0|0|0|1|0
RZ1|119|2|OP17-038|0|13|0|6|0|0|0|0|0
RZ1|CHK|119|2|50|0|0|0|10|0|0|0|1|0
RZ1|120|2|ST32-001|0|37|0|7|0|0|0|0|0
RZ1|CHK|120|2|50|0|0|0|10|0|0|0|1|0
RZ1|121|2|OP17-037|0|37|0|8|0|0|0|0|0
RZ1|CHK|121|2|50|0|0|0|10|0|0|0|1|0
RZ1|122|2|OP17-028|0|41|0|9|0|0|0|0|0
RZ1|CHK|122|2|50|0|0|0|10|0|0|0|1|0
RZ1|123|2|OP17-032|0|41|0|10|0|0|0|0|0
RZ1|CHK|123|2|50|0|0|0|10|0|0|0|1|0
RZ1|124|2|OP17-027|0|22|0|11|0|0|0|0|0
RZ1|CHK|124|2|50|0|0|0|10|0|0|0|1|0
RZ1|125|2|OP17-021|0|20|0|12|0|0|0|0|0
RZ1|CHK|125|2|50|0|0|0|10|0|0|0|1|0
RZ1|126|2|OP17-034|0|49|0|13|0|0|0|0|0
RZ1|CHK|126|2|50|0|0|0|10|0|0|0|1|0
RZ1|127|2|OP17-031|0|43|0|14|0|0|0|0|0
RZ1|CHK|127|2|50|0|0|0|10|0|0|0|1|0
RZ1|128|2|OP17-038|0|49|0|15|0|0|0|0|0
RZ1|CHK|128|2|50|0|0|0|10|0|0|0|1|0
RZ1|129|2|OP17-031|0|39|0|16|0|0|0|0|0
RZ1|CHK|129|2|50|0|0|0|10|0|0|0|1|0
RZ1|130|2|OP17-029|0|24|0|17|0|0|0|0|0
RZ1|CHK|130|2|50|0|0|0|10|0|0|0|1|0
RZ1|131|2|ST32-001|0|43|0|18|0|0|0|0|0
RZ1|CHK|131|2|50|0|0|0|10|0|0|0|1|0
RZ1|132|2|OP17-027|0|38|0|19|0|0|0|0|0
RZ1|CHK|132|2|50|0|0|0|10|0|0|0|1|0
RZ1|133|2|ST32-002|0|27|0|20|0|0|0|0|0
RZ1|CHK|133|2|50|0|0|0|10|0|0|0|1|0
RZ1|134|2|OP17-032|0|33|0|21|0|0|0|0|0
RZ1|CHK|134|2|50|0|0|0|10|0|0|0|1|0
RZ1|135|2|OP17-022|0|31|0|22|0|0|0|0|0
RZ1|CHK|135|2|50|0|0|0|10|0|0|0|1|0
RZ1|136|2|OP17-037|0|44|0|23|0|0|0|0|0
RZ1|CHK|136|2|50|0|0|0|10|0|0|0|1|0
RZ1|137|2|ST16-004|0|26|0|24|0|0|0|0|0
RZ1|CHK|137|2|50|0|0|0|10|0|0|0|1|0
RZ1|138|2|OP17-032|0|28|0|25|0|0|0|0|0
RZ1|CHK|138|2|50|0|0|0|10|0|0|0|1|0
RZ1|139|2|OP17-029|0|45|0|26|0|0|0|0|0
RZ1|CHK|139|2|50|0|0|0|10|0|0|0|1|0
RZ1|140|2|OP17-021|0|46|0|27|0|0|0|0|0
RZ1|CHK|140|2|50|0|0|0|10|0|0|0|1|0
RZ1|141|2|OP17-022|0|45|0|28|0|0|0|0|0
RZ1|CHK|141|2|50|0|0|0|10|0|0|0|1|0
RZ1|142|2|OP17-033|0|43|0|29|0|0|0|0|0
RZ1|CHK|142|2|50|0|0|0|10|0|0|0|1|0
RZ1|143|2|OP17-022|0|38|0|30|0|0|0|0|0
RZ1|CHK|143|2|50|0|0|0|10|0|0|0|1|0
RZ1|144|2|ST32-002|0|33|0|31|0|0|0|0|0
RZ1|CHK|144|2|50|0|0|0|10|0|0|0|1|0
RZ1|145|2|OP17-029|0|43|0|32|0|0|0|0|0
RZ1|CHK|145|2|50|0|0|0|10|0|0|0|1|0
RZ1|146|2|OP17-031|0|38|0|33|0|0|0|0|0
RZ1|CHK|146|2|50|0|0|0|10|0|0|0|1|0
RZ1|147|2|OP17-027|0|46|0|34|0|0|0|0|0
RZ1|CHK|147|2|50|0|0|0|10|0|0|0|1|0
RZ1|148|2|OP17-032|0|44|0|35|0|0|0|0|0
RZ1|CHK|148|2|50|0|0|0|10|0|0|0|1|0
RZ1|149|2|ST16-004|0|37|0|36|0|0|0|0|0
RZ1|CHK|149|2|50|0|0|0|10|0|0|0|1|0
RZ1|150|2|OP17-033|0|39|0|37|0|0|0|0|0
RZ1|CHK|150|2|50|0|0|0|10|0|0|0|1|0
RZ1|151|2|OP17-022|0|42|0|38|0|0|0|0|0
RZ1|CHK|151|2|50|0|0|0|10|0|0|0|1|0
RZ1|152|2|OP17-031|0|40|0|39|0|0|0|0|0
RZ1|CHK|152|2|50|0|0|0|10|0|0|0|1|0
RZ1|153|2|ST16-004|0|48|0|40|0|0|0|0|0
RZ1|CHK|153|2|50|0|0|0|10|0|0|0|1|0
RZ1|154|2|OP17-036|0|43|0|41|0|0|0|0|0
RZ1|CHK|154|2|50|0|0|0|10|0|0|0|1|0
RZ1|155|2|ST32-001|0|45|0|42|0|0|0|0|0
RZ1|CHK|155|2|50|0|0|0|10|0|0|0|1|0
RZ1|156|2|OP17-021|0|45|0|43|0|0|0|0|0
RZ1|CHK|156|2|50|0|0|0|10|0|0|0|1|0
RZ1|157|2|OP13-031|0|45|0|44|0|0|0|0|0
RZ1|CHK|157|2|50|0|0|0|10|0|0|0|1|0
RZ1|158|2|OP17-033|0|48|0|45|0|0|0|0|0
RZ1|CHK|158|2|50|0|0|0|10|0|0|0|1|0
RZ1|159|2|ST32-002|0|48|0|47|0|0|0|0|0
RZ1|CHK|159|2|50|0|0|0|10|0|0|0|1|0
RZ1|160|2|OP17-021|0|49|0|48|0|0|0|0|0
RZ1|CHK|160|2|50|0|0|0|10|0|0|0|1|0
[LifeisSoup​#5268] Drew card from deck: Bonk Punch & Monster [<mark><link="OP17-028">OP17-028</link></mark>]
RZ1|161|2|OP17-028|0|49|1|0|0|1|0|0|0
RZ1|CHK|161|2|49|1|0|0|10|0|0|0|1|0
[LifeisSoup​#5268] Drew card from deck: Crone Oli [<mark><link="OP17-021">OP17-021</link></mark>]
RZ1|162|2|OP17-021|0|48|1|1|0|1|0|0|0
RZ1|CHK|162|2|48|2|0|0|10|0|0|0|1|0
[LifeisSoup​#5268] Drew card from deck: Kouzuki Oden [<mark><link="ST32-002">ST32-002</link></mark>]
RZ1|163|2|ST32-002|0|47|1|2|0|1|0|0|0
RZ1|CHK|163|2|47|3|0|0|10|0|0|0|1|0
[LifeisSoup​#5268] Drew card from deck: Withdraw Now and Allow Me to Save Face [<mark><link="OP17-036">OP17-036</link></mark>]
RZ1|164|2|OP17-036|0|46|1|3|0|1|0|0|0
RZ1|CHK|164|2|46|4|0|0|10|0|0|0|1|0
[LifeisSoup​#5268] Drew card from deck: Lucky Roux [<mark><link="OP17-033">OP17-033</link></mark>]
RZ1|165|2|OP17-033|0|45|1|4|0|1|0|0|0
RZ1|CHK|165|2|45|5|0|0|10|0|0|0|1|0
RZ1|166|2|OP13-031|0|44|3|0|0|1|0|0|0
RZ1|CHK|166|2|44|5|0|1|10|0|0|0|1|0
RZ1|167|2|OP17-021|0|43|3|1|0|1|0|0|0
RZ1|CHK|167|2|43|5|0|2|10|0|0|0|1|0
RZ1|168|2|ST32-001|0|42|3|2|0|1|0|0|0
RZ1|CHK|168|2|42|5|0|3|10|0|0|0|1|0
RZ1|169|2|OP17-036|0|41|3|3|0|1|0|0|0
RZ1|CHK|169|2|41|5|0|4|10|0|0|0|1|0
RZ1|170|2|ST16-004|0|40|3|4|0|1|0|0|0
RZ1|CHK|170|2|40|5|0|5|10|0|0|0|1|0
[LifeisSoup​#5268] Mulligan
RZ1|171|2|Don|4|9|5|0|1|1|0|0|0
RZ1|CHK|171|2|40|5|0|5|9|1|0|0|1|0
[LifeisSoup​#5268] Draw 1 Don
[LifeisSoup​#5268] End Turn
[BigRato​#5650] Hand: [OP17-114,OP17-117,EB01-056,OP17-106,OP16-119]
[BigRato​#5650] Board: []
[BigRato​#5650] Trash: []
[BigRato​#5650] Life: 5
[LifeisSoup​#5268] Hand: [OP17-028,OP17-021,ST32-002,OP17-036,OP17-033]
[LifeisSoup​#5268] Trash: []
[LifeisSoup​#5268] Board: []
[LifeisSoup​#5268] Life: 5
[BigRato​#5650] Draw 1 Card
[BigRato​#5650] Drew card from deck: The 3 Sweet Commanders [<mark><link="OP17-114">OP17-114</link></mark>]
RZ1|172|1|OP17-114|0|39|1|5|1|1|0|0|0
RZ1|CHK|172|1|39|6|0|5|10|0|0|0|1|0
RZ1|173|1|Don|4|9|5|0|1|1|0|0|0
RZ1|CHK|173|1|39|6|0|5|9|1|0|0|1|0
RZ1|174|1|Don|4|8|5|1|1|1|0|0|0
RZ1|CHK|174|1|39|6|0|5|8|2|0|0|1|0
[BigRato​#5650] Draw 2 Don
RZ1|175|1|Don|5|0|5|0|1|1|1|0|0
RZ1|CHK|175|1|39|6|0|5|8|2|0|0|1|0
[BigRato​#5650] Deploy Charlotte Flampe [<mark><link="EB01-056">EB01-056</link></mark>]
RZ1|176|1|EB01-056|1|2|2|0|1|1|0|0|0
RZ1|CHK|176|1|39|5|1|5|8|2|0|0|1|0
[BigRato​#5650] Charlotte Flampe [<mark><link="EB01-056">EB01-056</link></mark>]: Takes Top Life
RZ1|177|1|EB01-056|3|4|1|5|1|1|0|0|0
RZ1|CHK|177|1|39|6|1|4|8|2|0|0|1|0
[BigRato​#5650] Drew card from deck: Charlotte Katakuri [<mark><link="OP17-103">OP17-103</link></mark>]
RZ1|178|1|OP17-103|0|38|1|6|1|1|0|0|0
RZ1|CHK|178|1|38|7|1|4|8|2|0|0|1|0
[BigRato​#5650] Charlotte Flampe [<mark><link="EB01-056">EB01-056</link></mark>]: Draw 1 Card
[BigRato​#5650] Hand: [OP17-114,OP17-117,OP17-106,OP16-119,OP17-114,EB01-056,OP17-103]
[BigRato​#5650] Board: [EB01-056]
[BigRato​#5650] Trash: []
[BigRato​#5650] Life: 4
[LifeisSoup​#5268] Hand: [OP17-028,OP17-021,ST32-002,OP17-036,OP17-033]
[LifeisSoup​#5268] Trash: []
[LifeisSoup​#5268] Board: []
[LifeisSoup​#5268] Life: 5
[BigRato​#5650] End Turn
[LifeisSoup​#5268] Draw 1 Card
[LifeisSoup​#5268] Drew card from deck: Yasopp [<mark><link="OP17-031">OP17-031</link></mark>]
RZ1|179|2|OP17-031|0|39|1|5|0|1|0|0|0
RZ1|CHK|179|2|39|6|0|5|9|1|0|0|1|0
RZ1|180|2|Don|4|8|5|1|1|1|0|0|0
RZ1|CHK|180|2|39|6|0|5|8|2|0|0|1|0
RZ1|181|2|Don|4|7|5|2|1|1|0|0|0
RZ1|CHK|181|2|39|6|0|5|7|3|0|0|1|0
[LifeisSoup​#5268] Draw 2 Don
[LifeisSoup​#5268] Attach 3 Don to Shanks [<mark><link="OP17-020">OP17-020</link></mark>] (3 Total)
RZ1|182|2|Don|5|0|9|9900|1|1|0|0|0
RZ1|CHK|182|2|39|6|0|5|7|2|0|0|1|1
RZ1|183|2|Don|5|0|9|9901|1|1|0|0|0
RZ1|CHK|183|2|39|6|0|5|7|1|0|0|1|2
RZ1|184|2|Don|5|0|9|9902|1|1|0|0|0
RZ1|CHK|184|2|39|6|0|5|7|0|0|0|1|3
[LifeisSoup​#5268] Shanks [<mark><link="OP17-020">OP17-020</link></mark>] attacking Charlotte Linlin [<mark><link="OP17-099">OP17-099</link></mark>]
Shanks [<mark><link="OP17-020">OP17-020</link></mark>][8000] vs Charlotte Linlin [<mark><link="OP17-099">OP17-099</link></mark>][5000]
Charlotte Linlin [<mark><link="OP17-099">OP17-099</link></mark>] hit for 1 damage
RZ1|185|1|OP17-115|3|3|1|7|1|1|0|0|0
RZ1|CHK|185|1|38|8|1|3|8|2|0|0|1|0
[LifeisSoup​#5268] End Turn
[BigRato​#5650] Hand: [OP17-114,OP17-117,OP17-106,OP16-119,OP17-114,EB01-056,OP17-103,OP17-115]
[BigRato​#5650] Board: [EB01-056]
[BigRato​#5650] Trash: []
[BigRato​#5650] Life: 3
[LifeisSoup​#5268] Hand: [OP17-028,OP17-021,ST32-002,OP17-036,OP17-033,OP17-031]
[LifeisSoup​#5268] Trash: []
[LifeisSoup​#5268] Board: []
[LifeisSoup​#5268] Life: 5
[BigRato​#5650] Draw 1 Card
[BigRato​#5650] Drew card from deck: Charlotte Smoothie [<mark><link="OP17-106">OP17-106</link></mark>]
RZ1|186|1|OP17-106|0|37|1|8|1|1|0|0|0
RZ1|CHK|186|1|37|9|1|3|8|2|0|0|1|0
RZ1|187|1|Don|4|7|5|2|1|1|0|0|0
RZ1|CHK|187|1|37|9|1|3|7|3|0|0|1|0
RZ1|188|1|Don|4|6|5|3|1|1|0|0|0
RZ1|CHK|188|1|37|9|1|3|6|4|0|0|1|0
[BigRato​#5650] Draw 2 Don
[BigRato​#5650] Attach 1 Don to Charlotte Linlin [<mark><link="OP17-099">OP17-099</link></mark>] (1 Total)
RZ1|189|1|Don|5|3|9|9900|1|1|0|0|0
RZ1|CHK|189|1|37|9|1|3|6|3|0|0|1|1
[BigRato​#5650] Attach 1 Don to Charlotte Linlin [<mark><link="OP17-099">OP17-099</link></mark>] (2 Total)
RZ1|190|1|Don|5|2|9|9901|1|1|0|0|0
RZ1|CHK|190|1|37|9|1|3|6|2|0|0|1|2
[BigRato​#5650] Attach 1 Don to Charlotte Linlin [<mark><link="OP17-099">OP17-099</link></mark>] (3 Total)
RZ1|191|1|Don|5|1|9|9902|1|1|0|0|0
RZ1|CHK|191|1|37|9|1|3|6|1|0|0|1|3
[BigRato​#5650] Charlotte Linlin [<mark><link="OP17-099">OP17-099</link></mark>] attacking Shanks [<mark><link="OP17-020">OP17-020</link></mark>]
RZ1|192|1|OP17-103|1|6|6|0|1|1|0|0|0
RZ1|CHK|192|1|37|8|1|3|6|1|1|0|1|3
[BigRato​#5650] Charlotte Linlin [<mark><link="OP17-099">OP17-099</link></mark>]: Trash Charlotte Katakuri [<mark><link="OP17-103">OP17-103</link></mark>]
[BigRato​#5650] Forcing opponent to resolve Card Action!
[LifeisSoup​#5268] Forcing opponent to resolve Card Action!
[BigRato​#5650] Charlotte Linlin [<mark><link="OP17-099">OP17-099</link></mark>]: Randomly send Lucky Roux [<mark><link="OP17-033">OP17-033</link></mark>] to Trash from Hand
RZ1|193|2|OP17-033|1|4|6|0|1|1|0|0|0
RZ1|CHK|193|2|39|5|0|5|7|0|1|0|1|3
RZ1|194|2|ST16-004|3|4|1|5|0|1|0|0|0
RZ1|CHK|194|2|39|6|0|4|7|0|1|0|1|3
Charlotte Linlin [<mark><link="OP17-099">OP17-099</link></mark>][8000] vs Shanks [<mark><link="OP17-020">OP17-020</link></mark>][5000]
Shanks [<mark><link="OP17-020">OP17-020</link></mark>] hit for 1 damage
[BigRato​#5650] Hand: [OP17-114,OP17-117,OP17-106,OP16-119,OP17-114,EB01-056,OP17-115,OP17-106]
[BigRato​#5650] Board: [EB01-056]
[BigRato​#5650] Trash: [OP17-103]
[BigRato​#5650] Life: 3
[LifeisSoup​#5268] Hand: [OP17-028,OP17-021,ST32-002,OP17-036,OP17-031,ST16-004]
[LifeisSoup​#5268] Trash: [OP17-033]
[LifeisSoup​#5268] Board: []
[LifeisSoup​#5268] Life: 4
[BigRato​#5650] End Turn
RZ1|195|2|Don|9|9900|5|0|1|1|1|0|0
RZ1|CHK|195|2|39|6|0|4|7|1|1|0|1|2
RZ1|196|2|Don|9|9900|5|0|1|1|1|0|0
RZ1|CHK|196|2|39|6|0|4|7|2|1|0|1|1
RZ1|197|2|Don|9|9900|5|0|1|1|1|0|0
RZ1|CHK|197|2|39|6|0|4|7|3|1|0|1|0
[LifeisSoup​#5268] Draw 1 Card
[LifeisSoup​#5268] Drew card from deck: Shanks [<mark><link="OP17-022">OP17-022</link></mark>]
RZ1|198|2|OP17-022|0|38|1|6|0|1|0|0|0
RZ1|CHK|198|2|38|7|0|4|7|3|1|0|1|0
RZ1|199|2|Don|4|6|5|3|1|1|0|0|0
RZ1|CHK|199|2|38|7|0|4|6|4|1|0|1|0
RZ1|200|2|Don|4|5|5|4|1|1|0|0|0
RZ1|CHK|200|2|38|7|0|4|5|5|1|0|1|0
[LifeisSoup​#5268] Draw 2 Don
RZ1|201|2|Don|5|0|5|0|1|1|1|0|0
RZ1|CHK|201|2|38|7|0|4|5|5|1|0|1|0
RZ1|202|2|Don|5|1|5|1|1|1|1|0|0
RZ1|CHK|202|2|38|7|0|4|5|5|1|0|1|0
RZ1|203|2|Don|5|2|5|2|1|1|1|0|0
RZ1|CHK|203|2|38|7|0|4|5|5|1|0|1|0
RZ1|204|2|Don|5|3|5|3|1|1|1|0|0
RZ1|CHK|204|2|38|7|0|4|5|5|1|0|1|0
RZ1|205|2|Don|5|4|5|4|1|1|1|0|0
RZ1|CHK|205|2|38|7|0|4|5|5|1|0|1|0
[LifeisSoup​#5268] Deploy Yasopp [<mark><link="OP17-031">OP17-031</link></mark>]
RZ1|206|2|OP17-031|1|4|2|0|1|1|0|0|0
RZ1|CHK|206|2|38|6|1|4|5|5|1|0|1|0
[LifeisSoup​#5268] Drew card from deck: Lucky Roux [<mark><link="OP17-033">OP17-033</link></mark>]
RZ1|207|2|OP17-033|0|37|1|6|0|1|0|0|0
RZ1|CHK|207|2|37|7|1|4|5|5|1|0|1|0
[LifeisSoup​#5268] Yasopp [<mark><link="OP17-031">OP17-031</link></mark>]: Draw 1 Card
[LifeisSoup​#5268] Yasopp [<mark><link="OP17-031">OP17-031</link></mark>]: Rest Charlotte Flampe [<mark><link="EB01-056">EB01-056</link></mark>]
[LifeisSoup​#5268] Shanks [<mark><link="OP17-020">OP17-020</link></mark>] attacking Charlotte Linlin [<mark><link="OP17-099">OP17-099</link></mark>]
[BigRato​#5650] Discard Charlotte Smoothie [<mark><link="OP17-106">OP17-106</link></mark>] for Counter 1000
RZ1|208|1|OP17-106|1|7|6|1|1|1|0|0|0
RZ1|CHK|208|1|37|7|1|3|6|1|2|0|1|3
Shanks [<mark><link="OP17-020">OP17-020</link></mark>][5000] vs Charlotte Linlin [<mark><link="OP17-099">OP17-099</link></mark>][6000]
Attack Fails
[LifeisSoup​#5268] End Turn
[BigRato​#5650] Hand: [OP17-114,OP17-117,OP17-106,OP16-119,OP17-114,EB01-056,OP17-115]
[BigRato​#5650] Board: [EB01-056]
[BigRato​#5650] Trash: [OP17-103,OP17-106]
[BigRato​#5650] Life: 3
[LifeisSoup​#5268] Hand: [OP17-028,OP17-021,ST32-002,OP17-036,ST16-004,OP17-022,OP17-033]
[LifeisSoup​#5268] Trash: [OP17-033]
[LifeisSoup​#5268] Board: [OP17-031]
[LifeisSoup​#5268] Life: 4
RZ1|209|1|Don|9|9900|5|0|1|1|1|0|0
RZ1|CHK|209|1|37|7|1|3|6|2|2|0|1|2
RZ1|210|1|Don|9|9900|5|0|1|1|1|0|0
RZ1|CHK|210|1|37|7|1|3|6|3|2|0|1|1
RZ1|211|1|Don|9|9900|5|0|1|1|1|0|0
RZ1|CHK|211|1|37|7|1|3|6|4|2|0|1|0
[BigRato​#5650] Draw 1 Card
[BigRato​#5650] Drew card from deck: Borsalino [<mark><link="EB04-058">EB04-058</link></mark>]
RZ1|212|1|EB04-058|0|36|1|7|1|1|0|0|0
RZ1|CHK|212|1|36|8|1|3|6|4|2|0|1|0
RZ1|213|1|Don|4|5|5|4|1|1|0|0|0
RZ1|CHK|213|1|36|8|1|3|5|5|2|0|1|0
RZ1|214|1|Don|4|4|5|5|1|1|0|0|0
RZ1|CHK|214|1|36|8|1|3|4|6|2|0|1|0
[BigRato​#5650] Draw 2 Don
RZ1|215|1|Don|5|0|5|0|1|1|1|0|0
RZ1|CHK|215|1|36|8|1|3|4|6|2|0|1|0
[BigRato​#5650] Deploy Charlotte Flampe [<mark><link="EB01-056">EB01-056</link></mark>]
RZ1|216|1|EB01-056|1|5|2|1|1|1|0|0|0
RZ1|CHK|216|1|36|7|2|3|4|6|2|0|1|0
[BigRato​#5650] Charlotte Flampe [<mark><link="EB01-056">EB01-056</link></mark>]: Takes Top Life
RZ1|217|1|OP17-103|3|2|1|7|1|1|0|0|0
RZ1|CHK|217|1|36|8|2|2|4|6|2|0|1|0
[BigRato​#5650] Drew card from deck: Charlotte Oven [<mark><link="OP17-102">OP17-102</link></mark>]
RZ1|218|1|OP17-102|0|35|1|8|1|1|0|0|0
RZ1|CHK|218|1|35|9|2|2|4|6|2|0|1|0
[BigRato​#5650] Charlotte Flampe [<mark><link="EB01-056">EB01-056</link></mark>]: Draw 1 Card
RZ1|219|1|Don|5|1|5|1|1|1|1|0|0
RZ1|CHK|219|1|35|9|2|2|4|6|2|0|1|0
RZ1|220|1|Don|5|2|5|2|1|1|1|0|0
RZ1|CHK|220|1|35|9|2|2|4|6|2|0|1|0
RZ1|221|1|Don|5|3|5|3|1|1|1|0|0
RZ1|CHK|221|1|35|9|2|2|4|6|2|0|1|0
RZ1|222|1|Don|5|4|5|4|1|1|1|0|0
RZ1|CHK|222|1|35|9|2|2|4|6|2|0|1|0
RZ1|223|1|Don|5|5|5|5|1|1|1|0|0
RZ1|CHK|223|1|35|9|2|2|4|6|2|0|1|0
[BigRato​#5650] Deploy Borsalino [<mark><link="EB04-058">EB04-058</link></mark>]
RZ1|224|1|EB04-058|1|6|2|2|1|1|0|0|0
RZ1|CHK|224|1|35|8|3|2|4|6|2|0|1|0
[BigRato​#5650] Borsalino [<mark><link="EB04-058">EB04-058</link></mark>]: Add card to top of Life from Deck
RZ1|225|1|OP17-107|0|34|3|2|1|0|0|0|0
RZ1|CHK|225|1|34|8|3|3|4|6|2|0|1|0
[BigRato​#5650] Charlotte Linlin [<mark><link="OP17-099">OP17-099</link></mark>] attacking Shanks [<mark><link="OP17-020">OP17-020</link></mark>]
RZ1|226|1|OP17-102|1|7|6|2|1|1|0|0|0
RZ1|CHK|226|1|34|7|3|3|4|6|3|0|1|0
[BigRato​#5650] Charlotte Linlin [<mark><link="OP17-099">OP17-099</link></mark>]: Trash Charlotte Oven [<mark><link="OP17-102">OP17-102</link></mark>]
[BigRato​#5650] Forcing opponent to resolve Card Action!
[LifeisSoup​#5268] Forcing opponent to resolve Card Action!
RZ1|227|1|OP17-114|1|4|6|3|1|1|0|0|0
RZ1|CHK|227|1|34|6|3|3|4|6|4|0|1|0
[BigRato​#5650] Charlotte Linlin [<mark><link="OP17-099">OP17-099</link></mark>]: Trash The 3 Sweet Commanders [<mark><link="OP17-114">OP17-114</link></mark>]
[BigRato​#5650] Charlotte Linlin [<mark><link="OP17-099">OP17-099</link></mark>]: Add card to top of Life from Deck
RZ1|228|1|OP17-108|0|33|3|3|1|0|0|0|0
RZ1|CHK|228|1|33|6|3|4|4|6|4|0|1|0
RZ1|229|2|OP17-036|3|3|1|7|0|1|0|0|0
RZ1|CHK|229|2|37|8|1|3|5|5|1|0|1|0
Charlotte Linlin [<mark><link="OP17-099">OP17-099</link></mark>][5000] vs Shanks [<mark><link="OP17-020">OP17-020</link></mark>][5000]
Shanks [<mark><link="OP17-020">OP17-020</link></mark>] hit for 1 damage
[BigRato​#5650] Hand: [OP17-114,OP17-117,OP17-106,OP16-119,OP17-115,OP17-103]
[BigRato​#5650] Board: [EB01-056,EB01-056,EB04-058]
[BigRato​#5650] Trash: [OP17-103,OP17-106,OP17-102,OP17-114]
[BigRato​#5650] Life: 4
[LifeisSoup​#5268] Hand: [OP17-028,OP17-021,ST32-002,OP17-036,ST16-004,OP17-022,OP17-033,OP17-036]
[LifeisSoup​#5268] Trash: [OP17-033]
[LifeisSoup​#5268] Board: [OP17-031]
[LifeisSoup​#5268] Life: 3
[BigRato​#5650] End Turn
[LifeisSoup​#5268] Draw 1 Card
[LifeisSoup​#5268] Drew card from deck: Shanks [<mark><link="ST16-004">ST16-004</link></mark>]
RZ1|230|2|ST16-004|0|36|1|8|0|1|0|0|0
RZ1|CHK|230|2|36|9|1|3|5|5|1|0|1|0
RZ1|231|2|Don|4|4|5|5|1|1|0|0|0
RZ1|CHK|231|2|36|9|1|3|4|6|1|0|1|0
RZ1|232|2|Don|4|3|5|6|1|1|0|0|0
RZ1|CHK|232|2|36|9|1|3|3|7|1|0|1|0
[LifeisSoup​#5268] Draw 2 Don
RZ1|233|2|Don|5|0|5|0|1|1|1|0|0
RZ1|CHK|233|2|36|9|1|3|3|7|1|0|1|0
RZ1|234|2|Don|5|1|5|1|1|1|1|0|0
RZ1|CHK|234|2|36|9|1|3|3|7|1|0|1|0
RZ1|235|2|Don|5|2|5|2|1|1|1|0|0
RZ1|CHK|235|2|36|9|1|3|3|7|1|0|1|0
RZ1|236|2|Don|5|3|5|3|1|1|1|0|0
RZ1|CHK|236|2|36|9|1|3|3|7|1|0|1|0
[LifeisSoup​#5268] Deploy Lucky Roux [<mark><link="OP17-033">OP17-033</link></mark>]
RZ1|237|2|OP17-033|1|6|2|1|1|1|0|0|0
RZ1|CHK|237|2|36|8|2|3|3|7|1|0|1|0
RZ1|238|2|OP17-027|0|34|1|8|0|1|0|0|0
RZ1|CHK|238|2|35|9|2|3|3|7|1|0|1|0
[LifeisSoup​#5268] Lucky Roux [<mark><link="OP17-033">OP17-033</link></mark>]: <b>Reveal and Draw Benn Beckman [<mark><link="OP17-027">OP17-027</link></mark>]</b>
[LifeisSoup​#5268] Placing Cards on Bottom of Deck
RZ1|239|2|OP17-032|0|34|0|0|0|0|0|0|0
RZ1|CHK|239|2|35|9|2|3|3|7|1|0|1|0
RZ1|240|2|OP17-031|0|34|0|0|0|0|0|0|0
RZ1|CHK|240|2|35|9|2|3|3|7|1|0|1|0
[LifeisSoup​#5268] Attach 1 Don to Yasopp [<mark><link="OP17-031">OP17-031</link></mark>] (1 Total)
RZ1|241|2|Don|5|6|9|0|1|1|0|0|0
RZ1|CHK|241|2|35|9|2|3|3|6|1|0|1|1
[LifeisSoup​#5268] Yasopp [<mark><link="OP17-031">OP17-031</link></mark>] attacking Charlotte Linlin [<mark><link="OP17-099">OP17-099</link></mark>]
Yasopp [<mark><link="OP17-031">OP17-031</link></mark>][7000] vs Charlotte Linlin [<mark><link="OP17-099">OP17-099</link></mark>][5000]
Charlotte Linlin [<mark><link="OP17-099">OP17-099</link></mark>] hit for 1 damage
RZ1|242|1|OP17-108|3|3|1|6|1|1|0|0|0
RZ1|CHK|242|1|33|7|3|3|4|6|4|0|1|0
[BigRato​#5650] Charlotte Brulee [<mark><link="OP17-108">OP17-108</link></mark>]: Activate Trigger
RZ1|243|1|OP17-108|1|6|6|4|1|1|0|0|0
RZ1|CHK|243|1|33|6|3|3|4|6|5|0|1|0
[BigRato​#5650] Charlotte Brulee [<mark><link="OP17-108">OP17-108</link></mark>]: Rest Lucky Roux [<mark><link="OP17-033">OP17-033</link></mark>]
[LifeisSoup​#5268] Attach 1 Don to Shanks [<mark><link="OP17-020">OP17-020</link></mark>] (1 Total)
RZ1|244|2|Don|5|5|9|9900|1|1|0|0|0
RZ1|CHK|244|2|35|9|2|3|3|5|1|0|1|2
[LifeisSoup​#5268] Shanks [<mark><link="OP17-020">OP17-020</link></mark>] attacking Charlotte Linlin [<mark><link="OP17-099">OP17-099</link></mark>]
Shanks [<mark><link="OP17-020">OP17-020</link></mark>][6000] vs Charlotte Linlin [<mark><link="OP17-099">OP17-099</link></mark>][5000]
Charlotte Linlin [<mark><link="OP17-099">OP17-099</link></mark>] hit for 1 damage
RZ1|245|1|OP17-107|3|2|1|6|1|1|0|0|0
RZ1|CHK|245|1|33|7|3|2|4|6|5|0|1|0
[BigRato​#5650] Charlotte Daifuku [<mark><link="OP17-107">OP17-107</link></mark>]: Activate Trigger
RZ1|246|1|OP17-107|1|6|6|5|1|1|0|0|0
RZ1|CHK|246|1|33|6|3|2|4|6|6|0|1|0
RZ1|247|1|OP17-107|6|5|2|3|1|1|0|0|0
RZ1|CHK|247|1|33|6|4|2|4|6|5|0|1|0
[BigRato​#5650] Charlotte Daifuku [<mark><link="OP17-107">OP17-107</link></mark>]: Deploy Charlotte Daifuku [<mark><link="OP17-107">OP17-107</link></mark>]
[LifeisSoup​#5268] Yasopp [<mark><link="OP17-031">OP17-031</link></mark>]: Set Yasopp [<mark><link="OP17-031">OP17-031</link></mark>] to Active
[LifeisSoup​#5268] End Turn
[BigRato​#5650] Hand: [OP17-114,OP17-117,OP17-106,OP16-119,OP17-115,OP17-103]
[BigRato​#5650] Board: [EB01-056,EB01-056,EB04-058,OP17-107]
[BigRato​#5650] Trash: [OP17-103,OP17-106,OP17-102,OP17-114,OP17-108]
[BigRato​#5650] Life: 2
[LifeisSoup​#5268] Hand: [OP17-028,OP17-021,ST32-002,OP17-036,ST16-004,OP17-022,OP17-036,ST16-004,OP17-027]
[LifeisSoup​#5268] Trash: [OP17-033]
[LifeisSoup​#5268] Board: [OP17-031,OP17-033]
[LifeisSoup​#5268] Life: 3
[BigRato​#5650] Draw 1 Card
[BigRato​#5650] Drew card from deck: Charlotte Cracker [<mark><link="OP17-104">OP17-104</link></mark>]
RZ1|248|1|OP17-104|0|32|1|6|1|1|0|0|0
RZ1|CHK|248|1|32|7|4|2|4|6|5|0|1|0
RZ1|249|1|Don|4|3|5|6|1|1|0|0|0
RZ1|CHK|249|1|32|7|4|2|3|7|5|0|1|0
RZ1|250|1|Don|4|2|5|7|1|1|0|0|0
RZ1|CHK|250|1|32|7|4|2|2|8|5|0|1|0
[BigRato​#5650] Draw 2 Don
RZ1|251|1|Don|5|0|5|0|1|1|1|0|0
RZ1|CHK|251|1|32|7|4|2|2|8|5|0|1|0
RZ1|252|1|Don|5|1|5|1|1|1|1|0|0
RZ1|CHK|252|1|32|7|4|2|2|8|5|0|1|0
RZ1|253|1|Don|5|2|5|2|1|1|1|0|0
RZ1|CHK|253|1|32|7|4|2|2|8|5|0|1|0
RZ1|254|1|Don|5|3|5|3|1|1|1|0|0
RZ1|CHK|254|1|32|7|4|2|2|8|5|0|1|0
RZ1|255|1|Don|5|4|5|4|1|1|1|0|0
RZ1|CHK|255|1|32|7|4|2|2|8|5|0|1|0
RZ1|256|1|Don|5|5|5|5|1|1|1|0|0
RZ1|CHK|256|1|32|7|4|2|2|8|5|0|1|0
[BigRato​#5650] Deploy The 3 Sweet Commanders [<mark><link="OP17-114">OP17-114</link></mark>]
RZ1|257|1|OP17-114|1|0|2|4|1|1|0|0|0
RZ1|CHK|257|1|32|6|5|2|2|8|5|0|1|0
[BigRato​#5650] The 3 Sweet Commanders [<mark><link="OP17-114">OP17-114</link></mark>]: Rest 2 Don
RZ1|258|1|Don|5|6|5|6|1|1|1|0|0
RZ1|CHK|258|1|32|6|5|2|2|8|5|0|1|0
RZ1|259|1|Don|5|7|5|7|1|1|1|0|0
RZ1|CHK|259|1|32|6|5|2|2|8|5|0|1|0
[BigRato​#5650] Drew card from deck: Maser Saber [<mark><link="OP17-117">OP17-117</link></mark>]
RZ1|260|1|OP17-117|0|31|1|6|1|1|0|0|0
RZ1|CHK|260|1|31|7|5|2|2|8|5|0|1|0
[BigRato​#5650] The 3 Sweet Commanders [<mark><link="OP17-114">OP17-114</link></mark>]: Draw 1 Card
[BigRato​#5650] The 3 Sweet Commanders [<mark><link="OP17-114">OP17-114</link></mark>]: Add card to top of Life from Deck
RZ1|261|1|OP17-112|0|30|3|2|1|0|0|0|0
RZ1|CHK|261|1|30|7|5|3|2|8|5|0|1|0
[BigRato​#5650] The 3 Sweet Commanders [<mark><link="OP17-114">OP17-114</link></mark>]: Buff Lucky Roux [<mark><link="OP17-033">OP17-033</link></mark>] -3000
[BigRato​#5650] The 3 Sweet Commanders [<mark><link="OP17-114">OP17-114</link></mark>]: Buff Yasopp [<mark><link="OP17-031">OP17-031</link></mark>] -3000
[BigRato​#5650] Charlotte Daifuku [<mark><link="OP17-107">OP17-107</link></mark>] attacking Lucky Roux [<mark><link="OP17-033">OP17-033</link></mark>]
RZ1|262|2|OP17-033|2|1|6|1|1|1|0|0|0
RZ1|CHK|262|2|35|9|1|3|3|5|2|0|1|2
[LifeisSoup​#5268] Lucky Roux [<mark><link="OP17-033">OP17-033</link></mark>]: Trash Lucky Roux [<mark><link="OP17-033">OP17-033</link></mark>]
[LifeisSoup​#5268] Lucky Roux [<mark><link="OP17-033">OP17-033</link></mark>]: Rest Charlotte Linlin [<mark><link="OP17-099">OP17-099</link></mark>]
[BigRato​#5650] Hand: [OP17-117,OP17-106,OP16-119,OP17-115,OP17-103,OP17-104,OP17-117]
[BigRato​#5650] Board: [EB01-056,EB01-056,EB04-058,OP17-107,OP17-114]
[BigRato​#5650] Trash: [OP17-103,OP17-106,OP17-102,OP17-114,OP17-108]
[BigRato​#5650] Life: 3
[LifeisSoup​#5268] Hand: [OP17-028,OP17-021,ST32-002,OP17-036,ST16-004,OP17-022,OP17-036,ST16-004,OP17-027]
[LifeisSoup​#5268] Trash: [OP17-033,OP17-033]
[LifeisSoup​#5268] Board: [OP17-031]
[LifeisSoup​#5268] Life: 3
[BigRato​#5650] End Turn
RZ1|263|2|Don|9|9900|5|0|1|1|1|0|0
RZ1|CHK|263|2|35|9|1|3|3|6|2|0|1|1
RZ1|264|2|Don|9|0|5|0|1|1|1|0|0
RZ1|CHK|264|2|35|9|1|3|3|7|2|0|1|0
[LifeisSoup​#5268] Draw 1 Card
[LifeisSoup​#5268] Drew card from deck: Hongo [<mark><link="OP17-029">OP17-029</link></mark>]
RZ1|265|2|OP17-029|0|34|1|9|0|1|0|0|0
RZ1|CHK|265|2|34|10|1|3|3|7|2|0|1|0
RZ1|266|2|Don|4|2|5|7|1|1|0|0|0
RZ1|CHK|266|2|34|10|1|3|2|8|2|0|1|0
RZ1|267|2|Don|4|1|5|8|1|1|0|0|0
RZ1|CHK|267|2|34|10|1|3|1|9|2|0|1|0
[LifeisSoup​#5268] Draw 2 Don
RZ1|268|2|Don|5|0|5|0|1|1|1|0|0
RZ1|CHK|268|2|34|10|1|3|1|9|2|0|1|0
RZ1|269|2|Don|5|1|5|1|1|1|1|0|0
RZ1|CHK|269|2|34|10|1|3|1|9|2|0|1|0
RZ1|270|2|Don|5|2|5|2|1|1|1|0|0
RZ1|CHK|270|2|34|10|1|3|1|9|2|0|1|0
RZ1|271|2|Don|5|3|5|3|1|1|1|0|0
RZ1|CHK|271|2|34|10|1|3|1|9|2|0|1|0
RZ1|272|2|Don|5|4|5|4|1|1|1|0|0
RZ1|CHK|272|2|34|10|1|3|1|9|2|0|1|0
RZ1|273|2|Don|5|5|5|5|1|1|1|0|0
RZ1|CHK|273|2|34|10|1|3|1|9|2|0|1|0
RZ1|274|2|Don|5|6|5|6|1|1|1|0|0
RZ1|CHK|274|2|34|10|1|3|1|9|2|0|1|0
[LifeisSoup​#5268] Deploy Benn Beckman [<mark><link="OP17-027">OP17-027</link></mark>]
RZ1|275|2|OP17-027|1|8|2|1|1|1|0|0|0
RZ1|CHK|275|2|34|9|2|3|1|9|2|0|1|0
[LifeisSoup​#5268] Drew card from deck: Kouzuki Oden [<mark><link="ST32-002">ST32-002</link></mark>]
RZ1|276|2|ST32-002|0|33|1|9|0|1|0|0|0
RZ1|CHK|276|2|33|10|2|3|1|9|2|0|1|0
[LifeisSoup​#5268] Benn Beckman [<mark><link="OP17-027">OP17-027</link></mark>]: Draw 1 Card
[LifeisSoup​#5268] Benn Beckman [<mark><link="OP17-027">OP17-027</link></mark>]: Rest Borsalino [<mark><link="EB04-058">EB04-058</link></mark>]
[LifeisSoup​#5268] Benn Beckman [<mark><link="OP17-027">OP17-027</link></mark>]: Rest The 3 Sweet Commanders [<mark><link="OP17-114">OP17-114</link></mark>]
[LifeisSoup​#5268] Yasopp [<mark><link="OP17-031">OP17-031</link></mark>] attacking The 3 Sweet Commanders [<mark><link="OP17-114">OP17-114</link></mark>]
Yasopp [<mark><link="OP17-031">OP17-031</link></mark>][6000] vs The 3 Sweet Commanders [<mark><link="OP17-114">OP17-114</link></mark>][4000]
[BigRato​#5650] The 3 Sweet Commanders [<mark><link="OP17-114">OP17-114</link></mark>] Destroyed
RZ1|277|1|OP17-114|2|4|6|5|1|1|0|0|0
RZ1|CHK|277|1|30|7|4|3|2|8|6|0|1|0
[LifeisSoup​#5268] Benn Beckman [<mark><link="OP17-027">OP17-027</link></mark>] attacking Charlotte Daifuku [<mark><link="OP17-107">OP17-107</link></mark>]
Benn Beckman [<mark><link="OP17-027">OP17-027</link></mark>][9000] vs Charlotte Daifuku [<mark><link="OP17-107">OP17-107</link></mark>][4000]
[BigRato​#5650] Charlotte Daifuku [<mark><link="OP17-107">OP17-107</link></mark>] Destroyed
RZ1|278|1|OP17-107|2|3|6|6|1|1|0|0|0
RZ1|CHK|278|1|30|7|3|3|2|8|7|0|1|0
[LifeisSoup​#5268] Attach 1 Don to Shanks [<mark><link="OP17-020">OP17-020</link></mark>] (1 Total)
RZ1|279|2|Don|5|8|9|9900|1|1|0|0|0
RZ1|CHK|279|2|33|10|2|3|1|8|2|0|1|1
[LifeisSoup​#5268] Shanks [<mark><link="OP17-020">OP17-020</link></mark>] attacking Borsalino [<mark><link="EB04-058">EB04-058</link></mark>]
Shanks [<mark><link="OP17-020">OP17-020</link></mark>][6000] vs Borsalino [<mark><link="EB04-058">EB04-058</link></mark>][6000]
[BigRato​#5650] Borsalino [<mark><link="EB04-058">EB04-058</link></mark>] Destroyed
RZ1|280|1|EB04-058|2|2|6|7|1|1|0|0|0
RZ1|CHK|280|1|30|7|2|3|2|8|8|0|1|0
[LifeisSoup​#5268] Yasopp [<mark><link="OP17-031">OP17-031</link></mark>]: Set Yasopp [<mark><link="OP17-031">OP17-031</link></mark>] to Active
[LifeisSoup​#5268] End Turn
[BigRato​#5650] Hand: [OP17-117,OP17-106,OP16-119,OP17-115,OP17-103,OP17-104,OP17-117]
[BigRato​#5650] Board: [EB01-056,EB01-056]
[BigRato​#5650] Trash: [OP17-103,OP17-106,OP17-102,OP17-114,OP17-108,OP17-114,OP17-107,EB04-058]
[BigRato​#5650] Life: 3
[LifeisSoup​#5268] Hand: [OP17-028,OP17-021,ST32-002,OP17-036,ST16-004,OP17-022,OP17-036,ST16-004,OP17-029,ST32-002]
[LifeisSoup​#5268] Trash: [OP17-033,OP17-033]
[LifeisSoup​#5268] Board: [OP17-031,OP17-027]
[LifeisSoup​#5268] Life: 3
[BigRato​#5650] Draw 1 Card
[BigRato​#5650] Drew card from deck: Charlotte Pudding [<mark><link="OP17-109">OP17-109</link></mark>]
RZ1|281|1|OP17-109|0|29|1|7|1|1|0|0|0
RZ1|CHK|281|1|29|8|2|3|2|8|8|0|1|0
RZ1|282|1|Don|4|1|5|8|1|1|0|0|0
RZ1|CHK|282|1|29|8|2|3|1|9|8|0|1|0
RZ1|283|1|Don|4|0|5|9|1|1|0|0|0
RZ1|CHK|283|1|29|8|2|3|0|10|8|0|1|0
[BigRato​#5650] Draw 2 Don
RZ1|284|1|Don|5|0|5|0|1|1|1|0|0
RZ1|CHK|284|1|29|8|2|3|0|10|8|0|1|0
RZ1|285|1|Don|5|1|5|1|1|1|1|0|0
RZ1|CHK|285|1|29|8|2|3|0|10|8|0|1|0
RZ1|286|1|Don|5|2|5|2|1|1|1|0|0
RZ1|CHK|286|1|29|8|2|3|0|10|8|0|1|0
RZ1|287|1|Don|5|3|5|3|1|1|1|0|0
RZ1|CHK|287|1|29|8|2|3|0|10|8|0|1|0
RZ1|288|1|Don|5|4|5|4|1|1|1|0|0
RZ1|CHK|288|1|29|8|2|3|0|10|8|0|1|0
RZ1|289|1|Don|5|5|5|5|1|1|1|0|0
RZ1|CHK|289|1|29|8|2|3|0|10|8|0|1|0
RZ1|290|1|Don|5|6|5|6|1|1|1|0|0
RZ1|CHK|290|1|29|8|2|3|0|10|8|0|1|0
RZ1|291|1|Don|5|7|5|7|1|1|1|0|0
RZ1|CHK|291|1|29|8|2|3|0|10|8|0|1|0
[BigRato​#5650] Deploy Marshall D. Teach [<mark><link="OP16-119">OP16-119</link></mark>]
RZ1|292|1|OP16-119|1|2|2|2|1|1|0|0|0
RZ1|CHK|292|1|29|7|3|3|0|10|8|0|1|0
[BigRato​#5650] Marshall D. Teach [<mark><link="OP16-119">OP16-119</link></mark>]: Added card to top of Life from Hand
RZ1|293|1|OP17-114|0|28|3|3|1|0|0|0|0
RZ1|CHK|293|1|28|7|3|4|0|10|8|0|1|0
[BigRato​#5650] Placing Cards on Bottom of Deck
RZ1|294|1|OP17-113|0|27|0|0|0|0|0|0|0
RZ1|CHK|294|1|28|7|3|4|0|10|8|0|1|0
RZ1|295|1|OP17-116|0|27|0|0|0|0|0|0|0
RZ1|CHK|295|1|28|7|3|4|0|10|8|0|1|0
[BigRato​#5650] Charlotte Linlin [<mark><link="OP17-099">OP17-099</link></mark>] attacking Shanks [<mark><link="OP17-020">OP17-020</link></mark>]
[LifeisSoup​#5268] Discard Kouzuki Oden [<mark><link="ST32-002">ST32-002</link></mark>] for Counter 1000
RZ1|296|2|ST32-002|1|2|6|2|1|1|0|0|0
RZ1|CHK|296|2|33|9|2|3|1|8|3|0|1|1
Charlotte Linlin [<mark><link="OP17-099">OP17-099</link></mark>][5000] vs Shanks [<mark><link="OP17-020">OP17-020</link></mark>][6000]
Attack Fails
[BigRato​#5650] Hand: [OP17-117,OP17-106,OP17-115,OP17-103,OP17-104,OP17-117,OP17-109]
[BigRato​#5650] Board: [EB01-056,EB01-056,OP16-119]
[BigRato​#5650] Trash: [OP17-103,OP17-106,OP17-102,OP17-114,OP17-108,OP17-114,OP17-107,EB04-058]
[BigRato​#5650] Life: 4
[LifeisSoup​#5268] Hand: [OP17-028,OP17-021,OP17-036,ST16-004,OP17-022,OP17-036,ST16-004,OP17-029,ST32-002]
[LifeisSoup​#5268] Trash: [OP17-033,OP17-033,ST32-002]
[LifeisSoup​#5268] Board: [OP17-031,OP17-027]
[LifeisSoup​#5268] Life: 3
[BigRato​#5650] End Turn
RZ1|297|2|Don|9|9900|5|0|1|1|1|0|0
RZ1|CHK|297|2|33|9|2|3|1|9|3|0|1|0
[LifeisSoup​#5268] Draw 1 Card
[LifeisSoup​#5268] Drew card from deck: Shanks [<mark><link="OP17-022">OP17-022</link></mark>]
RZ1|298|2|OP17-022|0|32|1|9|0|1|0|0|0
RZ1|CHK|298|2|32|10|2|3|1|9|3|0|1|0
RZ1|299|2|Don|4|0|5|9|1|1|0|0|0
RZ1|CHK|299|2|32|10|2|3|0|10|3|0|1|0
[LifeisSoup​#5268] Draw 2 Don
[LifeisSoup​#5268] Benn Beckman [<mark><link="OP17-027">OP17-027</link></mark>] attacking Charlotte Linlin [<mark><link="OP17-099">OP17-099</link></mark>]
Benn Beckman [<mark><link="OP17-027">OP17-027</link></mark>][9000] vs Charlotte Linlin [<mark><link="OP17-099">OP17-099</link></mark>][5000]
Charlotte Linlin [<mark><link="OP17-099">OP17-099</link></mark>] hit for 1 damage
RZ1|300|1|OP17-114|3|3|1|7|1|1|0|0|0
RZ1|CHK|300|1|28|8|3|3|0|10|8|0|1|0
[BigRato​#5650] The 3 Sweet Commanders [<mark><link="OP17-114">OP17-114</link></mark>]: Activate Trigger
RZ1|301|1|OP17-114|1|7|6|8|1|1|0|0|0
RZ1|CHK|301|1|28|7|3|3|0|10|9|0|1|0
RZ1|302|1|OP17-114|6|8|2|3|1|1|0|0|0
RZ1|CHK|302|1|28|7|4|3|0|10|8|0|1|0
[BigRato​#5650] The 3 Sweet Commanders [<mark><link="OP17-114">OP17-114</link></mark>]: Deploy The 3 Sweet Commanders [<mark><link="OP17-114">OP17-114</link></mark>]
[LifeisSoup​#5268] Shanks [<mark><link="OP17-020">OP17-020</link></mark>] attacking Charlotte Linlin [<mark><link="OP17-099">OP17-099</link></mark>]
[BigRato​#5650] Discard Charlotte Smoothie [<mark><link="OP17-106">OP17-106</link></mark>] for Counter 1000
RZ1|303|1|OP17-106|1|1|6|8|1|1|0|0|0
RZ1|CHK|303|1|28|6|4|3|0|10|9|0|1|0
Shanks [<mark><link="OP17-020">OP17-020</link></mark>][5000] vs Charlotte Linlin [<mark><link="OP17-099">OP17-099</link></mark>][6000]
Attack Fails
RZ1|304|2|Don|5|0|5|0|1|1|1|0|0
RZ1|CHK|304|2|32|10|2|3|0|10|3|0|1|0
RZ1|305|2|Don|5|1|5|1|1|1|1|0|0
RZ1|CHK|305|2|32|10|2|3|0|10|3|0|1|0
RZ1|306|2|Don|5|2|5|2|1|1|1|0|0
RZ1|CHK|306|2|32|10|2|3|0|10|3|0|1|0
RZ1|307|2|Don|5|3|5|3|1|1|1|0|0
RZ1|CHK|307|2|32|10|2|3|0|10|3|0|1|0
RZ1|308|2|Don|5|4|5|4|1|1|1|0|0
RZ1|CHK|308|2|32|10|2|3|0|10|3|0|1|0
RZ1|309|2|Don|5|5|5|5|1|1|1|0|0
RZ1|CHK|309|2|32|10|2|3|0|10|3|0|1|0
RZ1|310|2|Don|5|6|5|6|1|1|1|0|0
RZ1|CHK|310|2|32|10|2|3|0|10|3|0|1|0
RZ1|311|2|Don|5|7|5|7|1|1|1|0|0
RZ1|CHK|311|2|32|10|2|3|0|10|3|0|1|0
RZ1|312|2|Don|5|8|5|8|1|1|1|0|0
RZ1|CHK|312|2|32|10|2|3|0|10|3|0|1|0
RZ1|313|2|Don|5|9|5|9|1|1|1|0|0
RZ1|CHK|313|2|32|10|2|3|0|10|3|0|1|0
[LifeisSoup​#5268] Deploy Shanks [<mark><link="OP17-022">OP17-022</link></mark>]
RZ1|314|2|OP17-022|1|9|2|2|1|1|0|0|0
RZ1|CHK|314|2|32|9|3|3|0|10|3|0|1|0
[LifeisSoup​#5268] Shanks [<mark><link="OP17-022">OP17-022</link></mark>]: Activate 1 Don
RZ1|315|2|Don|5|9|5|9|1|1|0|0|0
RZ1|CHK|315|2|32|9|3|3|0|10|3|0|1|0
[LifeisSoup​#5268] Shanks [<mark><link="OP17-022">OP17-022</link></mark>]: Activate 1 Don
RZ1|316|2|Don|5|8|5|8|1|1|0|0|0
RZ1|CHK|316|2|32|9|3|3|0|10|3|0|1|0
[LifeisSoup​#5268] Shanks [<mark><link="OP17-022">OP17-022</link></mark>]: Rest Charlotte Flampe [<mark><link="EB01-056">EB01-056</link></mark>]
[LifeisSoup​#5268] Shanks [<mark><link="OP17-022">OP17-022</link></mark>]: Rest Charlotte Flampe [<mark><link="EB01-056">EB01-056</link></mark>]
[LifeisSoup​#5268] Shanks [<mark><link="OP17-022">OP17-022</link></mark>]: Rest Marshall D. Teach [<mark><link="OP16-119">OP16-119</link></mark>]
[LifeisSoup​#5268] Shanks [<mark><link="OP17-022">OP17-022</link></mark>]: Rest The 3 Sweet Commanders [<mark><link="OP17-114">OP17-114</link></mark>]
[LifeisSoup​#5268] Yasopp [<mark><link="OP17-031">OP17-031</link></mark>] attacking The 3 Sweet Commanders [<mark><link="OP17-114">OP17-114</link></mark>]
Yasopp [<mark><link="OP17-031">OP17-031</link></mark>][6000] vs The 3 Sweet Commanders [<mark><link="OP17-114">OP17-114</link></mark>][4000]
[BigRato​#5650] The 3 Sweet Commanders [<mark><link="OP17-114">OP17-114</link></mark>] Destroyed
RZ1|317|1|OP17-114|2|3|6|9|1|1|0|0|0
RZ1|CHK|317|1|28|6|3|3|0|10|10|0|1|0
[LifeisSoup​#5268] Attach 1 Don to Shanks [<mark><link="OP17-022">OP17-022</link></mark>] (1 Total)
RZ1|318|2|Don|5|9|9|200|1|1|0|0|0
RZ1|CHK|318|2|32|9|3|3|0|9|3|0|1|1
[LifeisSoup​#5268] Shanks [<mark><link="OP17-022">OP17-022</link></mark>] attacking Marshall D. Teach [<mark><link="OP16-119">OP16-119</link></mark>]
Shanks [<mark><link="OP17-022">OP17-022</link></mark>][13000] vs Marshall D. Teach [<mark><link="OP16-119">OP16-119</link></mark>][10000]
[BigRato​#5650] Marshall D. Teach [<mark><link="OP16-119">OP16-119</link></mark>] Destroyed
RZ1|319|1|OP16-119|2|2|6|10|1|1|0|0|0
RZ1|CHK|319|1|28|6|2|3|0|10|11|0|1|0
[LifeisSoup​#5268] Yasopp [<mark><link="OP17-031">OP17-031</link></mark>]: Set Yasopp [<mark><link="OP17-031">OP17-031</link></mark>] to Active
[LifeisSoup​#5268] End Turn
[BigRato​#5650] Hand: [OP17-117,OP17-115,OP17-103,OP17-104,OP17-117,OP17-109]
[BigRato​#5650] Board: [EB01-056,EB01-056]
[BigRato​#5650] Trash: [OP17-103,OP17-106,OP17-102,OP17-114,OP17-108,OP17-114,OP17-107,EB04-058,OP17-106,OP17-114,OP16-119]
[BigRato​#5650] Life: 3
[LifeisSoup​#5268] Hand: [OP17-028,OP17-021,OP17-036,ST16-004,OP17-022,OP17-036,ST16-004,OP17-029,ST32-002]
[LifeisSoup​#5268] Trash: [OP17-033,OP17-033,ST32-002]
[LifeisSoup​#5268] Board: [OP17-031,OP17-027,OP17-022]
[LifeisSoup​#5268] Life: 3
[BigRato​#5650] Draw 1 Card
[BigRato​#5650] Drew card from deck: Marshall D. Teach [<mark><link="OP16-119">OP16-119</link></mark>]
RZ1|320|1|OP16-119|0|27|1|6|1|1|0|0|0
RZ1|CHK|320|1|27|7|2|3|0|10|11|0|1|0
RZ1|321|1|Don|5|0|5|0|1|1|1|0|0
RZ1|CHK|321|1|27|7|2|3|0|10|11|0|1|0
RZ1|322|1|Don|5|1|5|1|1|1|1|0|0
RZ1|CHK|322|1|27|7|2|3|0|10|11|0|1|0
RZ1|323|1|Don|5|2|5|2|1|1|1|0|0
RZ1|CHK|323|1|27|7|2|3|0|10|11|0|1|0
RZ1|324|1|Don|5|3|5|3|1|1|1|0|0
RZ1|CHK|324|1|27|7|2|3|0|10|11|0|1|0
RZ1|325|1|Don|5|4|5|4|1|1|1|0|0
RZ1|CHK|325|1|27|7|2|3|0|10|11|0|1|0
RZ1|326|1|Don|5|5|5|5|1|1|1|0|0
RZ1|CHK|326|1|27|7|2|3|0|10|11|0|1|0
[BigRato​#5650] Deploy Charlotte Katakuri [<mark><link="OP17-103">OP17-103</link></mark>]
RZ1|327|1|OP17-103|1|2|2|2|1|1|0|0|0
RZ1|CHK|327|1|27|6|3|3|0|10|11|0|1|0
[BigRato​#5650] Charlotte Katakuri [<mark><link="OP17-103">OP17-103</link></mark>]: Add card to top of Life from Deck
RZ1|328|1|OP17-109|0|26|3|3|1|0|0|0|0
RZ1|CHK|328|1|26|6|3|4|0|10|11|0|1|0
[BigRato​#5650] Charlotte Katakuri [<mark><link="OP17-103">OP17-103</link></mark>]: Buff Benn Beckman [<mark><link="OP17-027">OP17-027</link></mark>] -3000
RZ1|329|1|Don|5|6|5|6|1|1|1|0|0
RZ1|CHK|329|1|26|6|3|4|0|10|11|0|1|0
RZ1|330|1|Don|5|7|5|7|1|1|1|0|0
RZ1|CHK|330|1|26|6|3|4|0|10|11|0|1|0
RZ1|331|1|Don|5|8|5|8|1|1|1|0|0
RZ1|CHK|331|1|26|6|3|4|0|10|11|0|1|0
[BigRato​#5650] Deploy Charlotte Pudding [<mark><link="OP17-109">OP17-109</link></mark>]
RZ1|332|1|OP17-109|1|4|2|3|1|1|0|0|0
RZ1|CHK|332|1|26|5|4|4|0|10|11|0|1|0
RZ1|333|1|OP17-104|1|2|6|11|1|1|0|0|0
RZ1|CHK|333|1|26|4|4|4|0|10|12|0|1|0
[BigRato​#5650] Charlotte Pudding [<mark><link="OP17-109">OP17-109</link></mark>]: Trash Charlotte Cracker [<mark><link="OP17-104">OP17-104</link></mark>]
[BigRato​#5650] Drew card from deck: Charlotte Perospero [<mark><link="OP17-110">OP17-110</link></mark>]
RZ1|334|1|OP17-110|0|25|1|4|1|1|0|0|0
RZ1|CHK|334|1|25|5|4|4|0|10|12|0|1|0
[BigRato​#5650] Drew card from deck: Streusen [<mark><link="OP17-113">OP17-113</link></mark>]
RZ1|335|1|OP17-113|0|24|1|5|1|1|0|0|0
RZ1|CHK|335|1|24|6|4|4|0|10|12|0|1|0
[BigRato​#5650] Drew card from deck: Charlotte Oven [<mark><link="OP17-102">OP17-102</link></mark>]
RZ1|336|1|OP17-102|0|23|1|6|1|1|0|0|0
RZ1|CHK|336|1|23|7|4|4|0|10|12|0|1|0
[BigRato​#5650] Charlotte Pudding [<mark><link="OP17-109">OP17-109</link></mark>]: Draw 3 Card
[BigRato​#5650] Charlotte Linlin [<mark><link="OP17-099">OP17-099</link></mark>] attacking Shanks [<mark><link="OP17-020">OP17-020</link></mark>]
[LifeisSoup​#5268] Discard Bonk Punch & Monster [<mark><link="OP17-028">OP17-028</link></mark>] for Counter 1000
RZ1|337|2|OP17-028|1|0|6|3|1|1|0|0|0
RZ1|CHK|337|2|32|8|3|3|0|9|4|0|1|1
Charlotte Linlin [<mark><link="OP17-099">OP17-099</link></mark>][5000] vs Shanks [<mark><link="OP17-020">OP17-020</link></mark>][6000]
Attack Fails
[BigRato​#5650] Hand: [OP17-117,OP17-115,OP17-117,OP16-119,OP17-110,OP17-113,OP17-102]
[BigRato​#5650] Board: [EB01-056,EB01-056,OP17-103,OP17-109]
[BigRato​#5650] Trash: [OP17-103,OP17-106,OP17-102,OP17-114,OP17-108,OP17-114,OP17-107,EB04-058,OP17-106,OP17-114,OP16-119,OP17-104]
[BigRato​#5650] Life: 4
[LifeisSoup​#5268] Hand: [OP17-021,OP17-036,ST16-004,OP17-022,OP17-036,ST16-004,OP17-029,ST32-002]
[LifeisSoup​#5268] Trash: [OP17-033,OP17-033,ST32-002,OP17-028]
[LifeisSoup​#5268] Board: [OP17-031,OP17-027,OP17-022]
[LifeisSoup​#5268] Life: 3
[BigRato​#5650] End Turn
RZ1|338|2|Don|9|200|5|0|1|1|1|0|0
RZ1|CHK|338|2|32|8|3|3|0|10|4|0|1|0
[LifeisSoup​#5268] Draw 1 Card
[LifeisSoup​#5268] Drew card from deck: Lucky Roux [<mark><link="OP17-033">OP17-033</link></mark>]
RZ1|339|2|OP17-033|0|31|1|8|0|1|0|0|0
RZ1|CHK|339|2|31|9|3|3|0|10|4|0|1|0
RZ1|340|2|Don|5|0|5|0|1|1|1|0|0
RZ1|CHK|340|2|31|9|3|3|0|10|4|0|1|0
RZ1|341|2|Don|5|1|5|1|1|1|1|0|0
RZ1|CHK|341|2|31|9|3|3|0|10|4|0|1|0
RZ1|342|2|Don|5|2|5|2|1|1|1|0|0
RZ1|CHK|342|2|31|9|3|3|0|10|4|0|1|0
RZ1|343|2|Don|5|3|5|3|1|1|1|0|0
RZ1|CHK|343|2|31|9|3|3|0|10|4|0|1|0
[LifeisSoup​#5268] Deploy Lucky Roux [<mark><link="OP17-033">OP17-033</link></mark>]
RZ1|344|2|OP17-033|1|8|2|3|1|1|0|0|0
RZ1|CHK|344|2|31|8|4|3|0|10|4|0|1|0
RZ1|345|2|OP17-029|0|28|1|8|0|1|0|0|0
RZ1|CHK|345|2|30|9|4|3|0|10|4|0|1|0
[LifeisSoup​#5268] Lucky Roux [<mark><link="OP17-033">OP17-033</link></mark>]: <b>Reveal and Draw Hongo [<mark><link="OP17-029">OP17-029</link></mark>]</b>
[LifeisSoup​#5268] Placing Cards on Bottom of Deck
RZ1|346|2|OP17-022|0|29|0|0|0|0|0|0|0
RZ1|CHK|346|2|30|9|4|3|0|10|4|0|1|0
RZ1|347|2|OP17-021|0|29|0|0|0|0|0|0|0
RZ1|CHK|347|2|30|9|4|3|0|10|4|0|1|0
RZ1|348|2|Don|5|4|5|4|1|1|1|0|0
RZ1|CHK|348|2|30|9|4|3|0|10|4|0|1|0
RZ1|349|2|Don|5|5|5|5|1|1|1|0|0
RZ1|CHK|349|2|30|9|4|3|0|10|4|0|1|0
RZ1|350|2|Don|5|6|5|6|1|1|1|0|0
RZ1|CHK|350|2|30|9|4|3|0|10|4|0|1|0
RZ1|351|2|Don|5|7|5|7|1|1|1|0|0
RZ1|CHK|351|2|30|9|4|3|0|10|4|0|1|0
[LifeisSoup​#5268] Deploy Hongo [<mark><link="OP17-029">OP17-029</link></mark>]
RZ1|352|2|OP17-029|1|8|2|4|1|1|0|0|0
RZ1|CHK|352|2|30|8|5|3|0|10|4|0|1|0
[LifeisSoup​#5268] Hongo [<mark><link="OP17-029">OP17-029</link></mark>]: Activate 1 Don
RZ1|353|2|Don|5|7|5|7|1|1|0|0|0
RZ1|CHK|353|2|30|8|5|3|0|10|4|0|1|0
[LifeisSoup​#5268] Hongo [<mark><link="OP17-029">OP17-029</link></mark>]: Rest Charlotte Flampe [<mark><link="EB01-056">EB01-056</link></mark>]
[LifeisSoup​#5268] Hongo [<mark><link="OP17-029">OP17-029</link></mark>]: Rest Charlotte Flampe [<mark><link="EB01-056">EB01-056</link></mark>]
[LifeisSoup​#5268] Attach 1 Don to Shanks [<mark><link="OP17-020">OP17-020</link></mark>] (1 Total)
RZ1|354|2|Don|5|9|9|9900|1|1|0|0|0
RZ1|CHK|354|2|30|8|5|3|0|9|4|0|1|1
[LifeisSoup​#5268] Shanks [<mark><link="OP17-020">OP17-020</link></mark>] attacking Charlotte Linlin [<mark><link="OP17-099">OP17-099</link></mark>]
[BigRato​#5650] Discard Streusen [<mark><link="OP17-113">OP17-113</link></mark>] for Counter 2000
RZ1|355|1|OP17-113|1|5|6|12|1|1|0|0|0
RZ1|CHK|355|1|23|6|4|4|0|10|13|0|1|0
Shanks [<mark><link="OP17-020">OP17-020</link></mark>][6000] vs Charlotte Linlin [<mark><link="OP17-099">OP17-099</link></mark>][7000]
Attack Fails
[LifeisSoup​#5268] Shanks [<mark><link="OP17-022">OP17-022</link></mark>] attacking Charlotte Linlin [<mark><link="OP17-099">OP17-099</link></mark>]
Shanks [<mark><link="OP17-022">OP17-022</link></mark>][12000] vs Charlotte Linlin [<mark><link="OP17-099">OP17-099</link></mark>][5000]
Charlotte Linlin [<mark><link="OP17-099">OP17-099</link></mark>] hit for 1 damage
RZ1|356|1|OP17-109|3|3|1|6|1|1|0|0|0
RZ1|CHK|356|1|23|7|4|3|0|10|13|0|1|0
[BigRato​#5650] Charlotte Pudding [<mark><link="OP17-109">OP17-109</link></mark>]: Activate Trigger
RZ1|357|1|OP17-109|1|6|6|13|1|1|0|0|0
RZ1|CHK|357|1|23|6|4|3|0|10|14|0|1|0
RZ1|358|1|OP17-103|0|19|1|6|1|1|0|0|0
RZ1|CHK|358|1|22|7|4|3|0|10|14|0|1|0
[BigRato​#5650] Charlotte Pudding [<mark><link="OP17-109">OP17-109</link></mark>]: <b>Reveal and Draw Charlotte Katakuri [<mark><link="OP17-103">OP17-103</link></mark>]</b>
[BigRato​#5650] Placing Cards on Bottom of Deck
RZ1|359|1|OP17-106|0|21|0|0|0|0|0|0|0
RZ1|CHK|359|1|22|7|4|3|0|10|14|0|1|0
RZ1|360|1|OP17-116|0|21|0|0|0|0|0|0|0
RZ1|CHK|360|1|22|7|4|3|0|10|14|0|1|0
RZ1|361|1|OP17-108|0|21|0|0|0|0|0|0|0
RZ1|CHK|361|1|22|7|4|3|0|10|14|0|1|0
RZ1|362|1|OP17-110|0|21|0|0|0|0|0|0|0
RZ1|CHK|362|1|22|7|4|3|0|10|14|0|1|0
[LifeisSoup​#5268] Yasopp [<mark><link="OP17-031">OP17-031</link></mark>]: Set Shanks [<mark><link="OP17-022">OP17-022</link></mark>] to Active
[LifeisSoup​#5268] End Turn
[BigRato​#5650] Hand: [OP17-117,OP17-115,OP17-117,OP16-119,OP17-110,OP17-102,OP17-103]
[BigRato​#5650] Board: [EB01-056,EB01-056,OP17-103,OP17-109]
[BigRato​#5650] Trash: [OP17-103,OP17-106,OP17-102,OP17-114,OP17-108,OP17-114,OP17-107,EB04-058,OP17-106,OP17-114,OP16-119,OP17-104,OP17-113,OP17-109]
[BigRato​#5650] Life: 3
[LifeisSoup​#5268] Hand: [OP17-021,OP17-036,ST16-004,OP17-022,OP17-036,ST16-004,OP17-029,ST32-002]
[LifeisSoup​#5268] Trash: [OP17-033,OP17-033,ST32-002,OP17-028]
[LifeisSoup​#5268] Board: [OP17-031,OP17-027,OP17-022,OP17-033,OP17-029]
[LifeisSoup​#5268] Life: 3
[BigRato​#5650] Draw 1 Card
[BigRato​#5650] Drew card from deck: Charlotte Pudding [<mark><link="OP17-109">OP17-109</link></mark>]
RZ1|363|1|OP17-109|0|21|1|7|1|1|0|0|0
RZ1|CHK|363|1|21|8|4|3|0|10|14|0|1|0
RZ1|364|1|Don|5|0|5|0|1|1|1|0|0
RZ1|CHK|364|1|21|8|4|3|0|10|14|0|1|0
RZ1|365|1|Don|5|1|5|1|1|1|1|0|0
RZ1|CHK|365|1|21|8|4|3|0|10|14|0|1|0
RZ1|366|1|Don|5|2|5|2|1|1|1|0|0
RZ1|CHK|366|1|21|8|4|3|0|10|14|0|1|0
RZ1|367|1|Don|5|3|5|3|1|1|1|0|0
RZ1|CHK|367|1|21|8|4|3|0|10|14|0|1|0
RZ1|368|1|Don|5|4|5|4|1|1|1|0|0
RZ1|CHK|368|1|21|8|4|3|0|10|14|0|1|0
RZ1|369|1|Don|5|5|5|5|1|1|1|0|0
RZ1|CHK|369|1|21|8|4|3|0|10|14|0|1|0
RZ1|370|1|Don|5|6|5|6|1|1|1|0|0
RZ1|CHK|370|1|21|8|4|3|0|10|14|0|1|0
[BigRato​#5650] Deploy Charlotte Perospero [<mark><link="OP17-110">OP17-110</link></mark>]
RZ1|371|1|OP17-110|1|4|2|4|1|1|0|0|0
RZ1|CHK|371|1|21|7|5|3|0|10|14|0|1|0
RZ1|372|1|EB01-056|2|1|6|14|1|1|0|0|0
RZ1|CHK|372|1|21|7|4|3|0|10|15|0|1|0
[BigRato​#5650] Trash Charlotte Flampe [<mark><link="EB01-056">EB01-056</link></mark>]
RZ1|373|1|OP17-103|1|5|2|4|1|1|0|0|0
RZ1|CHK|373|1|21|6|5|3|0|10|15|0|1|0
[BigRato​#5650] Charlotte Perospero [<mark><link="OP17-110">OP17-110</link></mark>]: Deploy Charlotte Katakuri [<mark><link="OP17-103">OP17-103</link></mark>]
[BigRato​#5650] Charlotte Perospero [<mark><link="OP17-110">OP17-110</link></mark>]: Give Charlotte Perospero [<mark><link="OP17-110">OP17-110</link></mark>] Rush
[BigRato​#5650] Charlotte Katakuri [<mark><link="OP17-103">OP17-103</link></mark>]: Add card to top of Life from Deck
RZ1|374|1|OP17-107|0|20|3|3|1|0|0|0|0
RZ1|CHK|374|1|20|6|5|4|0|10|15|0|1|0
[BigRato​#5650] Charlotte Katakuri [<mark><link="OP17-103">OP17-103</link></mark>]: Buff Hongo [<mark><link="OP17-029">OP17-029</link></mark>] -3000
[BigRato​#5650] Attach 1 Don to Charlotte Linlin [<mark><link="OP17-099">OP17-099</link></mark>] (1 Total)
RZ1|375|1|Don|5|9|9|9900|1|1|0|0|0
RZ1|CHK|375|1|20|6|5|4|0|9|15|0|1|1
[BigRato​#5650] Charlotte Linlin [<mark><link="OP17-099">OP17-099</link></mark>] attacking Shanks [<mark><link="OP17-020">OP17-020</link></mark>]
RZ1|376|1|OP17-117|1|2|6|15|1|1|0|0|0
RZ1|CHK|376|1|20|5|5|4|0|9|16|0|1|1
[BigRato​#5650] Charlotte Linlin [<mark><link="OP17-099">OP17-099</link></mark>]: Trash Maser Saber [<mark><link="OP17-117">OP17-117</link></mark>]
[BigRato​#5650] Forcing opponent to resolve Card Action!
[LifeisSoup​#5268] Forcing opponent to resolve Card Action!
RZ1|377|1|OP17-102|1|3|6|16|1|1|0|0|0
RZ1|CHK|377|1|20|4|5|4|0|9|17|0|1|1
[BigRato​#5650] Charlotte Linlin [<mark><link="OP17-099">OP17-099</link></mark>]: Trash Charlotte Oven [<mark><link="OP17-102">OP17-102</link></mark>]
[BigRato​#5650] Charlotte Linlin [<mark><link="OP17-099">OP17-099</link></mark>]: Add card to top of Life from Deck
RZ1|378|1|OP17-104|0|19|3|4|1|0|0|0|0
RZ1|CHK|378|1|19|4|5|5|0|9|17|0|1|1
[LifeisSoup​#5268] Hongo [<mark><link="OP17-029">OP17-029</link></mark>] Blocks
RZ1|379|2|OP17-029|2|4|6|4|1|1|0|0|0
RZ1|CHK|379|2|30|8|4|3|0|9|5|0|1|1
Charlotte Linlin [<mark><link="OP17-099">OP17-099</link></mark>][6000] vs Hongo [<mark><link="OP17-029">OP17-029</link></mark>][1000]
[LifeisSoup​#5268] Hongo [<mark><link="OP17-029">OP17-029</link></mark>] Destroyed
[BigRato​#5650] Hand: [OP17-117,OP17-115,OP16-119,OP17-109]
[BigRato​#5650] Board: [EB01-056,OP17-103,OP17-109,OP17-110,OP17-103]
[BigRato​#5650] Trash: [OP17-103,OP17-106,OP17-102,OP17-114,OP17-108,OP17-114,OP17-107,EB04-058,OP17-106,OP17-114,OP16-119,OP17-104,OP17-113,OP17-109,EB01-056,OP17-117,OP17-102]
[BigRato​#5650] Life: 5
[LifeisSoup​#5268] Hand: [OP17-021,OP17-036,ST16-004,OP17-022,OP17-036,ST16-004,OP17-029,ST32-002]
[LifeisSoup​#5268] Trash: [OP17-033,OP17-033,ST32-002,OP17-028,OP17-029]
[LifeisSoup​#5268] Board: [OP17-031,OP17-027,OP17-022,OP17-033]
[LifeisSoup​#5268] Life: 3
[BigRato​#5650] End Turn
RZ1|380|2|Don|9|9900|5|0|1|1|1|0|0
RZ1|CHK|380|2|30|8|4|3|0|10|5|0|1|0
[LifeisSoup​#5268] Draw 1 Card
[LifeisSoup​#5268] Drew card from deck: Limejuice [<mark><link="OP17-032">OP17-032</link></mark>]
RZ1|381|2|OP17-032|0|29|1|8|0|1|0|0|0
RZ1|CHK|381|2|29|9|4|3|0|10|5|0|1|0
RZ1|382|2|Don|5|0|5|0|1|1|1|0|0
RZ1|CHK|382|2|29|9|4|3|0|10|5|0|1|0
RZ1|383|2|Don|5|1|5|1|1|1|1|0|0
RZ1|CHK|383|2|29|9|4|3|0|10|5|0|1|0
RZ1|384|2|Don|5|2|5|2|1|1|1|0|0
RZ1|CHK|384|2|29|9|4|3|0|10|5|0|1|0
RZ1|385|2|Don|5|3|5|3|1|1|1|0|0
RZ1|CHK|385|2|29|9|4|3|0|10|5|0|1|0
RZ1|386|2|Don|5|4|5|4|1|1|1|0|0
RZ1|CHK|386|2|29|9|4|3|0|10|5|0|1|0
RZ1|387|2|Don|5|5|5|5|1|1|1|0|0
RZ1|CHK|387|2|29|9|4|3|0|10|5|0|1|0
RZ1|388|2|Don|5|6|5|6|1|1|1|0|0
RZ1|CHK|388|2|29|9|4|3|0|10|5|0|1|0
RZ1|389|2|Don|5|7|5|7|1|1|1|0|0
RZ1|CHK|389|2|29|9|4|3|0|10|5|0|1|0
RZ1|390|2|Don|5|8|5|8|1|1|1|0|0
RZ1|CHK|390|2|29|9|4|3|0|10|5|0|1|0
RZ1|391|2|Don|5|9|5|9|1|1|1|0|0
RZ1|CHK|391|2|29|9|4|3|0|10|5|0|1|0
[LifeisSoup​#5268] Deploy Shanks [<mark><link="OP17-022">OP17-022</link></mark>]
RZ1|392|2|OP17-022|1|3|2|4|1|1|0|0|0
RZ1|CHK|392|2|29|8|5|3|0|10|5|0|1|0
[LifeisSoup​#5268] Shanks [<mark><link="OP17-022">OP17-022</link></mark>]: Activate 1 Don
RZ1|393|2|Don|5|9|5|9|1|1|0|0|0
RZ1|CHK|393|2|29|8|5|3|0|10|5|0|1|0
[LifeisSoup​#5268] Shanks [<mark><link="OP17-022">OP17-022</link></mark>]: Activate 1 Don
RZ1|394|2|Don|5|8|5|8|1|1|0|0|0
RZ1|CHK|394|2|29|8|5|3|0|10|5|0|1|0
[LifeisSoup​#5268] Shanks [<mark><link="OP17-022">OP17-022</link></mark>]: Rest Charlotte Flampe [<mark><link="EB01-056">EB01-056</link></mark>]
[LifeisSoup​#5268] Shanks [<mark><link="OP17-022">OP17-022</link></mark>]: Rest Charlotte Katakuri [<mark><link="OP17-103">OP17-103</link></mark>]
[LifeisSoup​#5268] Shanks [<mark><link="OP17-022">OP17-022</link></mark>]: Rest Charlotte Pudding [<mark><link="OP17-109">OP17-109</link></mark>]
[LifeisSoup​#5268] Shanks [<mark><link="OP17-022">OP17-022</link></mark>]: Rest Charlotte Perospero [<mark><link="OP17-110">OP17-110</link></mark>]
[LifeisSoup​#5268] Shanks [<mark><link="OP17-022">OP17-022</link></mark>]: Rest Charlotte Katakuri [<mark><link="OP17-103">OP17-103</link></mark>]
[LifeisSoup​#5268] Shanks [<mark><link="OP17-022">OP17-022</link></mark>] attacking Charlotte Perospero [<mark><link="OP17-110">OP17-110</link></mark>]
Shanks [<mark><link="OP17-022">OP17-022</link></mark>][12000] vs Charlotte Perospero [<mark><link="OP17-110">OP17-110</link></mark>][4000]
[BigRato​#5650] Charlotte Perospero [<mark><link="OP17-110">OP17-110</link></mark>] Destroyed
RZ1|395|1|OP17-110|2|3|6|17|1|1|0|0|0
RZ1|CHK|395|1|19|4|4|5|0|9|18|0|1|1
[LifeisSoup​#5268] Shanks [<mark><link="OP17-022">OP17-022</link></mark>] attacking Charlotte Katakuri [<mark><link="OP17-103">OP17-103</link></mark>]
Shanks [<mark><link="OP17-022">OP17-022</link></mark>][12000] vs Charlotte Katakuri [<mark><link="OP17-103">OP17-103</link></mark>][4000]
[BigRato​#5650] Charlotte Katakuri [<mark><link="OP17-103">OP17-103</link></mark>] Destroyed
RZ1|396|1|OP17-103|2|1|6|18|1|1|0|0|0
RZ1|CHK|396|1|19|4|3|5|0|9|19|0|1|1
[LifeisSoup​#5268] Benn Beckman [<mark><link="OP17-027">OP17-027</link></mark>] attacking Charlotte Pudding [<mark><link="OP17-109">OP17-109</link></mark>]
Benn Beckman [<mark><link="OP17-027">OP17-027</link></mark>][9000] vs Charlotte Pudding [<mark><link="OP17-109">OP17-109</link></mark>][4000]
[BigRato​#5650] Charlotte Pudding [<mark><link="OP17-109">OP17-109</link></mark>] Destroyed
RZ1|397|1|OP17-109|2|1|6|19|1|1|0|0|0
RZ1|CHK|397|1|19|4|2|5|0|9|20|0|1|1
[LifeisSoup​#5268] Yasopp [<mark><link="OP17-031">OP17-031</link></mark>] attacking Charlotte Katakuri [<mark><link="OP17-103">OP17-103</link></mark>]
Yasopp [<mark><link="OP17-031">OP17-031</link></mark>][6000] vs Charlotte Katakuri [<mark><link="OP17-103">OP17-103</link></mark>][4000]
[BigRato​#5650] Charlotte Katakuri [<mark><link="OP17-103">OP17-103</link></mark>] Destroyed
RZ1|398|1|OP17-103|2|1|6|20|1|1|0|0|0
RZ1|CHK|398|1|19|4|1|5|0|9|21|0|1|1
[LifeisSoup​#5268] Attach 1 Don to Shanks [<mark><link="OP17-020">OP17-020</link></mark>] (1 Total)
RZ1|399|2|Don|5|9|9|9900|1|1|0|0|0
RZ1|CHK|399|2|29|8|5|3|0|9|5|0|1|1
[LifeisSoup​#5268] Shanks [<mark><link="OP17-020">OP17-020</link></mark>] attacking Charlotte Flampe [<mark><link="EB01-056">EB01-056</link></mark>]
Shanks [<mark><link="OP17-020">OP17-020</link></mark>][6000] vs Charlotte Flampe [<mark><link="EB01-056">EB01-056</link></mark>][1000]
[BigRato​#5650] Charlotte Flampe [<mark><link="EB01-056">EB01-056</link></mark>] Destroyed
RZ1|400|1|EB01-056|2|0|6|21|1|1|0|0|0
RZ1|CHK|400|1|19|4|0|5|0|9|22|0|1|1
[LifeisSoup​#5268] Yasopp [<mark><link="OP17-031">OP17-031</link></mark>]: Set Yasopp [<mark><link="OP17-031">OP17-031</link></mark>] to Active
[LifeisSoup​#5268] End Turn
[BigRato​#5650] Hand: [OP17-117,OP17-115,OP16-119,OP17-109]
[BigRato​#5650] Board: []
[BigRato​#5650] Trash: [OP17-103,OP17-106,OP17-102,OP17-114,OP17-108,OP17-114,OP17-107,EB04-058,OP17-106,OP17-114,OP16-119,OP17-104,OP17-113,OP17-109,EB01-056,OP17-117,OP17-102,OP17-110,OP17-103,OP17-109,OP17-103,EB01-056]
[BigRato​#5650] Life: 5
[LifeisSoup​#5268] Hand: [OP17-021,OP17-036,ST16-004,OP17-036,ST16-004,OP17-029,ST32-002,OP17-032]
[LifeisSoup​#5268] Trash: [OP17-033,OP17-033,ST32-002,OP17-028,OP17-029]
[LifeisSoup​#5268] Board: [OP17-031,OP17-027,OP17-022,OP17-033,OP17-022]
[LifeisSoup​#5268] Life: 3
RZ1|401|1|Don|9|9900|5|0|1|1|1|0|0
RZ1|CHK|401|1|19|4|0|5|0|10|22|0|1|0
[BigRato​#5650] Draw 1 Card
[BigRato​#5650] Drew card from deck: There's Still A Code Of Honor? [<mark><link="OP17-115">OP17-115</link></mark>]
RZ1|402|1|OP17-115|0|18|1|4|1|1|0|0|0
RZ1|CHK|402|1|18|5|0|5|0|10|22|0|1|0
RZ1|403|1|Don|5|0|5|0|1|1|1|0|0
RZ1|CHK|403|1|18|5|0|5|0|10|22|0|1|0
RZ1|404|1|Don|5|1|5|1|1|1|1|0|0
RZ1|CHK|404|1|18|5|0|5|0|10|22|0|1|0
RZ1|405|1|Don|5|2|5|2|1|1|1|0|0
RZ1|CHK|405|1|18|5|0|5|0|10|22|0|1|0
RZ1|406|1|Don|5|3|5|3|1|1|1|0|0
RZ1|CHK|406|1|18|5|0|5|0|10|22|0|1|0
RZ1|407|1|Don|5|4|5|4|1|1|1|0|0
RZ1|CHK|407|1|18|5|0|5|0|10|22|0|1|0
RZ1|408|1|Don|5|5|5|5|1|1|1|0|0
RZ1|CHK|408|1|18|5|0|5|0|10|22|0|1|0
RZ1|409|1|Don|5|6|5|6|1|1|1|0|0
RZ1|CHK|409|1|18|5|0|5|0|10|22|0|1|0
RZ1|410|1|Don|5|7|5|7|1|1|1|0|0
RZ1|CHK|410|1|18|5|0|5|0|10|22|0|1|0
[BigRato​#5650] Deploy Marshall D. Teach [<mark><link="OP16-119">OP16-119</link></mark>]
RZ1|411|1|OP16-119|1|2|2|0|1|1|0|0|0
RZ1|CHK|411|1|18|4|1|5|0|10|22|0|1|0
[BigRato​#5650] Marshall D. Teach [<mark><link="OP16-119">OP16-119</link></mark>]: Added card to top of Life from Hand
RZ1|412|1|OP17-104|0|17|3|5|1|0|0|0|0
RZ1|CHK|412|1|17|4|1|6|0|10|22|0|1|0
[BigRato​#5650] Placing Cards on Bottom of Deck
RZ1|413|1|OP17-107|0|16|0|0|0|0|0|0|0
RZ1|CHK|413|1|17|4|1|6|0|10|22|0|1|0
RZ1|414|1|OP17-113|0|16|0|0|0|0|0|0|0
RZ1|CHK|414|1|17|4|1|6|0|10|22|0|1|0
[BigRato​#5650] Hand: [OP17-117,OP17-115,OP17-109,OP17-115]
[BigRato​#5650] Board: [OP16-119]
[BigRato​#5650] Trash: [OP17-103,OP17-106,OP17-102,OP17-114,OP17-108,OP17-114,OP17-107,EB04-058,OP17-106,OP17-114,OP16-119,OP17-104,OP17-113,OP17-109,EB01-056,OP17-117,OP17-102,OP17-110,OP17-103,OP17-109,OP17-103,EB01-056]
[BigRato​#5650] Life: 6
[LifeisSoup​#5268] Hand: [OP17-021,OP17-036,ST16-004,OP17-036,ST16-004,OP17-029,ST32-002,OP17-032]
[LifeisSoup​#5268] Trash: [OP17-033,OP17-033,ST32-002,OP17-028,OP17-029]
[LifeisSoup​#5268] Board: [OP17-031,OP17-027,OP17-022,OP17-033,OP17-022]
[LifeisSoup​#5268] Life: 3
[BigRato​#5650] End Turn
RZ1|415|2|Don|9|9900|5|0|1|1|1|0|0
RZ1|CHK|415|2|29|8|5|3|0|10|5|0|1|0
[LifeisSoup​#5268] Draw 1 Card
[LifeisSoup​#5268] Drew card from deck: Shanks [<mark><link="ST16-004">ST16-004</link></mark>]
RZ1|416|2|ST16-004|0|28|1|8|0|1|0|0|0
RZ1|CHK|416|2|28|9|5|3|0|10|5|0|1|0
[LifeisSoup​#5268] Withdraw Now and Allow Me to Save Face [<mark><link="OP17-036">OP17-036</link></mark>]: Rest 1 Don
RZ1|417|2|Don|5|0|5|0|1|1|1|0|0
RZ1|CHK|417|2|28|9|5|3|0|10|5|0|1|0
RZ1|418|2|OP17-036|1|1|6|5|1|1|0|0|0
RZ1|CHK|418|2|28|8|5|3|0|10|6|0|1|0
[LifeisSoup​#5268] Withdraw Now and Allow Me to Save Face [<mark><link="OP17-036">OP17-036</link></mark>]: Rest 6 Don
RZ1|419|2|Don|5|1|5|1|1|1|1|0|0
RZ1|CHK|419|2|28|8|5|3|0|10|6|0|1|0
RZ1|420|2|Don|5|2|5|2|1|1|1|0|0
RZ1|CHK|420|2|28|8|5|3|0|10|6|0|1|0
RZ1|421|2|Don|5|3|5|3|1|1|1|0|0
RZ1|CHK|421|2|28|8|5|3|0|10|6|0|1|0
RZ1|422|2|Don|5|4|5|4|1|1|1|0|0
RZ1|CHK|422|2|28|8|5|3|0|10|6|0|1|0
RZ1|423|2|Don|5|5|5|5|1|1|1|0|0
RZ1|CHK|423|2|28|8|5|3|0|10|6|0|1|0
RZ1|424|2|Don|5|6|5|6|1|1|1|0|0
RZ1|CHK|424|2|28|8|5|3|0|10|6|0|1|0
[LifeisSoup​#5268] Withdraw Now and Allow Me to Save Face [<mark><link="OP17-036">OP17-036</link></mark>]: Rest Marshall D. Teach [<mark><link="OP16-119">OP16-119</link></mark>]
[LifeisSoup​#5268] Attach 3 Don to Shanks [<mark><link="OP17-022">OP17-022</link></mark>] (3 Total)
RZ1|425|2|Don|5|9|9|200|1|1|0|0|0
RZ1|CHK|425|2|28|8|5|3|0|9|6|0|1|1
RZ1|426|2|Don|5|8|9|201|1|1|0|0|0
RZ1|CHK|426|2|28|8|5|3|0|8|6|0|1|2
RZ1|427|2|Don|5|7|9|202|1|1|0|0|0
RZ1|CHK|427|2|28|8|5|3|0|7|6|0|1|3
[LifeisSoup​#5268] Shanks [<mark><link="OP17-022">OP17-022</link></mark>] attacking Marshall D. Teach [<mark><link="OP16-119">OP16-119</link></mark>]
Shanks [<mark><link="OP17-022">OP17-022</link></mark>][15000] vs Marshall D. Teach [<mark><link="OP16-119">OP16-119</link></mark>][10000]
[BigRato​#5650] Marshall D. Teach [<mark><link="OP16-119">OP16-119</link></mark>] Destroyed
RZ1|428|1|OP16-119|2|0|6|22|1|1|0|0|0
RZ1|CHK|428|1|17|4|0|6|0|10|23|0|1|0
[LifeisSoup​#5268] Shanks [<mark><link="OP17-020">OP17-020</link></mark>] attacking Charlotte Linlin [<mark><link="OP17-099">OP17-099</link></mark>]
Shanks [<mark><link="OP17-020">OP17-020</link></mark>][5000] vs Charlotte Linlin [<mark><link="OP17-099">OP17-099</link></mark>][5000]
Charlotte Linlin [<mark><link="OP17-099">OP17-099</link></mark>] hit for 1 damage
RZ1|429|1|OP17-104|3|5|1|4|1|1|0|0|0
RZ1|CHK|429|1|17|5|0|5|0|10|23|0|1|0
[BigRato​#5650] Charlotte Cracker [<mark><link="OP17-104">OP17-104</link></mark>]: Activate Trigger
RZ1|430|1|OP17-104|1|4|6|23|1|1|0|0|0
RZ1|CHK|430|1|17|4|0|5|0|10|24|0|1|0
RZ1|431|1|OP17-104|6|23|2|0|1|1|0|0|0
RZ1|CHK|431|1|17|4|1|5|0|10|23|0|1|0
[BigRato​#5650] Charlotte Cracker [<mark><link="OP17-104">OP17-104</link></mark>]: Deploy Charlotte Cracker [<mark><link="OP17-104">OP17-104</link></mark>]
[LifeisSoup​#5268] Yasopp [<mark><link="OP17-031">OP17-031</link></mark>]: Set Shanks [<mark><link="OP17-022">OP17-022</link></mark>] to Active
[LifeisSoup​#5268] End Turn
[BigRato​#5650] Hand: [OP17-117,OP17-115,OP17-109,OP17-115]
[BigRato​#5650] Board: [OP17-104]
[BigRato​#5650] Trash: [OP17-103,OP17-106,OP17-102,OP17-114,OP17-108,OP17-114,OP17-107,EB04-058,OP17-106,OP17-114,OP16-119,OP17-104,OP17-113,OP17-109,EB01-056,OP17-117,OP17-102,OP17-110,OP17-103,OP17-109,OP17-103,EB01-056,OP16-119]
[BigRato​#5650] Life: 5
[LifeisSoup​#5268] Hand: [OP17-021,ST16-004,OP17-036,ST16-004,OP17-029,ST32-002,OP17-032,ST16-004]
[LifeisSoup​#5268] Trash: [OP17-033,OP17-033,ST32-002,OP17-028,OP17-029,OP17-036]
[LifeisSoup​#5268] Board: [OP17-031,OP17-027,OP17-022,OP17-033,OP17-022]
[LifeisSoup​#5268] Life: 3
[BigRato​#5650] Draw 1 Card
[BigRato​#5650] Drew card from deck: Borsalino [<mark><link="EB04-058">EB04-058</link></mark>]
RZ1|432|1|EB04-058|0|16|1|4|1|1|0|0|0
RZ1|CHK|432|1|16|5|1|5|0|10|23|0|1|0
RZ1|433|1|Don|5|0|5|0|1|1|1|0|0
RZ1|CHK|433|1|16|5|1|5|0|10|23|0|1|0
RZ1|434|1|Don|5|1|5|1|1|1|1|0|0
RZ1|CHK|434|1|16|5|1|5|0|10|23|0|1|0
RZ1|435|1|Don|5|2|5|2|1|1|1|0|0
RZ1|CHK|435|1|16|5|1|5|0|10|23|0|1|0
[BigRato​#5650] Deploy Charlotte Pudding [<mark><link="OP17-109">OP17-109</link></mark>]
RZ1|436|1|OP17-109|1|2|2|1|1|1|0|0|0
RZ1|CHK|436|1|16|4|2|5|0|10|23|0|1|0
RZ1|437|1|OP17-117|1|0|6|23|1|1|0|0|0
RZ1|CHK|437|1|16|3|2|5|0|10|24|0|1|0
[BigRato​#5650] Charlotte Pudding [<mark><link="OP17-109">OP17-109</link></mark>]: Trash Maser Saber [<mark><link="OP17-117">OP17-117</link></mark>]
[BigRato​#5650] Drew card from deck: Charlotte Linlin [<mark><link="OP17-112">OP17-112</link></mark>]
RZ1|438|1|OP17-112|0|15|1|3|1|1|0|0|0
RZ1|CHK|438|1|15|4|2|5|0|10|24|0|1|0
[BigRato​#5650] Drew card from deck: Charlotte Pudding [<mark><link="OP17-109">OP17-109</link></mark>]
RZ1|439|1|OP17-109|0|14|1|4|1|1|0|0|0
RZ1|CHK|439|1|14|5|2|5|0|10|24|0|1|0
[BigRato​#5650] Drew card from deck: Charlotte Linlin [<mark><link="OP17-112">OP17-112</link></mark>]
RZ1|440|1|OP17-112|0|13|1|5|1|1|0|0|0
RZ1|CHK|440|1|13|6|2|5|0|10|24|0|1|0
[BigRato​#5650] Charlotte Pudding [<mark><link="OP17-109">OP17-109</link></mark>]: Draw 3 Card
[BigRato​#5650] Attach 1 Don to Charlotte Linlin [<mark><link="OP17-099">OP17-099</link></mark>] (1 Total)
RZ1|441|1|Don|5|9|9|9900|1|1|0|0|0
RZ1|CHK|441|1|13|6|2|5|0|9|24|0|1|1
[BigRato​#5650] Attach 1 Don to Charlotte Linlin [<mark><link="OP17-099">OP17-099</link></mark>] (2 Total)
RZ1|442|1|Don|5|8|9|9901|1|1|0|0|0
RZ1|CHK|442|1|13|6|2|5|0|8|24|0|1|2
[BigRato​#5650] Attach 1 Don to Charlotte Linlin [<mark><link="OP17-099">OP17-099</link></mark>] (3 Total)
RZ1|443|1|Don|5|7|9|9902|1|1|0|0|0
RZ1|CHK|443|1|13|6|2|5|0|7|24|0|1|3
[BigRato​#5650] Attach 1 Don to Charlotte Linlin [<mark><link="OP17-099">OP17-099</link></mark>] (4 Total)
RZ1|444|1|Don|5|6|9|9903|1|1|0|0|0
RZ1|CHK|444|1|13|6|2|5|0|6|24|0|1|4
[BigRato​#5650] Charlotte Linlin [<mark><link="OP17-099">OP17-099</link></mark>] attacking Shanks [<mark><link="OP17-020">OP17-020</link></mark>]
RZ1|445|1|OP17-115|1|1|6|24|1|1|0|0|0
RZ1|CHK|445|1|13|5|2|5|0|6|25|0|1|4
[BigRato​#5650] Charlotte Linlin [<mark><link="OP17-099">OP17-099</link></mark>]: Trash There's Still A Code Of Honor? [<mark><link="OP17-115">OP17-115</link></mark>]
[BigRato​#5650] Forcing opponent to resolve Card Action!
[LifeisSoup​#5268] Forcing opponent to resolve Card Action!
RZ1|446|1|OP17-115|1|0|6|25|1|1|0|0|0
RZ1|CHK|446|1|13|4|2|5|0|6|26|0|1|4
[BigRato​#5650] Charlotte Linlin [<mark><link="OP17-099">OP17-099</link></mark>]: Trash There's Still A Code Of Honor? [<mark><link="OP17-115">OP17-115</link></mark>]
[BigRato​#5650] Charlotte Linlin [<mark><link="OP17-099">OP17-099</link></mark>]: Add card to top of Life from Deck
RZ1|447|1|OP17-112|0|12|3|5|1|0|0|0|0
RZ1|CHK|447|1|12|4|2|6|0|6|26|0|1|4
RZ1|448|2|OP17-033|2|3|6|6|1|1|0|0|0
RZ1|CHK|448|2|28|8|4|3|0|7|7|0|1|3
[LifeisSoup​#5268] Lucky Roux [<mark><link="OP17-033">OP17-033</link></mark>]: Trash Lucky Roux [<mark><link="OP17-033">OP17-033</link></mark>]
[LifeisSoup​#5268] Lucky Roux [<mark><link="OP17-033">OP17-033</link></mark>]: Rest Charlotte Cracker [<mark><link="OP17-104">OP17-104</link></mark>]
RZ1|449|2|ST32-001|3|2|1|8|0|1|0|0|0
RZ1|CHK|449|2|28|9|4|2|0|7|7|0|1|3
Charlotte Linlin [<mark><link="OP17-099">OP17-099</link></mark>][9000] vs Shanks [<mark><link="OP17-020">OP17-020</link></mark>][5000]
Shanks [<mark><link="OP17-020">OP17-020</link></mark>] hit for 1 damage
[BigRato​#5650] Hand: [EB04-058,OP17-112,OP17-109,OP17-112]
[BigRato​#5650] Board: [OP17-104,OP17-109]
[BigRato​#5650] Trash: [OP17-103,OP17-106,OP17-102,OP17-114,OP17-108,OP17-114,OP17-107,EB04-058,OP17-106,OP17-114,OP16-119,OP17-104,OP17-113,OP17-109,EB01-056,OP17-117,OP17-102,OP17-110,OP17-103,OP17-109,OP17-103,EB01-056,OP16-119,OP17-117,OP17-115,OP17-115]
[BigRato​#5650] Life: 6
[LifeisSoup​#5268] Hand: [OP17-021,ST16-004,OP17-036,ST16-004,OP17-029,ST32-002,OP17-032,ST16-004,ST32-001]
[LifeisSoup​#5268] Trash: [OP17-033,OP17-033,ST32-002,OP17-028,OP17-029,OP17-036,OP17-033]
[LifeisSoup​#5268] Board: [OP17-031,OP17-027,OP17-022,OP17-022]
[LifeisSoup​#5268] Life: 2
[BigRato​#5650] End Turn
RZ1|450|2|Don|9|200|5|0|1|1|1|0|0
RZ1|CHK|450|2|28|9|4|2|0|8|7|0|1|2
RZ1|451|2|Don|9|200|5|0|1|1|1|0|0
RZ1|CHK|451|2|28|9|4|2|0|9|7|0|1|1
RZ1|452|2|Don|9|200|5|0|1|1|1|0|0
RZ1|CHK|452|2|28|9|4|2|0|10|7|0|1|0
[LifeisSoup​#5268] Draw 1 Card
[LifeisSoup​#5268] Drew card from deck: Are You That Afraid of the New Era?! [<mark><link="OP17-037">OP17-037</link></mark>]
RZ1|453|2|OP17-037|0|27|1|9|0|1|0|0|0
RZ1|CHK|453|2|27|10|4|2|0|10|7|0|1|0
RZ1|454|2|Don|5|0|5|0|1|1|1|0|0
RZ1|CHK|454|2|27|10|4|2|0|10|7|0|1|0
[LifeisSoup​#5268] Deploy Kin'emon [<mark><link="ST32-001">ST32-001</link></mark>]
RZ1|455|2|ST32-001|1|8|2|4|1|1|0|0|0
RZ1|CHK|455|2|27|9|5|2|0|10|7|0|1|0
[LifeisSoup​#5268] Kin'emon [<mark><link="ST32-001">ST32-001</link></mark>]: Rest Shanks [<mark><link="OP17-020">OP17-020</link></mark>]
[LifeisSoup​#5268] Drew card from deck: Shanks [<mark><link="OP17-022">OP17-022</link></mark>]
RZ1|456|2|OP17-022|0|26|1|9|0|1|0|0|0
RZ1|CHK|456|2|26|10|5|2|0|10|7|0|1|0
[LifeisSoup​#5268] Drew card from deck: Limejuice [<mark><link="OP17-032">OP17-032</link></mark>]
RZ1|457|2|OP17-032|0|25|1|10|0|1|0|0|0
RZ1|CHK|457|2|25|11|5|2|0|10|7|0|1|0
[LifeisSoup​#5268] Kin'emon [<mark><link="ST32-001">ST32-001</link></mark>]: Draw 2 Card
RZ1|458|2|OP17-037|1|8|6|7|1|1|0|0|0
RZ1|CHK|458|2|25|10|5|2|0|10|8|0|1|0
[LifeisSoup​#5268] Kin'emon [<mark><link="ST32-001">ST32-001</link></mark>]: Trash Are You That Afraid of the New Era?! [<mark><link="OP17-037">OP17-037</link></mark>]
[LifeisSoup​#5268] Benn Beckman [<mark><link="OP17-027">OP17-027</link></mark>] attacking Charlotte Cracker [<mark><link="OP17-104">OP17-104</link></mark>]
Benn Beckman [<mark><link="OP17-027">OP17-027</link></mark>][9000] vs Charlotte Cracker [<mark><link="OP17-104">OP17-104</link></mark>][4000]
[BigRato​#5650] Charlotte Cracker [<mark><link="OP17-104">OP17-104</link></mark>] Destroyed
RZ1|459|1|OP17-104|2|0|6|26|1|1|0|0|0
RZ1|CHK|459|1|12|4|1|6|0|6|27|0|1|4
[LifeisSoup​#5268] Yasopp [<mark><link="OP17-031">OP17-031</link></mark>]: Set Benn Beckman [<mark><link="OP17-027">OP17-027</link></mark>] to Active
[LifeisSoup​#5268] End Turn
[BigRato​#5650] Hand: [EB04-058,OP17-112,OP17-109,OP17-112]
[BigRato​#5650] Board: [OP17-109]
[BigRato​#5650] Trash: [OP17-103,OP17-106,OP17-102,OP17-114,OP17-108,OP17-114,OP17-107,EB04-058,OP17-106,OP17-114,OP16-119,OP17-104,OP17-113,OP17-109,EB01-056,OP17-117,OP17-102,OP17-110,OP17-103,OP17-109,OP17-103,EB01-056,OP16-119,OP17-117,OP17-115,OP17-115,OP17-104]
[BigRato​#5650] Life: 6
[LifeisSoup​#5268] Hand: [OP17-021,ST16-004,OP17-036,ST16-004,OP17-029,ST32-002,OP17-032,ST16-004,OP17-022,OP17-032]
[LifeisSoup​#5268] Trash: [OP17-033,OP17-033,ST32-002,OP17-028,OP17-029,OP17-036,OP17-033,OP17-037]
[LifeisSoup​#5268] Board: [OP17-031,OP17-027,OP17-022,OP17-022,ST32-001]
[LifeisSoup​#5268] Life: 2
RZ1|460|1|Don|9|9900|5|0|1|1|1|0|0
RZ1|CHK|460|1|12|4|1|6|0|7|27|0|1|3
RZ1|461|1|Don|9|9900|5|0|1|1|1|0|0
RZ1|CHK|461|1|12|4|1|6|0|8|27|0|1|2
RZ1|462|1|Don|9|9900|5|0|1|1|1|0|0
RZ1|CHK|462|1|12|4|1|6|0|9|27|0|1|1
RZ1|463|1|Don|9|9900|5|0|1|1|1|0|0
RZ1|CHK|463|1|12|4|1|6|0|10|27|0|1|0
[BigRato​#5650] Draw 1 Card
[BigRato​#5650] Drew card from deck: Charlotte Brulee [<mark><link="OP17-108">OP17-108</link></mark>]
RZ1|464|1|OP17-108|0|11|1|4|1|1|0|0|0
RZ1|CHK|464|1|11|5|1|6|0|10|27|0|1|0
RZ1|465|1|Don|5|0|5|0|1|1|1|0|0
RZ1|CHK|465|1|11|5|1|6|0|10|27|0|1|0
RZ1|466|1|Don|5|1|5|1|1|1|1|0|0
RZ1|CHK|466|1|11|5|1|6|0|10|27|0|1|0
RZ1|467|1|Don|5|2|5|2|1|1|1|0|0
RZ1|CHK|467|1|11|5|1|6|0|10|27|0|1|0
RZ1|468|1|Don|5|3|5|3|1|1|1|0|0
RZ1|CHK|468|1|11|5|1|6|0|10|27|0|1|0
RZ1|469|1|Don|5|4|5|4|1|1|1|0|0
RZ1|CHK|469|1|11|5|1|6|0|10|27|0|1|0
RZ1|470|1|Don|5|5|5|5|1|1|1|0|0
RZ1|CHK|470|1|11|5|1|6|0|10|27|0|1|0
RZ1|471|1|Don|5|6|5|6|1|1|1|0|0
RZ1|CHK|471|1|11|5|1|6|0|10|27|0|1|0
RZ1|472|1|Don|5|7|5|7|1|1|1|0|0
RZ1|CHK|472|1|11|5|1|6|0|10|27|0|1|0
RZ1|473|1|Don|5|8|5|8|1|1|1|0|0
RZ1|CHK|473|1|11|5|1|6|0|10|27|0|1|0
RZ1|474|1|Don|5|9|5|9|1|1|1|0|0
RZ1|CHK|474|1|11|5|1|6|0|10|27|0|1|0
[BigRato​#5650] Deploy Charlotte Linlin [<mark><link="OP17-112">OP17-112</link></mark>]
RZ1|475|1|OP17-112|1|3|2|1|1|1|0|0|0
RZ1|CHK|475|1|11|4|2|6|0|10|27|0|1|0
[BigRato​#5650] Drew card from deck: Charlotte Cracker [<mark><link="OP17-104">OP17-104</link></mark>]
RZ1|476|1|OP17-104|0|10|1|4|1|1|0|0|0
RZ1|CHK|476|1|10|5|2|6|0|10|27|0|1|0
[BigRato​#5650] Charlotte Linlin [<mark><link="OP17-112">OP17-112</link></mark>]: Draw 1 Card
[BigRato​#5650] Charlotte Linlin [<mark><link="OP17-112">OP17-112</link></mark>]: Send 1 Life to Hand
RZ1|477|2|OP17-021|3|1|1|10|0|1|0|0|0
RZ1|CHK|477|2|25|11|5|1|0|10|8|0|1|0
[BigRato​#5650] Hand: [EB04-058,OP17-112,OP17-109,OP17-108,OP17-104]
[BigRato​#5650] Board: [OP17-109,OP17-112]
[BigRato​#5650] Trash: [OP17-103,OP17-106,OP17-102,OP17-114,OP17-108,OP17-114,OP17-107,EB04-058,OP17-106,OP17-114,OP16-119,OP17-104,OP17-113,OP17-109,EB01-056,OP17-117,OP17-102,OP17-110,OP17-103,OP17-109,OP17-103,EB01-056,OP16-119,OP17-117,OP17-115,OP17-115,OP17-104]
[BigRato​#5650] Life: 6
[LifeisSoup​#5268] Hand: [OP17-021,ST16-004,OP17-036,ST16-004,OP17-029,ST32-002,OP17-032,ST16-004,OP17-022,OP17-032,OP17-021]
[LifeisSoup​#5268] Trash: [OP17-033,OP17-033,ST32-002,OP17-028,OP17-029,OP17-036,OP17-033,OP17-037]
[LifeisSoup​#5268] Board: [OP17-031,OP17-027,OP17-022,OP17-022,ST32-001]
[LifeisSoup​#5268] Life: 1
[BigRato​#5650] End Turn
[LifeisSoup​#5268] Draw 1 Card
[LifeisSoup​#5268] Drew card from deck: Kouzuki Oden [<mark><link="ST32-002">ST32-002</link></mark>]
RZ1|478|2|ST32-002|0|24|1|11|0|1|0|0|0
RZ1|CHK|478|2|24|12|5|1|0|10|8|0|1|0
RZ1|479|2|Don|5|0|5|0|1|1|1|0|0
RZ1|CHK|479|2|24|12|5|1|0|10|8|0|1|0
RZ1|480|2|Don|5|1|5|1|1|1|1|0|0
RZ1|CHK|480|2|24|12|5|1|0|10|8|0|1|0
RZ1|481|2|Don|5|2|5|2|1|1|1|0|0
RZ1|CHK|481|2|24|12|5|1|0|10|8|0|1|0
RZ1|482|2|Don|5|3|5|3|1|1|1|0|0
RZ1|CHK|482|2|24|12|5|1|0|10|8|0|1|0
RZ1|483|2|Don|5|4|5|4|1|1|1|0|0
RZ1|CHK|483|2|24|12|5|1|0|10|8|0|1|0
RZ1|484|2|Don|5|5|5|5|1|1|1|0|0
RZ1|CHK|484|2|24|12|5|1|0|10|8|0|1|0
RZ1|485|2|Don|5|6|5|6|1|1|1|0|0
RZ1|CHK|485|2|24|12|5|1|0|10|8|0|1|0
RZ1|486|2|Don|5|7|5|7|1|1|1|0|0
RZ1|CHK|486|2|24|12|5|1|0|10|8|0|1|0
RZ1|487|2|Don|5|8|5|8|1|1|1|0|0
RZ1|CHK|487|2|24|12|5|1|0|10|8|0|1|0
[LifeisSoup​#5268] Trash Kin'emon [<mark><link="ST32-001">ST32-001</link></mark>]
[LifeisSoup​#5268] Deploy Shanks [<mark><link="ST16-004">ST16-004</link></mark>]
RZ1|488|2|ST32-001|2|4|6|8|1|1|0|0|0
RZ1|CHK|488|2|24|12|4|1|0|10|9|0|1|0
RZ1|489|2|ST16-004|1|7|2|4|1|1|0|0|0
RZ1|CHK|489|2|24|11|5|1|0|10|9|0|1|0
[LifeisSoup​#5268] End Turn
[BigRato​#5650] Hand: [EB04-058,OP17-112,OP17-109,OP17-108,OP17-104]
[BigRato​#5650] Board: [OP17-109,OP17-112]
[BigRato​#5650] Trash: [OP17-103,OP17-106,OP17-102,OP17-114,OP17-108,OP17-114,OP17-107,EB04-058,OP17-106,OP17-114,OP16-119,OP17-104,OP17-113,OP17-109,EB01-056,OP17-117,OP17-102,OP17-110,OP17-103,OP17-109,OP17-103,EB01-056,OP16-119,OP17-117,OP17-115,OP17-115,OP17-104]
[BigRato​#5650] Life: 6
[LifeisSoup​#5268] Hand: [OP17-021,ST16-004,OP17-036,ST16-004,OP17-029,ST32-002,OP17-032,OP17-022,OP17-032,OP17-021,ST32-002]
[LifeisSoup​#5268] Trash: [OP17-033,OP17-033,ST32-002,OP17-028,OP17-029,OP17-036,OP17-033,OP17-037,ST32-001]
[LifeisSoup​#5268] Board: [OP17-031,OP17-027,OP17-022,OP17-022,ST16-004]
[LifeisSoup​#5268] Life: 1
[BigRato​#5650] Draw 1 Card
[BigRato​#5650] Drew card from deck: Charlotte Perospero [<mark><link="OP17-110">OP17-110</link></mark>]
RZ1|490|1|OP17-110|0|9|1|5|1|1|0|0|0
RZ1|CHK|490|1|9|6|2|6|0|10|27|0|1|0
RZ1|491|1|Don|5|0|5|0|1|1|1|0|0
RZ1|CHK|491|1|9|6|2|6|0|10|27|0|1|0
RZ1|492|1|Don|5|1|5|1|1|1|1|0|0
RZ1|CHK|492|1|9|6|2|6|0|10|27|0|1|0
RZ1|493|1|Don|5|2|5|2|1|1|1|0|0
RZ1|CHK|493|1|9|6|2|6|0|10|27|0|1|0
RZ1|494|1|Don|5|3|5|3|1|1|1|0|0
RZ1|CHK|494|1|9|6|2|6|0|10|27|0|1|0
RZ1|495|1|Don|5|4|5|4|1|1|1|0|0
RZ1|CHK|495|1|9|6|2|6|0|10|27|0|1|0
RZ1|496|1|Don|5|5|5|5|1|1|1|0|0
RZ1|CHK|496|1|9|6|2|6|0|10|27|0|1|0
RZ1|497|1|Don|5|6|5|6|1|1|1|0|0
RZ1|CHK|497|1|9|6|2|6|0|10|27|0|1|0
[BigRato​#5650] Deploy Charlotte Perospero [<mark><link="OP17-110">OP17-110</link></mark>]
RZ1|498|1|OP17-110|1|5|2|2|1|1|0|4000|0
RZ1|CHK|498|1|9|5|3|6|0|10|27|0|1|0
RZ1|499|1|OP17-104|1|4|2|3|1|1|0|4000|0
RZ1|CHK|499|1|9|4|4|6|0|10|27|0|1|0
[BigRato​#5650] Charlotte Perospero [<mark><link="OP17-110">OP17-110</link></mark>]: Deploy Charlotte Cracker [<mark><link="OP17-104">OP17-104</link></mark>]
[BigRato​#5650] Charlotte Perospero [<mark><link="OP17-110">OP17-110</link></mark>]: Give Charlotte Perospero [<mark><link="OP17-110">OP17-110</link></mark>] Rush
[BigRato​#5650] Charlotte Cracker [<mark><link="OP17-104">OP17-104</link></mark>]: Rest 2 Don
RZ1|500|1|Don|5|7|5|7|1|1|1|0|0
RZ1|CHK|500|1|9|4|4|6|0|10|27|0|1|0
RZ1|501|1|Don|5|8|5|8|1|1|1|0|0
RZ1|CHK|501|1|9|4|4|6|0|10|27|0|1|0
[BigRato​#5650] Charlotte Cracker [<mark><link="OP17-104">OP17-104</link></mark>]: Add card to top of Life from Deck
RZ1|502|1|EB04-058|0|8|3|6|1|0|0|0|0
RZ1|CHK|502|1|8|4|4|7|0|10|27|0|1|0
[BigRato​#5650] Hand: [EB04-058,OP17-112,OP17-109,OP17-108]
[BigRato​#5650] Board: [OP17-109,OP17-112,OP17-110,OP17-104]
[BigRato​#5650] Trash: [OP17-103,OP17-106,OP17-102,OP17-114,OP17-108,OP17-114,OP17-107,EB04-058,OP17-106,OP17-114,OP16-119,OP17-104,OP17-113,OP17-109,EB01-056,OP17-117,OP17-102,OP17-110,OP17-103,OP17-109,OP17-103,EB01-056,OP16-119,OP17-117,OP17-115,OP17-115,OP17-104]
[BigRato​#5650] Life: 7
[LifeisSoup​#5268] Hand: [OP17-021,ST16-004,OP17-036,ST16-004,OP17-029,ST32-002,OP17-032,OP17-022,OP17-032,OP17-021,ST32-002]
[LifeisSoup​#5268] Trash: [OP17-033,OP17-033,ST32-002,OP17-028,OP17-029,OP17-036,OP17-033,OP17-037,ST32-001]
[LifeisSoup​#5268] Board: [OP17-031,OP17-027,OP17-022,OP17-022,ST16-004]
[LifeisSoup​#5268] Life: 1
[BigRato​#5650] End Turn
[LifeisSoup​#5268] Draw 1 Card
[LifeisSoup​#5268] Drew card from deck: Benn Beckman [<mark><link="OP17-027">OP17-027</link></mark>]
RZ1|503|2|OP17-027|0|23|1|11|0|1|0|0|0
RZ1|CHK|503|2|23|12|5|1|0|10|9|0|1|0
[LifeisSoup​#5268] Yasopp [<mark><link="OP17-031">OP17-031</link></mark>] attacking Charlotte Linlin [<mark><link="OP17-099">OP17-099</link></mark>]
Yasopp [<mark><link="OP17-031">OP17-031</link></mark>][6000] vs Charlotte Linlin [<mark><link="OP17-099">OP17-099</link></mark>][5000]
Charlotte Linlin [<mark><link="OP17-099">OP17-099</link></mark>] hit for 1 damage
RZ1|504|1|EB04-058|3|6|1|4|1|1|0|0|0
RZ1|CHK|504|1|8|5|4|6|0|10|27|0|1|0
RZ1|505|2|Don|5|0|5|0|1|1|1|0|0
RZ1|CHK|505|2|23|12|5|1|0|10|9|0|1|0
RZ1|506|2|Don|5|1|5|1|1|1|1|0|0
RZ1|CHK|506|2|23|12|5|1|0|10|9|0|1|0
RZ1|507|2|Don|5|2|5|2|1|1|1|0|0
RZ1|CHK|507|2|23|12|5|1|0|10|9|0|1|0
RZ1|508|2|Don|5|3|5|3|1|1|1|0|0
RZ1|CHK|508|2|23|12|5|1|0|10|9|0|1|0
RZ1|509|2|Don|5|4|5|4|1|1|1|0|0
RZ1|CHK|509|2|23|12|5|1|0|10|9|0|1|0
RZ1|510|2|Don|5|5|5|5|1|1|1|0|0
RZ1|CHK|510|2|23|12|5|1|0|10|9|0|1|0
RZ1|511|2|Don|5|6|5|6|1|1|1|0|0
RZ1|CHK|511|2|23|12|5|1|0|10|9|0|1|0
RZ1|512|2|Don|5|7|5|7|1|1|1|0|0
RZ1|CHK|512|2|23|12|5|1|0|10|9|0|1|0
RZ1|513|2|Don|5|8|5|8|1|1|1|0|0
RZ1|CHK|513|2|23|12|5|1|0|10|9|0|1|0
RZ1|514|2|Don|5|9|5|9|1|1|1|0|0
RZ1|CHK|514|2|23|12|5|1|0|10|9|0|1|0
[LifeisSoup​#5268] Trash Yasopp [<mark><link="OP17-031">OP17-031</link></mark>]
[LifeisSoup​#5268] Deploy Shanks [<mark><link="OP17-022">OP17-022</link></mark>]
RZ1|515|2|OP17-031|2|0|6|9|1|1|0|0|0
RZ1|CHK|515|2|23|12|4|1|0|10|10|0|1|0
RZ1|516|2|OP17-022|1|7|2|4|1|1|0|0|0
RZ1|CHK|516|2|23|11|5|1|0|10|10|0|1|0
[LifeisSoup​#5268] Shanks [<mark><link="OP17-022">OP17-022</link></mark>]: Activate 1 Don
RZ1|517|2|Don|5|9|5|9|1|1|0|0|0
RZ1|CHK|517|2|23|11|5|1|0|10|10|0|1|0
[LifeisSoup​#5268] Shanks [<mark><link="OP17-022">OP17-022</link></mark>]: Activate 1 Don
RZ1|518|2|Don|5|8|5|8|1|1|0|0|0
RZ1|CHK|518|2|23|11|5|1|0|10|10|0|1|0
[LifeisSoup​#5268] Shanks [<mark><link="OP17-022">OP17-022</link></mark>]: Rest Charlotte Pudding [<mark><link="OP17-109">OP17-109</link></mark>]
[LifeisSoup​#5268] Shanks [<mark><link="OP17-022">OP17-022</link></mark>]: Rest Charlotte Linlin [<mark><link="OP17-112">OP17-112</link></mark>]
[LifeisSoup​#5268] Shanks [<mark><link="OP17-022">OP17-022</link></mark>]: Rest Charlotte Perospero [<mark><link="OP17-110">OP17-110</link></mark>]
[LifeisSoup​#5268] Shanks [<mark><link="OP17-022">OP17-022</link></mark>]: Rest Charlotte Cracker [<mark><link="OP17-104">OP17-104</link></mark>]
[LifeisSoup​#5268] Shanks [<mark><link="OP17-022">OP17-022</link></mark>] attacking Charlotte Linlin [<mark><link="OP17-112">OP17-112</link></mark>]
[BigRato​#5650] Discard Charlotte Brulee [<mark><link="OP17-108">OP17-108</link></mark>] for Counter 1000
RZ1|519|1|OP17-108|1|3|6|27|1|1|0|0|0
RZ1|CHK|519|1|8|4|4|6|0|10|28|0|1|0
Shanks [<mark><link="OP17-022">OP17-022</link></mark>][12000] vs Charlotte Linlin [<mark><link="OP17-112">OP17-112</link></mark>][13000]
Attack Fails
[LifeisSoup​#5268] Attach 2 Don to Shanks [<mark><link="OP17-022">OP17-022</link></mark>] (2 Total)
RZ1|520|2|Don|5|9|9|200|1|1|0|0|0
RZ1|CHK|520|2|23|11|5|1|0|9|10|0|1|1
RZ1|521|2|Don|5|8|9|201|1|1|0|0|0
RZ1|CHK|521|2|23|11|5|1|0|8|10|0|1|2
[LifeisSoup​#5268] Shanks [<mark><link="OP17-022">OP17-022</link></mark>] attacking Charlotte Linlin [<mark><link="OP17-112">OP17-112</link></mark>]
[BigRato​#5650] Discard Borsalino [<mark><link="EB04-058">EB04-058</link></mark>] for Counter 1000
RZ1|522|1|EB04-058|1|3|6|28|1|1|0|0|0
RZ1|CHK|522|1|8|3|4|6|0|10|29|0|1|0
[BigRato​#5650] Discard Borsalino [<mark><link="EB04-058">EB04-058</link></mark>] for Counter 1000
RZ1|523|1|EB04-058|1|0|6|29|1|1|0|0|0
RZ1|CHK|523|1|8|2|4|6|0|10|30|0|1|0
[BigRato​#5650] Discard Charlotte Pudding [<mark><link="OP17-109">OP17-109</link></mark>] for Counter 1000
RZ1|524|1|OP17-109|1|1|6|30|1|1|0|0|0
RZ1|CHK|524|1|8|1|4|6|0|10|31|0|1|0
Shanks [<mark><link="OP17-022">OP17-022</link></mark>][14000] vs Charlotte Linlin [<mark><link="OP17-112">OP17-112</link></mark>][15000]
Attack Fails
[LifeisSoup​#5268] Shanks [<mark><link="OP17-022">OP17-022</link></mark>] attacking Charlotte Linlin [<mark><link="OP17-112">OP17-112</link></mark>]
Shanks [<mark><link="OP17-022">OP17-022</link></mark>][12000] vs Charlotte Linlin [<mark><link="OP17-112">OP17-112</link></mark>][12000]
[BigRato​#5650] Charlotte Linlin [<mark><link="OP17-112">OP17-112</link></mark>] Destroyed
RZ1|525|1|OP17-112|2|1|6|31|1|1|0|0|0
RZ1|CHK|525|1|8|1|3|6|0|10|32|0|1|0
[LifeisSoup​#5268] Benn Beckman [<mark><link="OP17-027">OP17-027</link></mark>] attacking Charlotte Cracker [<mark><link="OP17-104">OP17-104</link></mark>]
Benn Beckman [<mark><link="OP17-027">OP17-027</link></mark>][9000] vs Charlotte Cracker [<mark><link="OP17-104">OP17-104</link></mark>][4000]
[BigRato​#5650] Charlotte Cracker [<mark><link="OP17-104">OP17-104</link></mark>] Destroyed
RZ1|526|1|OP17-104|2|2|6|32|1|1|0|0|0
RZ1|CHK|526|1|8|1|2|6|0|10|33|0|1|0
[LifeisSoup​#5268] Shanks [<mark><link="ST16-004">ST16-004</link></mark>] attacking Charlotte Perospero [<mark><link="OP17-110">OP17-110</link></mark>]
Shanks [<mark><link="ST16-004">ST16-004</link></mark>][11000] vs Charlotte Perospero [<mark><link="OP17-110">OP17-110</link></mark>][4000]
[BigRato​#5650] Charlotte Perospero [<mark><link="OP17-110">OP17-110</link></mark>] Destroyed
RZ1|527|1|OP17-110|2|1|6|33|1|1|0|0|0
RZ1|CHK|527|1|8|1|1|6|0|10|34|0|1|0
[LifeisSoup​#5268] Shanks [<mark><link="OP17-020">OP17-020</link></mark>] attacking Charlotte Pudding [<mark><link="OP17-109">OP17-109</link></mark>]
Shanks [<mark><link="OP17-020">OP17-020</link></mark>][5000] vs Charlotte Pudding [<mark><link="OP17-109">OP17-109</link></mark>][4000]
[BigRato​#5650] Charlotte Pudding [<mark><link="OP17-109">OP17-109</link></mark>] Destroyed
RZ1|528|1|OP17-109|2|0|6|34|1|1|0|0|0
RZ1|CHK|528|1|8|1|0|6|0|10|35|0|1|0
[LifeisSoup​#5268] End Turn
[BigRato​#5650] Hand: [OP17-112]
[BigRato​#5650] Board: []
[BigRato​#5650] Trash: [OP17-103,OP17-106,OP17-102,OP17-114,OP17-108,OP17-114,OP17-107,EB04-058,OP17-106,OP17-114,OP16-119,OP17-104,OP17-113,OP17-109,EB01-056,OP17-117,OP17-102,OP17-110,OP17-103,OP17-109,OP17-103,EB01-056,OP16-119,OP17-117,OP17-115,OP17-115,OP17-104,OP17-108,EB04-058,EB04-058,OP17-109,OP17-112,OP17-104,OP17-110,OP17-109]
[BigRato​#5650] Life: 6
[LifeisSoup​#5268] Hand: [OP17-021,ST16-004,OP17-036,ST16-004,OP17-029,ST32-002,OP17-032,OP17-032,OP17-021,ST32-002,OP17-027]
[LifeisSoup​#5268] Trash: [OP17-033,OP17-033,ST32-002,OP17-028,OP17-029,OP17-036,OP17-033,OP17-037,ST32-001,OP17-031]
[LifeisSoup​#5268] Board: [OP17-027,OP17-022,OP17-022,ST16-004,OP17-022]
[LifeisSoup​#5268] Life: 1
[BigRato​#5650] Draw 1 Card
[BigRato​#5650] Drew card from deck: Streusen [<mark><link="OP17-113">OP17-113</link></mark>]
RZ1|529|1|OP17-113|0|7|1|1|1|1|0|0|0
RZ1|CHK|529|1|7|2|0|6|0|10|35|0|1|0
RZ1|530|1|Don|5|0|5|0|1|1|1|0|0
RZ1|CHK|530|1|7|2|0|6|0|10|35|0|1|0
RZ1|531|1|Don|5|1|5|1|1|1|1|0|0
RZ1|CHK|531|1|7|2|0|6|0|10|35|0|1|0
RZ1|532|1|Don|5|2|5|2|1|1|1|0|0
RZ1|CHK|532|1|7|2|0|6|0|10|35|0|1|0
RZ1|533|1|Don|5|3|5|3|1|1|1|0|0
RZ1|CHK|533|1|7|2|0|6|0|10|35|0|1|0
RZ1|534|1|Don|5|4|5|4|1|1|1|0|0
RZ1|CHK|534|1|7|2|0|6|0|10|35|0|1|0
RZ1|535|1|Don|5|5|5|5|1|1|1|0|0
RZ1|CHK|535|1|7|2|0|6|0|10|35|0|1|0
RZ1|536|1|Don|5|6|5|6|1|1|1|0|0
RZ1|CHK|536|1|7|2|0|6|0|10|35|0|1|0
RZ1|537|1|Don|5|7|5|7|1|1|1|0|0
RZ1|CHK|537|1|7|2|0|6|0|10|35|0|1|0
RZ1|538|1|Don|5|8|5|8|1|1|1|0|0
RZ1|CHK|538|1|7|2|0|6|0|10|35|0|1|0
RZ1|539|1|Don|5|9|5|9|1|1|1|0|0
RZ1|CHK|539|1|7|2|0|6|0|10|35|0|1|0
[BigRato​#5650] Deploy Charlotte Linlin [<mark><link="OP17-112">OP17-112</link></mark>]
RZ1|540|1|OP17-112|1|0|2|0|1|1|0|0|0
RZ1|CHK|540|1|7|1|1|6|0|10|35|0|1|0
[BigRato​#5650] Drew card from deck: Fulgora [<mark><link="OP17-116">OP17-116</link></mark>]
RZ1|541|1|OP17-116|0|6|1|1|1|1|0|0|0
RZ1|CHK|541|1|6|2|1|6|0|10|35|0|1|0
[BigRato​#5650] Charlotte Linlin [<mark><link="OP17-112">OP17-112</link></mark>]: Draw 1 Card
[BigRato​#5650] Charlotte Linlin [<mark><link="OP17-112">OP17-112</link></mark>]: Send 1 Life to Hand
RZ1|542|2|OP13-031|3|0|1|11|0|1|0|0|0
RZ1|CHK|542|2|23|12|5|0|0|8|10|0|1|2
[BigRato​#5650] Hand: [OP17-113,OP17-116]
[BigRato​#5650] Board: [OP17-112]
[BigRato​#5650] Trash: [OP17-103,OP17-106,OP17-102,OP17-114,OP17-108,OP17-114,OP17-107,EB04-058,OP17-106,OP17-114,OP16-119,OP17-104,OP17-113,OP17-109,EB01-056,OP17-117,OP17-102,OP17-110,OP17-103,OP17-109,OP17-103,EB01-056,OP16-119,OP17-117,OP17-115,OP17-115,OP17-104,OP17-108,EB04-058,EB04-058,OP17-109,OP17-112,OP17-104,OP17-110,OP17-109]
[BigRato​#5650] Life: 6
[LifeisSoup​#5268] Hand: [OP17-021,ST16-004,OP17-036,ST16-004,OP17-029,ST32-002,OP17-032,OP17-032,OP17-021,ST32-002,OP17-027,OP13-031]
[LifeisSoup​#5268] Trash: [OP17-033,OP17-033,ST32-002,OP17-028,OP17-029,OP17-036,OP17-033,OP17-037,ST32-001,OP17-031]
[LifeisSoup​#5268] Board: [OP17-027,OP17-022,OP17-022,ST16-004,OP17-022]
[LifeisSoup​#5268] Life: 0
[BigRato​#5650] End Turn
RZ1|543|2|Don|9|200|5|0|1|1|1|0|0
RZ1|CHK|543|2|23|12|5|0|0|9|10|0|1|1
RZ1|544|2|Don|9|200|5|0|1|1|1|0|0
RZ1|CHK|544|2|23|12|5|0|0|10|10|0|1|0
[LifeisSoup​#5268] Draw 1 Card
[LifeisSoup​#5268] Drew card from deck: Kin'emon [<mark><link="ST32-001">ST32-001</link></mark>]
RZ1|545|2|ST32-001|0|22|1|12|0|1|0|0|0
RZ1|CHK|545|2|22|13|5|0|0|10|10|0|1|0
RZ1|546|2|Don|5|0|5|0|1|1|1|0|0
RZ1|CHK|546|2|22|13|5|0|0|10|10|0|1|0
RZ1|547|2|Don|5|1|5|1|1|1|1|0|0
RZ1|CHK|547|2|22|13|5|0|0|10|10|0|1|0
RZ1|548|2|Don|5|2|5|2|1|1|1|0|0
RZ1|CHK|548|2|22|13|5|0|0|10|10|0|1|0
RZ1|549|2|Don|5|3|5|3|1|1|1|0|0
RZ1|CHK|549|2|22|13|5|0|0|10|10|0|1|0
RZ1|550|2|Don|5|4|5|4|1|1|1|0|0
RZ1|CHK|550|2|22|13|5|0|0|10|10|0|1|0
RZ1|551|2|Don|5|5|5|5|1|1|1|0|0
RZ1|CHK|551|2|22|13|5|0|0|10|10|0|1|0
RZ1|552|2|Don|5|6|5|6|1|1|1|0|0
RZ1|CHK|552|2|22|13|5|0|0|10|10|0|1|0
[LifeisSoup​#5268] Trash Benn Beckman [<mark><link="OP17-027">OP17-027</link></mark>]
[LifeisSoup​#5268] Deploy Benn Beckman [<mark><link="OP17-027">OP17-027</link></mark>]
RZ1|553|2|OP17-027|2|0|6|10|1|1|0|0|0
RZ1|CHK|553|2|22|13|4|0|0|10|11|0|1|0
RZ1|554|2|OP17-027|1|10|2|4|1|1|0|0|0
RZ1|CHK|554|2|22|12|5|0|0|10|11|0|1|0
[LifeisSoup​#5268] Drew card from deck: Hongo [<mark><link="OP17-029">OP17-029</link></mark>]
RZ1|555|2|OP17-029|0|21|1|12|0|1|0|0|0
RZ1|CHK|555|2|21|13|5|0|0|10|11|0|1|0
[LifeisSoup​#5268] Benn Beckman [<mark><link="OP17-027">OP17-027</link></mark>]: Draw 1 Card
[LifeisSoup​#5268] Benn Beckman [<mark><link="OP17-027">OP17-027</link></mark>]: Rest Charlotte Linlin [<mark><link="OP17-112">OP17-112</link></mark>]
[LifeisSoup​#5268] Shanks [<mark><link="OP17-022">OP17-022</link></mark>] attacking Charlotte Linlin [<mark><link="OP17-112">OP17-112</link></mark>]
Shanks [<mark><link="OP17-022">OP17-022</link></mark>][12000] vs Charlotte Linlin [<mark><link="OP17-112">OP17-112</link></mark>][12000]
[BigRato​#5650] Charlotte Linlin [<mark><link="OP17-112">OP17-112</link></mark>] Destroyed
RZ1|556|1|OP17-112|2|0|6|35|1|1|0|0|0
RZ1|CHK|556|1|6|2|0|6|0|10|36|0|1|0
[LifeisSoup​#5268] End Turn
[BigRato​#5650] Hand: [OP17-113,OP17-116]
[BigRato​#5650] Board: []
[BigRato​#5650] Trash: [OP17-103,OP17-106,OP17-102,OP17-114,OP17-108,OP17-114,OP17-107,EB04-058,OP17-106,OP17-114,OP16-119,OP17-104,OP17-113,OP17-109,EB01-056,OP17-117,OP17-102,OP17-110,OP17-103,OP17-109,OP17-103,EB01-056,OP16-119,OP17-117,OP17-115,OP17-115,OP17-104,OP17-108,EB04-058,EB04-058,OP17-109,OP17-112,OP17-104,OP17-110,OP17-109,OP17-112]
[BigRato​#5650] Life: 6
[LifeisSoup​#5268] Hand: [OP17-021,ST16-004,OP17-036,ST16-004,OP17-029,ST32-002,OP17-032,OP17-032,OP17-021,ST32-002,OP13-031,ST32-001,OP17-029]
[LifeisSoup​#5268] Trash: [OP17-033,OP17-033,ST32-002,OP17-028,OP17-029,OP17-036,OP17-033,OP17-037,ST32-001,OP17-031,OP17-027]
[LifeisSoup​#5268] Board: [OP17-022,OP17-022,ST16-004,OP17-022,OP17-027]
[LifeisSoup​#5268] Life: 0
[BigRato​#5650] Draw 1 Card
[BigRato​#5650] Drew card from deck: Charlotte Smoothie [<mark><link="OP17-106">OP17-106</link></mark>]
RZ1|557|1|OP17-106|0|5|1|2|1|1|0|0|0
RZ1|CHK|557|1|5|3|0|6|0|10|36|0|1|0
RZ1|558|1|Don|5|0|5|0|1|1|1|0|0
RZ1|CHK|558|1|5|3|0|6|0|10|36|0|1|0
RZ1|559|1|Don|5|1|5|1|1|1|1|0|0
RZ1|CHK|559|1|5|3|0|6|0|10|36|0|1|0
RZ1|560|1|Don|5|2|5|2|1|1|1|0|0
RZ1|CHK|560|1|5|3|0|6|0|10|36|0|1|0
RZ1|561|1|Don|5|3|5|3|1|1|1|0|0
RZ1|CHK|561|1|5|3|0|6|0|10|36|0|1|0
RZ1|562|1|Don|5|4|5|4|1|1|1|0|0
RZ1|CHK|562|1|5|3|0|6|0|10|36|0|1|0
[BigRato​#5650] Deploy Charlotte Smoothie [<mark><link="OP17-106">OP17-106</link></mark>]
RZ1|563|1|OP17-106|1|2|2|0|1|1|0|0|0
RZ1|CHK|563|1|5|2|1|6|0|10|36|0|1|0
[BigRato​#5650] Charlotte Smoothie [<mark><link="OP17-106">OP17-106</link></mark>]: Rest 2 Don
RZ1|564|1|Don|5|5|5|5|1|1|1|0|0
RZ1|CHK|564|1|5|2|1|6|0|10|36|0|1|0
RZ1|565|1|Don|5|6|5|6|1|1|1|0|0
RZ1|CHK|565|1|5|2|1|6|0|10|36|0|1|0
[BigRato​#5650] Charlotte Smoothie [<mark><link="OP17-106">OP17-106</link></mark>]: Add card to top of Life from Deck
RZ1|566|1|OP17-116|0|4|3|6|1|0|0|0|0
RZ1|CHK|566|1|4|2|1|7|0|10|36|0|1|0
[BigRato​#5650] Forcing opponent to resolve Card Action!
RZ1|567|2|ST16-004|1|1|6|11|1|1|0|0|0
RZ1|CHK|567|2|21|12|5|0|0|10|12|0|1|0
[LifeisSoup​#5268] Charlotte Smoothie [<mark><link="OP17-106">OP17-106</link></mark>]: Trash Shanks [<mark><link="ST16-004">ST16-004</link></mark>]
[BigRato​#5650] Attach 1 Don to Charlotte Linlin [<mark><link="OP17-099">OP17-099</link></mark>] (1 Total)
RZ1|568|1|Don|5|9|9|9900|1|1|0|0|0
RZ1|CHK|568|1|4|2|1|7|0|9|36|0|1|1
[BigRato​#5650] Attach 1 Don to Charlotte Linlin [<mark><link="OP17-099">OP17-099</link></mark>] (2 Total)
RZ1|569|1|Don|5|8|9|9901|1|1|0|0|0
RZ1|CHK|569|1|4|2|1|7|0|8|36|0|1|2
[BigRato​#5650] Attach 1 Don to Charlotte Linlin [<mark><link="OP17-099">OP17-099</link></mark>] (3 Total)
RZ1|570|1|Don|5|7|9|9902|1|1|0|0|0
RZ1|CHK|570|1|4|2|1|7|0|7|36|0|1|3
[BigRato​#5650] Charlotte Linlin [<mark><link="OP17-099">OP17-099</link></mark>] attacking Shanks [<mark><link="OP17-020">OP17-020</link></mark>]
[LifeisSoup​#5268] Withdraw Now and Allow Me to Save Face [<mark><link="OP17-036">OP17-036</link></mark>]: Activate Counter
[LifeisSoup​#5268] Withdraw Now and Allow Me to Save Face [<mark><link="OP17-036">OP17-036</link></mark>]: Rest 1 Don
RZ1|571|2|Don|5|7|5|7|1|1|1|0|0
RZ1|CHK|571|2|21|12|5|0|0|10|12|0|1|0
RZ1|572|2|OP17-036|1|1|6|12|1|1|0|0|0
RZ1|CHK|572|2|21|11|5|0|0|10|13|0|1|0
[LifeisSoup​#5268] Withdraw Now and Allow Me to Save Face [<mark><link="OP17-036">OP17-036</link></mark>]: Buff Shanks [<mark><link="OP17-020">OP17-020</link></mark>] 4000 for the Combat
Charlotte Linlin [<mark><link="OP17-099">OP17-099</link></mark>][8000] vs Shanks [<mark><link="OP17-020">OP17-020</link></mark>][9000]
Attack Fails
[BigRato​#5650] Hand: [OP17-113,OP17-116]
[BigRato​#5650] Board: [OP17-106]
[BigRato​#5650] Trash: [OP17-103,OP17-106,OP17-102,OP17-114,OP17-108,OP17-114,OP17-107,EB04-058,OP17-106,OP17-114,OP16-119,OP17-104,OP17-113,OP17-109,EB01-056,OP17-117,OP17-102,OP17-110,OP17-103,OP17-109,OP17-103,EB01-056,OP16-119,OP17-117,OP17-115,OP17-115,OP17-104,OP17-108,EB04-058,EB04-058,OP17-109,OP17-112,OP17-104,OP17-110,OP17-109,OP17-112]
[BigRato​#5650] Life: 7
[LifeisSoup​#5268] Hand: [OP17-021,ST16-004,OP17-029,ST32-002,OP17-032,OP17-032,OP17-021,ST32-002,OP13-031,ST32-001,OP17-029]
[LifeisSoup​#5268] Trash: [OP17-033,OP17-033,ST32-002,OP17-028,OP17-029,OP17-036,OP17-033,OP17-037,ST32-001,OP17-031,OP17-027,ST16-004,OP17-036]
[LifeisSoup​#5268] Board: [OP17-022,OP17-022,ST16-004,OP17-022,OP17-027]
[LifeisSoup​#5268] Life: 0
[BigRato​#5650] End Turn
[LifeisSoup​#5268] Draw 1 Card
[LifeisSoup​#5268] Drew card from deck: Yasopp [<mark><link="OP17-031">OP17-031</link></mark>]
RZ1|573|2|OP17-031|0|20|1|11|0|1|0|0|0
RZ1|CHK|573|2|20|12|5|0|0|10|13|0|1|0
RZ1|574|2|Don|5|0|5|0|1|1|1|0|0
RZ1|CHK|574|2|20|12|5|0|0|10|13|0|1|0
RZ1|575|2|Don|5|1|5|1|1|1|1|0|0
RZ1|CHK|575|2|20|12|5|0|0|10|13|0|1|0
RZ1|576|2|Don|5|2|5|2|1|1|1|0|0
RZ1|CHK|576|2|20|12|5|0|0|10|13|0|1|0
RZ1|577|2|Don|5|3|5|3|1|1|1|0|0
RZ1|CHK|577|2|20|12|5|0|0|10|13|0|1|0
[LifeisSoup​#5268] Trash Benn Beckman [<mark><link="OP17-027">OP17-027</link></mark>]
[LifeisSoup​#5268] Deploy Hongo [<mark><link="OP17-029">OP17-029</link></mark>]
RZ1|578|2|OP17-027|2|4|6|13|1|1|0|0|0
RZ1|CHK|578|2|20|12|4|0|0|10|14|0|1|0
RZ1|579|2|OP17-029|1|2|2|4|1|1|0|0|0
RZ1|CHK|579|2|20|11|5|0|0|10|14|0|1|0
[LifeisSoup​#5268] Hongo [<mark><link="OP17-029">OP17-029</link></mark>]: Activate 1 Don
RZ1|580|2|Don|5|3|5|3|1|1|0|0|0
RZ1|CHK|580|2|20|11|5|0|0|10|14|0|1|0
[LifeisSoup​#5268] End Turn
[BigRato​#5650] Hand: [OP17-113,OP17-116]
[BigRato​#5650] Board: [OP17-106]
[BigRato​#5650] Trash: [OP17-103,OP17-106,OP17-102,OP17-114,OP17-108,OP17-114,OP17-107,EB04-058,OP17-106,OP17-114,OP16-119,OP17-104,OP17-113,OP17-109,EB01-056,OP17-117,OP17-102,OP17-110,OP17-103,OP17-109,OP17-103,EB01-056,OP16-119,OP17-117,OP17-115,OP17-115,OP17-104,OP17-108,EB04-058,EB04-058,OP17-109,OP17-112,OP17-104,OP17-110,OP17-109,OP17-112]
[BigRato​#5650] Life: 7
[LifeisSoup​#5268] Hand: [OP17-021,ST16-004,ST32-002,OP17-032,OP17-032,OP17-021,ST32-002,OP13-031,ST32-001,OP17-029,OP17-031]
[LifeisSoup​#5268] Trash: [OP17-033,OP17-033,ST32-002,OP17-028,OP17-029,OP17-036,OP17-033,OP17-037,ST32-001,OP17-031,OP17-027,ST16-004,OP17-036,OP17-027]
[LifeisSoup​#5268] Board: [OP17-022,OP17-022,ST16-004,OP17-022,OP17-029]
[LifeisSoup​#5268] Life: 0
RZ1|581|1|Don|9|9900|5|0|1|1|1|0|0
RZ1|CHK|581|1|4|2|1|7|0|8|36|0|1|2
RZ1|582|1|Don|9|9900|5|0|1|1|1|0|0
RZ1|CHK|582|1|4|2|1|7|0|9|36|0|1|1
RZ1|583|1|Don|9|9900|5|0|1|1|1|0|0
RZ1|CHK|583|1|4|2|1|7|0|10|36|0|1|0
[BigRato​#5650] Draw 1 Card
[BigRato​#5650] Drew card from deck: Charlotte Brulee [<mark><link="OP17-108">OP17-108</link></mark>]
RZ1|584|1|OP17-108|0|3|1|2|1|1|0|0|0
RZ1|CHK|584|1|3|3|1|7|0|10|36|0|1|0
RZ1|585|1|Don|5|0|5|0|1|1|1|0|0
RZ1|CHK|585|1|3|3|1|7|0|10|36|0|1|0
[BigRato​#5650] Deploy Streusen [<mark><link="OP17-113">OP17-113</link></mark>]
RZ1|586|1|OP17-113|1|0|2|1|1|1|0|0|0
RZ1|CHK|586|1|3|2|2|7|0|10|36|0|1|0
RZ1|587|1|OP17-110|0|2|1|2|1|1|0|0|0
RZ1|CHK|587|1|2|3|2|7|0|10|36|0|1|0
[BigRato​#5650] Streusen [<mark><link="OP17-113">OP17-113</link></mark>]: <b>Reveal and Draw Charlotte Perospero [<mark><link="OP17-110">OP17-110</link></mark>]</b>
[BigRato​#5650] Placing Cards on Bottom of Deck
RZ1|588|1|OP17-107|0|1|0|0|0|0|0|0|0
RZ1|CHK|588|1|2|3|2|7|0|10|36|0|1|0
RZ1|589|1|OP17-113|0|1|0|0|0|0|0|0|0
RZ1|CHK|589|1|2|3|2|7|0|10|36|0|1|0
RZ1|590|1|Don|5|1|5|1|1|1|1|0|0
RZ1|CHK|590|1|2|3|2|7|0|10|36|0|1|0
RZ1|591|1|Don|5|2|5|2|1|1|1|0|0
RZ1|CHK|591|1|2|3|2|7|0|10|36|0|1|0
RZ1|592|1|Don|5|3|5|3|1|1|1|0|0
RZ1|CHK|592|1|2|3|2|7|0|10|36|0|1|0
RZ1|593|1|Don|5|4|5|4|1|1|1|0|0
RZ1|CHK|593|1|2|3|2|7|0|10|36|0|1|0
RZ1|594|1|Don|5|5|5|5|1|1|1|0|0
RZ1|CHK|594|1|2|3|2|7|0|10|36|0|1|0
RZ1|595|1|Don|5|6|5|6|1|1|1|0|0
RZ1|CHK|595|1|2|3|2|7|0|10|36|0|1|0
RZ1|596|1|Don|5|7|5|7|1|1|1|0|0
RZ1|CHK|596|1|2|3|2|7|0|10|36|0|1|0
[BigRato​#5650] Deploy Charlotte Perospero [<mark><link="OP17-110">OP17-110</link></mark>]
RZ1|597|1|OP17-110|1|2|2|2|1|1|0|0|0
RZ1|CHK|597|1|2|2|3|7|0|10|36|0|1|0
RZ1|598|1|OP17-108|1|1|2|3|1|1|0|0|0
RZ1|CHK|598|1|2|1|4|7|0|10|36|0|1|0
[BigRato​#5650] Charlotte Perospero [<mark><link="OP17-110">OP17-110</link></mark>]: Deploy Charlotte Brulee [<mark><link="OP17-108">OP17-108</link></mark>]
[BigRato​#5650] Charlotte Perospero [<mark><link="OP17-110">OP17-110</link></mark>]: Give Charlotte Perospero [<mark><link="OP17-110">OP17-110</link></mark>] Rush
[BigRato​#5650] Attach 1 Don to Charlotte Linlin [<mark><link="OP17-099">OP17-099</link></mark>] (1 Total)
RZ1|599|1|Don|5|9|9|9900|1|1|0|0|0
RZ1|CHK|599|1|2|1|4|7|0|9|36|0|1|1
[BigRato​#5650] Attach 1 Don to Charlotte Linlin [<mark><link="OP17-099">OP17-099</link></mark>] (2 Total)
RZ1|600|1|Don|5|8|9|9901|1|1|0|0|0
RZ1|CHK|600|1|2|1|4|7|0|8|36|0|1|2
[BigRato​#5650] Charlotte Linlin [<mark><link="OP17-099">OP17-099</link></mark>] attacking Shanks [<mark><link="OP17-020">OP17-020</link></mark>]
[LifeisSoup​#5268] Discard Limejuice [<mark><link="OP17-032">OP17-032</link></mark>] for Counter 2000
RZ1|601|2|OP17-032|1|3|6|14|1|1|0|0|0
RZ1|CHK|601|2|20|10|5|0|0|10|15|0|1|0
[LifeisSoup​#5268] Discard Kouzuki Oden [<mark><link="ST32-002">ST32-002</link></mark>] for Counter 1000
RZ1|602|2|ST32-002|1|5|6|15|1|1|0|0|0
RZ1|CHK|602|2|20|9|5|0|0|10|16|0|1|0
Charlotte Linlin [<mark><link="OP17-099">OP17-099</link></mark>][7000] vs Shanks [<mark><link="OP17-020">OP17-020</link></mark>][8000]
Attack Fails
[BigRato​#5650] Hand: [OP17-116]
[BigRato​#5650] Board: [OP17-106,OP17-113,OP17-110,OP17-108]
[BigRato​#5650] Trash: [OP17-103,OP17-106,OP17-102,OP17-114,OP17-108,OP17-114,OP17-107,EB04-058,OP17-106,OP17-114,OP16-119,OP17-104,OP17-113,OP17-109,EB01-056,OP17-117,OP17-102,OP17-110,OP17-103,OP17-109,OP17-103,EB01-056,OP16-119,OP17-117,OP17-115,OP17-115,OP17-104,OP17-108,EB04-058,EB04-058,OP17-109,OP17-112,OP17-104,OP17-110,OP17-109,OP17-112]
[BigRato​#5650] Life: 7
[LifeisSoup​#5268] Hand: [OP17-021,ST16-004,ST32-002,OP17-032,OP17-021,OP13-031,ST32-001,OP17-029,OP17-031]
[LifeisSoup​#5268] Trash: [OP17-033,OP17-033,ST32-002,OP17-028,OP17-029,OP17-036,OP17-033,OP17-037,ST32-001,OP17-031,OP17-027,ST16-004,OP17-036,OP17-027,OP17-032,ST32-002]
[LifeisSoup​#5268] Board: [OP17-022,OP17-022,ST16-004,OP17-022,OP17-029]
[LifeisSoup​#5268] Life: 0
[BigRato​#5650] End Turn
[LifeisSoup​#5268] Draw 1 Card
[LifeisSoup​#5268] Drew card from deck: I Think He's Seen An Ugly Future [<mark><link="OP17-038">OP17-038</link></mark>]
RZ1|603|2|OP17-038|0|19|1|9|0|1|0|0|0
RZ1|CHK|603|2|19|10|5|0|0|10|16|0|1|0
RZ1|604|2|OP17-038|1|9|6|16|1|1|0|0|0
RZ1|CHK|604|2|19|9|5|0|0|10|17|0|1|0
[LifeisSoup​#5268] I Think He's Seen An Ugly Future [<mark><link="OP17-038">OP17-038</link></mark>]: Rest Don [<mark><link="Don">Don</link></mark>]
RZ1|605|2|Don|5|0|5|0|1|1|1|0|0
RZ1|CHK|605|2|19|9|5|0|0|10|17|0|1|0
[LifeisSoup​#5268] I Think He's Seen An Ugly Future [<mark><link="OP17-038">OP17-038</link></mark>]: Rest Don [<mark><link="Don">Don</link></mark>]
RZ1|606|2|Don|5|1|5|1|1|1|1|0|0
RZ1|CHK|606|2|19|9|5|0|0|10|17|0|1|0
[LifeisSoup​#5268] I Think He's Seen An Ugly Future [<mark><link="OP17-038">OP17-038</link></mark>]: Rest Don [<mark><link="Don">Don</link></mark>]
RZ1|607|2|Don|5|2|5|2|1|1|1|0|0
RZ1|CHK|607|2|19|9|5|0|0|10|17|0|1|0
[LifeisSoup​#5268] I Think He's Seen An Ugly Future [<mark><link="OP17-038">OP17-038</link></mark>]: Rest Don [<mark><link="Don">Don</link></mark>]
RZ1|608|2|Don|5|3|5|3|1|1|1|0|0
RZ1|CHK|608|2|19|9|5|0|0|10|17|0|1|0
[LifeisSoup​#5268] I Think He's Seen An Ugly Future [<mark><link="OP17-038">OP17-038</link></mark>]: Rest Charlotte Brulee [<mark><link="OP17-108">OP17-108</link></mark>]
[LifeisSoup​#5268] Attach 5 Don to Shanks [<mark><link="OP17-020">OP17-020</link></mark>] (5 Total)
RZ1|609|2|Don|5|9|9|9900|1|1|0|0|0
RZ1|CHK|609|2|19|9|5|0|0|9|17|0|1|1
RZ1|610|2|Don|5|8|9|9901|1|1|0|0|0
RZ1|CHK|610|2|19|9|5|0|0|8|17|0|1|2
RZ1|611|2|Don|5|7|9|9902|1|1|0|0|0
RZ1|CHK|611|2|19|9|5|0|0|7|17|0|1|3
RZ1|612|2|Don|5|6|9|9903|1|1|0|0|0
RZ1|CHK|612|2|19|9|5|0|0|6|17|0|1|4
RZ1|613|2|Don|5|5|9|9904|1|1|0|0|0
RZ1|CHK|613|2|19|9|5|0|0|5|17|0|1|5
[LifeisSoup​#5268] Shanks [<mark><link="OP17-020">OP17-020</link></mark>] attacking Charlotte Brulee [<mark><link="OP17-108">OP17-108</link></mark>]
Shanks [<mark><link="OP17-020">OP17-020</link></mark>][10000] vs Charlotte Brulee [<mark><link="OP17-108">OP17-108</link></mark>][4000]
[BigRato​#5650] Charlotte Brulee [<mark><link="OP17-108">OP17-108</link></mark>] Destroyed
RZ1|614|1|OP17-108|2|3|6|36|1|1|0|0|0
RZ1|CHK|614|1|2|1|3|7|0|8|37|0|1|2
[LifeisSoup​#5268] End Turn
[BigRato​#5650] Hand: [OP17-116]
[BigRato​#5650] Board: [OP17-106,OP17-113,OP17-110]
[BigRato​#5650] Trash: [OP17-103,OP17-106,OP17-102,OP17-114,OP17-108,OP17-114,OP17-107,EB04-058,OP17-106,OP17-114,OP16-119,OP17-104,OP17-113,OP17-109,EB01-056,OP17-117,OP17-102,OP17-110,OP17-103,OP17-109,OP17-103,EB01-056,OP16-119,OP17-117,OP17-115,OP17-115,OP17-104,OP17-108,EB04-058,EB04-058,OP17-109,OP17-112,OP17-104,OP17-110,OP17-109,OP17-112,OP17-108]
[BigRato​#5650] Life: 7
[LifeisSoup​#5268] Hand: [OP17-021,ST16-004,ST32-002,OP17-032,OP17-021,OP13-031,ST32-001,OP17-029,OP17-031]
[LifeisSoup​#5268] Trash: [OP17-033,OP17-033,ST32-002,OP17-028,OP17-029,OP17-036,OP17-033,OP17-037,ST32-001,OP17-031,OP17-027,ST16-004,OP17-036,OP17-027,OP17-032,ST32-002,OP17-038]
[LifeisSoup​#5268] Board: [OP17-022,OP17-022,ST16-004,OP17-022,OP17-029]
[LifeisSoup​#5268] Life: 0
RZ1|615|1|Don|9|9900|5|0|1|1|1|0|0
RZ1|CHK|615|1|2|1|3|7|0|9|37|0|1|1
RZ1|616|1|Don|9|9900|5|0|1|1|1|0|0
RZ1|CHK|616|1|2|1|3|7|0|10|37|0|1|0
[BigRato​#5650] Draw 1 Card
[BigRato​#5650] Drew card from deck: Charlotte Daifuku [<mark><link="OP17-107">OP17-107</link></mark>]
RZ1|617|1|OP17-107|0|1|1|1|1|1|0|0|0
RZ1|CHK|617|1|1|2|3|7|0|10|37|0|1|0
[BigRato​#5650] Attach 1 Don to Charlotte Perospero [<mark><link="OP17-110">OP17-110</link></mark>] (1 Total)
RZ1|618|1|Don|5|9|9|200|1|1|0|0|0
RZ1|CHK|618|1|1|2|3|7|0|9|37|0|1|1
[BigRato​#5650] Attach 1 Don to Charlotte Perospero [<mark><link="OP17-110">OP17-110</link></mark>] (2 Total)
RZ1|619|1|Don|5|8|9|201|1|1|0|0|0
RZ1|CHK|619|1|1|2|3|7|0|8|37|0|1|2
[BigRato​#5650] Attach 1 Don to Charlotte Perospero [<mark><link="OP17-110">OP17-110</link></mark>] (3 Total)
RZ1|620|1|Don|5|7|9|202|1|1|0|0|0
RZ1|CHK|620|1|1|2|3|7|0|7|37|0|1|3
[BigRato​#5650] Charlotte Perospero [<mark><link="OP17-110">OP17-110</link></mark>] attacking Shanks [<mark><link="OP17-020">OP17-020</link></mark>]
[LifeisSoup​#5268] Discard Limejuice [<mark><link="OP17-032">OP17-032</link></mark>] for Counter 2000
RZ1|621|2|OP17-032|1|3|6|17|1|1|0|0|0
RZ1|CHK|621|2|19|8|5|0|0|5|18|0|1|5
[LifeisSoup​#5268] Discard Yasopp [<mark><link="OP17-031">OP17-031</link></mark>] for Counter 1000
RZ1|622|2|OP17-031|1|7|6|18|1|1|0|0|0
RZ1|CHK|622|2|19|7|5|0|0|5|19|0|1|5
Charlotte Perospero [<mark><link="OP17-110">OP17-110</link></mark>][7000] vs Shanks [<mark><link="OP17-020">OP17-020</link></mark>][8000]
Attack Fails
[BigRato​#5650] Attach 1 Don to Charlotte Smoothie [<mark><link="OP17-106">OP17-106</link></mark>] (1 Total)
RZ1|623|1|Don|5|6|9|0|1|1|0|0|0
RZ1|CHK|623|1|1|2|3|7|0|6|37|0|1|4
[BigRato​#5650] Attach 1 Don to Charlotte Smoothie [<mark><link="OP17-106">OP17-106</link></mark>] (2 Total)
RZ1|624|1|Don|5|5|9|1|1|1|0|0|0
RZ1|CHK|624|1|1|2|3|7|0|5|37|0|1|5
[BigRato​#5650] Attach 1 Don to Charlotte Smoothie [<mark><link="OP17-106">OP17-106</link></mark>] (3 Total)
RZ1|625|1|Don|5|4|9|2|1|1|0|0|0
RZ1|CHK|625|1|1|2|3|7|0|4|37|0|1|6
[BigRato​#5650] Attach 1 Don to Charlotte Smoothie [<mark><link="OP17-106">OP17-106</link></mark>] (4 Total)
RZ1|626|1|Don|5|3|9|3|1|1|0|0|0
RZ1|CHK|626|1|1|2|3|7|0|3|37|0|1|7
[BigRato​#5650] Charlotte Smoothie [<mark><link="OP17-106">OP17-106</link></mark>] attacking Shanks [<mark><link="OP17-020">OP17-020</link></mark>]
[LifeisSoup​#5268] Discard Hongo [<mark><link="OP17-029">OP17-029</link></mark>] for Counter 2000
RZ1|627|2|OP17-029|1|6|6|19|1|1|0|0|0
RZ1|CHK|627|2|19|6|5|0|0|5|20|0|1|5
[LifeisSoup​#5268] Discard Crone Oli [<mark><link="OP17-021">OP17-021</link></mark>] for Counter 2000
RZ1|628|2|OP17-021|1|3|6|20|1|1|0|0|0
RZ1|CHK|628|2|19|5|5|0|0|5|21|0|1|5
Charlotte Smoothie [<mark><link="OP17-106">OP17-106</link></mark>][8000] vs Shanks [<mark><link="OP17-020">OP17-020</link></mark>][9000]
Attack Fails
[BigRato​#5650] Attach 1 Don to Charlotte Linlin [<mark><link="OP17-099">OP17-099</link></mark>] (1 Total)
RZ1|629|1|Don|5|2|9|9900|1|1|0|0|0
RZ1|CHK|629|1|1|2|3|7|0|2|37|0|1|8
[BigRato​#5650] Attach 1 Don to Charlotte Linlin [<mark><link="OP17-099">OP17-099</link></mark>] (2 Total)
RZ1|630|1|Don|5|1|9|9901|1|1|0|0|0
RZ1|CHK|630|1|1|2|3|7|0|1|37|0|1|9
[BigRato​#5650] Attach 1 Don to Charlotte Linlin [<mark><link="OP17-099">OP17-099</link></mark>] (3 Total)
RZ1|631|1|Don|5|0|9|9902|1|1|0|0|0
RZ1|CHK|631|1|1|2|3|7|0|0|37|0|1|10
[BigRato​#5650] Charlotte Linlin [<mark><link="OP17-099">OP17-099</link></mark>] attacking Shanks [<mark><link="OP17-020">OP17-020</link></mark>]
[LifeisSoup​#5268] Hongo [<mark><link="OP17-029">OP17-029</link></mark>] Blocks
RZ1|632|2|OP17-029|2|4|6|21|1|1|0|0|0
RZ1|CHK|632|2|19|5|4|0|0|5|22|0|1|5
Charlotte Linlin [<mark><link="OP17-099">OP17-099</link></mark>][8000] vs Hongo [<mark><link="OP17-029">OP17-029</link></mark>][4000]
[LifeisSoup​#5268] Hongo [<mark><link="OP17-029">OP17-029</link></mark>] Destroyed
[BigRato​#5650] Hand: [OP17-116,OP17-107]
[BigRato​#5650] Board: [OP17-106,OP17-113,OP17-110]
[BigRato​#5650] Trash: [OP17-103,OP17-106,OP17-102,OP17-114,OP17-108,OP17-114,OP17-107,EB04-058,OP17-106,OP17-114,OP16-119,OP17-104,OP17-113,OP17-109,EB01-056,OP17-117,OP17-102,OP17-110,OP17-103,OP17-109,OP17-103,EB01-056,OP16-119,OP17-117,OP17-115,OP17-115,OP17-104,OP17-108,EB04-058,EB04-058,OP17-109,OP17-112,OP17-104,OP17-110,OP17-109,OP17-112,OP17-108]
[BigRato​#5650] Life: 7
[LifeisSoup​#5268] Hand: [OP17-021,ST16-004,ST32-002,OP13-031,ST32-001]
[LifeisSoup​#5268] Trash: [OP17-033,OP17-033,ST32-002,OP17-028,OP17-029,OP17-036,OP17-033,OP17-037,ST32-001,OP17-031,OP17-027,ST16-004,OP17-036,OP17-027,OP17-032,ST32-002,OP17-038,OP17-032,OP17-031,OP17-029,OP17-021,OP17-029]
[LifeisSoup​#5268] Board: [OP17-022,OP17-022,ST16-004,OP17-022]
[LifeisSoup​#5268] Life: 0
[BigRato​#5650] End Turn
RZ1|633|2|Don|9|9900|5|0|1|1|1|0|0
RZ1|CHK|633|2|19|5|4|0|0|6|22|0|1|4
RZ1|634|2|Don|9|9900|5|0|1|1|1|0|0
RZ1|CHK|634|2|19|5|4|0|0|7|22|0|1|3
RZ1|635|2|Don|9|9900|5|0|1|1|1|0|0
RZ1|CHK|635|2|19|5|4|0|0|8|22|0|1|2
RZ1|636|2|Don|9|9900|5|0|1|1|1|0|0
RZ1|CHK|636|2|19|5|4|0|0|9|22|0|1|1
RZ1|637|2|Don|9|9900|5|0|1|1|1|0|0
RZ1|CHK|637|2|19|5|4|0|0|10|22|0|1|0
[LifeisSoup​#5268] Draw 1 Card
[LifeisSoup​#5268] Drew card from deck: Yasopp [<mark><link="OP17-031">OP17-031</link></mark>]
RZ1|638|2|OP17-031|0|18|1|5|0|1|0|0|0
RZ1|CHK|638|2|18|6|4|0|0|10|22|0|1|0
RZ1|639|2|Don|5|0|5|0|1|1|1|0|0
RZ1|CHK|639|2|18|6|4|0|0|10|22|0|1|0
RZ1|640|2|Don|5|1|5|1|1|1|1|0|0
RZ1|CHK|640|2|18|6|4|0|0|10|22|0|1|0
RZ1|641|2|Don|5|2|5|2|1|1|1|0|0
RZ1|CHK|641|2|18|6|4|0|0|10|22|0|1|0
RZ1|642|2|Don|5|3|5|3|1|1|1|0|0
RZ1|CHK|642|2|18|6|4|0|0|10|22|0|1|0
RZ1|643|2|Don|5|4|5|4|1|1|1|0|0
RZ1|CHK|643|2|18|6|4|0|0|10|22|0|1|0
RZ1|644|2|Don|5|5|5|5|1|1|1|0|0
RZ1|CHK|644|2|18|6|4|0|0|10|22|0|1|0
[LifeisSoup​#5268] Deploy Trafalgar Law [<mark><link="OP13-031">OP13-031</link></mark>]
RZ1|645|2|OP13-031|1|3|2|4|1|1|0|0|0
RZ1|CHK|645|2|18|5|5|0|0|10|22|0|1|0
[LifeisSoup​#5268] Trafalgar Law [<mark><link="OP13-031">OP13-031</link></mark>]: Return Shanks [<mark><link="OP17-022">OP17-022</link></mark>] to Hand
RZ1|646|2|OP17-022|2|3|1|5|1|1|0|0|0
RZ1|CHK|646|2|18|6|4|0|0|10|22|0|1|0
RZ1|647|2|OP17-031|1|4|2|4|1|1|1|0|0
RZ1|CHK|647|2|18|5|5|0|0|10|22|0|1|0
[LifeisSoup​#5268] Trafalgar Law [<mark><link="OP13-031">OP13-031</link></mark>]: Deploy Yasopp [<mark><link="OP17-031">OP17-031</link></mark>]
[LifeisSoup​#5268] Drew card from deck: Rockstar [<mark><link="OP17-034">OP17-034</link></mark>]
RZ1|648|2|OP17-034|0|17|1|5|0|1|0|0|0
RZ1|CHK|648|2|17|6|5|0|0|10|22|0|1|0
[LifeisSoup​#5268] Yasopp [<mark><link="OP17-031">OP17-031</link></mark>]: Draw 1 Card
[LifeisSoup​#5268] Yasopp [<mark><link="OP17-031">OP17-031</link></mark>]: Rest Streusen [<mark><link="OP17-113">OP17-113</link></mark>]
[LifeisSoup​#5268] Attach 3 Don to Shanks [<mark><link="OP17-020">OP17-020</link></mark>] (3 Total)
RZ1|649|2|Don|5|9|9|9900|1|1|0|0|0
RZ1|CHK|649|2|17|6|5|0|0|9|22|0|1|1
RZ1|650|2|Don|5|8|9|9901|1|1|0|0|0
RZ1|CHK|650|2|17|6|5|0|0|8|22|0|1|2
RZ1|651|2|Don|5|7|9|9902|1|1|0|0|0
RZ1|CHK|651|2|17|6|5|0|0|7|22|0|1|3
[LifeisSoup​#5268] Shanks [<mark><link="OP17-020">OP17-020</link></mark>] attacking Streusen [<mark><link="OP17-113">OP17-113</link></mark>]
Shanks [<mark><link="OP17-020">OP17-020</link></mark>][8000] vs Streusen [<mark><link="OP17-113">OP17-113</link></mark>][2000]
[BigRato​#5650] Streusen [<mark><link="OP17-113">OP17-113</link></mark>] Destroyed
RZ1|652|1|OP17-113|2|1|6|37|1|1|0|0|0
RZ1|CHK|652|1|1|2|2|7|0|0|38|0|1|10
[LifeisSoup​#5268] <b><size=24>Isnt this fun?</size></b>
[LifeisSoup​#5268] Shanks [<mark><link="OP17-022">OP17-022</link></mark>] attacking Charlotte Smoothie [<mark><link="OP17-106">OP17-106</link></mark>]
Shanks [<mark><link="OP17-022">OP17-022</link></mark>][12000] vs Charlotte Smoothie [<mark><link="OP17-106">OP17-106</link></mark>][4000]
[BigRato​#5650] Charlotte Smoothie [<mark><link="OP17-106">OP17-106</link></mark>] Destroyed
RZ1|653|1|Don|9|0|5|0|1|1|1|0|0
RZ1|CHK|653|1|1|2|2|7|0|1|38|0|1|9
RZ1|654|1|Don|9|0|5|0|1|1|1|0|0
RZ1|CHK|654|1|1|2|2|7|0|2|38|0|1|8
RZ1|655|1|Don|9|0|5|0|1|1|1|0|0
RZ1|CHK|655|1|1|2|2|7|0|3|38|0|1|7
RZ1|656|1|Don|9|0|5|0|1|1|1|0|0
RZ1|CHK|656|1|1|2|2|7|0|4|38|0|1|6
RZ1|657|1|OP17-106|2|0|6|38|1|1|0|0|0
RZ1|CHK|657|1|1|2|1|7|0|4|39|0|1|6
[LifeisSoup​#5268] Shanks [<mark><link="OP17-022">OP17-022</link></mark>] attacking Charlotte Perospero [<mark><link="OP17-110">OP17-110</link></mark>]
Shanks [<mark><link="OP17-022">OP17-022</link></mark>][12000] vs Charlotte Perospero [<mark><link="OP17-110">OP17-110</link></mark>][4000]
[BigRato​#5650] Charlotte Perospero [<mark><link="OP17-110">OP17-110</link></mark>] Destroyed
RZ1|658|1|Don|9|0|5|0|1|1|1|0|0
RZ1|CHK|658|1|1|2|1|7|0|5|39|0|1|5
RZ1|659|1|Don|9|0|5|0|1|1|1|0|0
RZ1|CHK|659|1|1|2|1|7|0|6|39|0|1|4
RZ1|660|1|Don|9|0|5|0|1|1|1|0|0
RZ1|CHK|660|1|1|2|1|7|0|7|39|0|1|3
RZ1|661|1|OP17-110|2|0|6|39|1|1|0|0|0
RZ1|CHK|661|1|1|2|0|7|0|7|40|0|1|3
[LifeisSoup​#5268] Yasopp [<mark><link="OP17-031">OP17-031</link></mark>]: Set Shanks [<mark><link="OP17-022">OP17-022</link></mark>] to Active
[LifeisSoup​#5268] End Turn
[BigRato​#5650] Hand: [OP17-116,OP17-107]
[BigRato​#5650] Board: []
[BigRato​#5650] Trash: [OP17-103,OP17-106,OP17-102,OP17-114,OP17-108,OP17-114,OP17-107,EB04-058,OP17-106,OP17-114,OP16-119,OP17-104,OP17-113,OP17-109,EB01-056,OP17-117,OP17-102,OP17-110,OP17-103,OP17-109,OP17-103,EB01-056,OP16-119,OP17-117,OP17-115,OP17-115,OP17-104,OP17-108,EB04-058,EB04-058,OP17-109,OP17-112,OP17-104,OP17-110,OP17-109,OP17-112,OP17-108,OP17-113,OP17-106,OP17-110]
[BigRato​#5650] Life: 7
[LifeisSoup​#5268] Hand: [OP17-021,ST16-004,ST32-002,ST32-001,OP17-022,OP17-034]
[LifeisSoup​#5268] Trash: [OP17-033,OP17-033,ST32-002,OP17-028,OP17-029,OP17-036,OP17-033,OP17-037,ST32-001,OP17-031,OP17-027,ST16-004,OP17-036,OP17-027,OP17-032,ST32-002,OP17-038,OP17-032,OP17-031,OP17-029,OP17-021,OP17-029]
[LifeisSoup​#5268] Board: [OP17-022,OP17-022,ST16-004,OP13-031,OP17-031]
[LifeisSoup​#5268] Life: 0
RZ1|662|1|Don|9|9900|5|0|1|1|1|0|0
RZ1|CHK|662|1|1|2|0|7|0|8|40|0|1|2
RZ1|663|1|Don|9|9900|5|0|1|1|1|0|0
RZ1|CHK|663|1|1|2|0|7|0|9|40|0|1|1
RZ1|664|1|Don|9|9900|5|0|1|1|1|0|0
RZ1|CHK|664|1|1|2|0|7|0|10|40|0|1|0
[BigRato​#5650] Draw 1 Card
[BigRato​#5650] Drew card from deck: Streusen [<mark><link="OP17-113">OP17-113</link></mark>]
RZ1|665|1|OP17-113|0|0|1|2|1|1|0|0|0
RZ1|CHK|665|1|0|3|0|7|0|10|40|0|1|0
[BigRato​#5650] Is Out of Cards, Loses the Game!